,open,high,low,close,adj_close,volume
1998-01-02,34.4400,34.4400,33.3100,33.7500,13.0206,105000
1998-01-05,33.9400,33.9400,32.6900,33.0000,12.7313,142300
1998-01-06,31.1300,31.1900,28.5000,30.2500,11.6703,329350
1998-01-07,30.5000,32.9400,29.5600,32.9400,12.7081,301650
1998-01-08,31.3800,31.5000,30.9400,31.0000,11.9597,219450
1998-01-09,30.0000,30.0000,28.0000,29.8800,11.5276,386150
1998-01-12,28.5000,29.7500,27.0600,27.3800,10.5631,278600
1998-01-13,27.6300,28.3800,26.7500,27.0000,10.4165,399350
1998-01-14,27.0600,27.7500,26.1300,27.0000,10.4165,395150
1998-01-15,26.5000,27.6900,26.5000,26.6900,10.2969,246950
1998-01-16,27.5000,28.1300,27.0000,28.0000,10.8023,309850
1998-01-20,28.5000,29.4400,28.1300,29.4400,11.3578,342350
1998-01-21,28.5000,29.0600,28.0600,29.0000,11.1881,243300
1998-01-22,27.5000,27.5000,24.5000,24.8100,9.5716,377150
1998-01-23,25.0000,25.5000,23.2500,23.8800,9.2128,403700
1998-01-26,24.1300,25.0000,22.7500,25.0000,9.6449,462900
1998-01-27,25.0000,26.0000,24.8800,25.7500,9.9343,435150
1998-01-28,25.8800,26.0000,25.1300,25.9400,10.0076,295550
1998-01-29,26.2500,28.1900,26.2500,27.8100,10.7290,540300
1998-01-30,27.3100,27.4400,26.1300,26.5000,10.2236,110450
1998-02-02,28.0000,28.0600,26.8800,27.1900,10.4898,426850
1998-02-03,27.1900,28.1900,27.1900,28.1900,10.8756,365650
1998-02-04,28.2500,29.7500,28.2500,29.6900,11.4543,383700
1998-02-05,30.0000,32.0000,30.0000,31.3800,12.1063,495500
1998-02-06,31.4400,32.2500,31.4400,32.0000,12.3455,304400
1998-02-09,32.0000,32.0600,30.7500,31.3800,12.1063,186550
1998-02-10,31.2500,31.4400,30.0000,30.2500,11.6703,151600
1998-02-11,30.4400,30.4400,29.5000,29.5000,11.3810,104150
1998-02-12,29.5600,29.7500,28.3100,28.3800,10.9489,393350
1998-02-13,28.3800,29.4400,28.2500,29.4400,11.3578,299650
1998-02-17,29.6900,29.6900,27.5000,27.7500,10.7059,370500
1998-02-18,27.8800,28.2500,27.6900,28.2500,10.8988,477100
1998-02-19,28.4400,29.1900,27.6900,28.8100,11.1148,202150
1998-02-20,28.6900,29.0000,28.2500,28.3800,10.9489,217600
1998-02-23,27.8800,27.8800,25.9400,26.1900,10.1040,182200
1998-02-24,26.0000,27.0000,26.0000,26.3100,10.1503,213350
1998-02-25,26.5000,27.1300,26.0000,26.2500,10.1272,272150
1998-02-26,26.5000,27.6900,26.5000,27.0000,10.4165,578000
1998-02-27,27.1900,28.0000,27.0600,28.0000,10.8023,337450
1998-03-02,27.7500,28.8800,27.6300,28.6300,11.0454,255600
1998-03-03,28.6300,32.0000,28.6300,31.0600,11.9828,753100
1998-03-04,31.0000,32.6300,30.0000,31.4400,12.1294,771400
1998-03-05,31.1900,32.2500,30.6900,31.3100,12.0793,124100
1998-03-06,31.5000,32.3100,30.0000,30.4400,11.7436,200950
1998-03-09,30.0000,30.0000,28.6300,28.8100,11.1148,209950
1998-03-10,28.6300,29.6300,28.5600,29.3800,11.3347,143150
1998-03-11,29.4400,30.8100,29.4400,30.3800,11.7205,224800
1998-03-12,30.1300,30.4400,29.7500,30.2500,11.6703,237100
1998-03-13,30.0000,30.2500,29.2500,29.3100,11.3077,55100
1998-03-16,29.4400,29.5600,28.2500,28.8800,11.1418,64000
1998-03-17,28.6300,28.7500,25.8800,27.0000,10.4165,338800
1998-03-18,27.0000,27.6300,26.2500,27.4400,10.5863,901050
1998-03-19,28.0000,28.1300,26.7500,27.4400,10.5863,535300
1998-03-20,27.9400,29.1300,27.6300,29.0600,11.2112,321400
1998-03-23,32.0000,32.0000,30.7500,31.6300,12.2027,463250
1998-03-24,31.5000,31.5600,31.0000,31.3800,12.1063,152950
1998-03-25,31.6300,31.9400,30.9400,31.5000,12.1526,212700
1998-03-26,31.7500,34.2500,31.3100,34.0000,13.1171,257050
1998-03-27,34.2500,34.2500,32.3800,33.5600,12.9473,324250
1998-03-30,32.0000,33.1900,32.0000,32.8100,12.6580,146400
1998-03-31,32.5000,32.9400,31.8100,32.9400,12.7081,256300
1998-04-01,33.0000,34.9400,33.0000,34.3800,13.2637,216700
1998-04-02,34.3100,34.7500,34.3100,34.3100,13.2367,113450
1998-04-03,34.5000,34.5600,33.6900,33.9400,13.0939,57800
1998-04-06,33.7500,34.0000,33.3100,33.5600,12.9473,119100
1998-04-07,33.3100,33.7500,33.1900,33.5600,12.9473,357000
1998-04-08,33.5000,34.0000,33.5000,34.0000,13.1171,86950
1998-04-09,34.1900,35.0000,34.1900,35.0000,13.5029,130950
1998-04-13,35.0000,35.6900,34.8800,35.4400,13.6726,213800
1998-04-14,35.5000,37.0000,35.1900,36.9400,14.2513,184450
1998-04-15,36.9400,38.9400,36.9400,38.9400,15.0229,303200
1998-04-16,38.1900,38.5000,37.8800,37.8800,14.6140,284700
1998-04-17,37.8800,39.2500,36.3800,39.2500,15.1425,416450
1998-04-20,39.0000,39.6300,38.7500,39.1900,15.1194,161600
1998-04-21,39.3800,40.4400,39.1300,39.6300,15.2891,233200
1998-04-22,39.6300,40.1300,39.1300,39.1900,15.1194,209250
1998-04-23,39.1900,39.5600,38.3100,38.5600,14.8763,138500
1998-04-24,38.4400,38.6300,37.0000,37.3100,14.3941,109700
1998-04-27,36.5000,36.6900,35.5000,36.0000,13.8887,104600
1998-04-28,36.8800,37.3100,36.6900,37.2500,14.3709,130100
1998-04-29,37.0600,38.1300,37.0000,38.1300,14.7104,157700
1998-04-30,39.1300,39.1300,37.5600,37.9400,14.6371,148600
1998-05-01,37.9400,39.2500,37.5600,39.1300,15.0962,222000
1998-05-04,39.3800,39.5000,37.6900,37.6900,14.5407,121550
1998-05-05,37.6900,39.4400,37.6900,39.0000,15.0461,124650
1998-05-06,40.1900,40.1900,38.6300,38.6300,14.9033,268250
1998-05-07,38.6900,38.6900,37.5600,37.5600,14.4905,37800
1998-05-08,37.6300,39.2500,37.5600,39.2500,15.1425,93050
1998-05-11,39.8800,39.8800,38.3100,38.5000,14.8532,131400
1998-05-12,39.5000,39.6300,38.8800,39.3100,15.1657,196750
1998-05-13,39.1900,40.0000,38.9400,39.4400,15.2158,131300
1998-05-14,38.8800,39.7500,38.7500,39.0600,15.0692,153600
1998-05-15,39.0600,39.8800,39.0000,39.7500,15.3354,282700
1998-05-18,39.9400,40.3800,36.6300,37.2500,14.3709,526800
1998-05-19,37.2500,38.0000,35.5000,35.5600,13.7189,408650
1998-05-20,35.6300,35.7500,33.5000,33.7500,13.0206,185300
1998-05-21,33.9400,34.1300,33.5600,33.8800,13.0708,171550
1998-05-22,34.0000,34.5000,33.5000,34.5000,13.3100,85500
1998-05-26,34.3800,34.5000,33.5600,33.7500,13.0206,121450
1998-05-27,33.5000,33.7500,33.0000,33.6300,12.9743,182850
1998-05-28,33.6300,35.3100,33.4400,35.1300,13.5530,113000
1998-05-29,35.1300,35.2500,34.5600,34.9400,13.4797,85150
1998-06-01,34.8800,35.0600,34.5000,34.7500,13.4064,200300
1998-06-02,34.6300,34.9400,34.6300,34.9400,13.4797,209800
1998-06-03,34.8800,35.0000,34.5600,34.7500,13.4064,99150
1998-06-04,34.7500,35.9400,34.7500,35.9400,13.8655,164800
1998-06-05,36.0600,36.6900,36.0600,36.5600,14.1047,71300
1998-06-08,36.6300,36.6300,34.8100,34.8800,13.4566,131200
1998-06-09,34.8800,35.3800,34.6300,34.6900,13.3833,158350
1998-06-10,34.5600,34.6200,32.3700,32.7500,12.6348,193950
1998-06-11,32.7500,33.0000,28.8800,30.0000,11.5739,310400
1998-06-12,29.8800,31.4400,29.0000,31.1900,12.0330,233450
1998-06-15,30.9400,30.9400,28.5000,28.7500,11.0916,99600
1998-06-16,29.0000,29.1900,26.7500,27.3100,10.5361,455700
1998-06-17,27.8100,28.6300,27.7500,27.8800,10.7560,152700
1998-06-18,28.0600,28.1300,26.3800,26.4400,10.2005,276600
1998-06-19,26.1900,26.9400,25.9400,25.9400,10.0076,139850
1998-06-22,26.0600,27.6900,26.0600,27.5000,10.6094,216500
1998-06-23,27.7500,29.3800,27.7500,29.0600,11.2112,349800
1998-06-24,30.0600,30.6300,27.9400,28.2500,10.8988,184450
1998-06-25,28.3800,28.8800,26.5000,27.0000,10.4165,178000
1998-06-26,26.8800,27.3100,25.8800,26.0000,10.0307,78650
1998-06-29,26.1300,27.3800,26.1300,27.0000,10.4165,172000
1998-06-30,27.8800,28.1300,26.7500,26.8100,10.3432,240550
1998-07-01,27.1900,28.4400,27.0600,28.2500,10.8988,161600
1998-07-02,28.0600,29.1300,27.8100,29.1300,11.2383,115000
1998-07-06,31.0000,31.0000,27.6900,28.1300,10.8525,212350
1998-07-07,28.6900,28.7500,26.3800,26.4400,10.2005,158350
1998-07-08,26.8100,27.8800,26.7500,27.1900,10.4898,104150
1998-07-09,27.2500,27.4400,26.0000,26.0000,10.0307,103050
1998-07-10,26.4400,26.4400,25.8800,26.2500,10.1272,372300
1998-07-13,26.1300,26.1300,24.5000,24.9400,9.6218,358850
1998-07-14,25.1900,25.8100,24.8800,25.8100,9.9574,357550
1998-07-15,26.7500,27.0000,26.1300,26.5000,10.2236,1507700
1998-07-16,26.5000,26.5000,25.5600,25.6300,9.8880,272900
1998-07-17,25.6300,26.1900,25.5000,25.9400,10.0076,130300
1998-07-20,25.9400,25.9400,24.7500,24.7500,9.5485,187400
1998-07-21,24.5600,25.6300,24.2500,24.6300,9.5022,159900
1998-07-22,24.6900,24.6900,23.8100,24.3800,9.4057,200500
1998-07-23,24.5000,24.5000,22.5000,22.9400,8.8502,248650
1998-07-24,23.3800,23.3800,22.0000,22.0000,8.4875,168550
1998-07-27,21.8800,22.9400,21.7500,22.6900,8.7537,138650
1998-07-28,22.8100,23.2500,22.4400,22.5600,8.7036,66650
1998-07-29,22.5600,22.6300,20.1300,21.1900,8.1750,143850
1998-07-30,21.4400,22.4400,21.3100,22.1300,8.5377,172800
1998-07-31,22.3100,22.4400,21.0600,21.0600,8.1249,82400
1998-08-03,20.8800,21.0600,20.5000,20.6900,7.9821,259400
1998-08-04,20.8100,20.8100,19.6900,19.8800,7.6696,410000
1998-08-05,19.7500,20.1300,17.3100,18.0600,6.9675,261700
1998-08-06,17.0000,17.9400,16.1900,17.9400,6.9212,646450
1998-08-07,18.0000,20.5600,18.0000,20.5600,7.9320,559950
1998-08-10,20.0000,20.0000,18.1300,18.5600,7.1604,244000
1998-08-11,17.0000,17.5000,16.3800,17.0600,6.5817,225000
1998-08-12,17.0000,17.5000,16.3800,16.9400,6.5354,535650
1998-08-13,16.2500,16.6300,14.5600,14.8800,5.7407,600100
1998-08-14,14.9400,14.9400,13.6900,14.1300,5.4513,242450
1998-08-17,14.0000,14.0000,12.4400,12.8800,4.9691,353900
1998-08-18,13.0000,13.3800,11.6300,11.6300,4.4868,768000
1998-08-19,12.0000,12.3100,11.6900,12.0600,4.6527,1240200
1998-08-20,11.8800,12.5000,11.5600,12.3100,4.7492,1013950
1998-08-21,11.7500,12.0000,10.8800,11.8100,4.5563,650650
1998-08-24,11.8100,12.0000,10.5000,11.0000,4.2438,409800
1998-08-25,10.6900,10.6900,9.3130,9.7500,3.7615,1754650
1998-08-26,9.6250,9.9380,9.3130,9.6250,3.7133,409450
1998-08-27,9.5000,9.5000,8.7500,9.0000,3.4722,564350
1998-08-28,9.1250,9.1250,8.5000,8.6880,3.3518,251300
1998-08-31,8.8130,8.8750,7.7500,7.7500,2.9899,578450
1998-09-01,7.6250,9.0000,7.6250,8.6250,3.3275,466200
1998-09-02,8.5630,9.7500,8.5630,9.0630,3.4965,391500
1998-09-03,8.9380,9.4380,8.8130,9.3750,3.6168,350450
1998-09-04,9.4380,10.6900,9.1880,10.3800,4.0046,727500
1998-09-08,10.6300,10.9400,9.9380,10.0600,3.8811,603650
1998-09-09,10.0000,10.7500,9.8750,10.2500,3.9544,433200
1998-09-10,10.0000,11.7500,10.0000,11.6300,4.4868,659950
1998-09-11,12.2500,12.7500,11.5000,11.8100,4.5563,415550
1998-09-14,12.0000,12.6300,11.9400,12.2500,4.7260,615250
1998-09-15,12.2500,13.3800,12.0000,12.5000,4.8225,479650
1998-09-16,12.6300,13.7500,12.6300,13.0000,5.0154,372050
1998-09-17,12.5000,12.6900,12.2500,12.5000,4.8225,458800
1998-09-18,12.5000,12.6300,12.2500,12.5000,4.8225,773300
1998-09-21,12.1300,12.3800,11.8800,11.9400,4.6064,156900
1998-09-22,12.0000,12.0000,11.0600,11.3800,4.3904,519450
1998-09-23,11.7500,12.4400,11.7500,12.2500,4.7260,438400
1998-09-24,12.2500,12.2500,11.8800,11.8800,4.5833,367850
1998-09-25,11.8800,11.8800,11.0600,11.0600,4.2669,269400
1998-09-28,11.0600,11.4400,11.0000,11.2500,4.3402,581800
1998-09-29,11.5000,12.8800,11.5000,12.5600,4.8456,419750
1998-09-30,12.7500,12.9400,12.2500,12.3800,4.7762,590100
1998-10-01,12.3800,12.5000,12.0000,12.1300,4.6797,234350
1998-10-02,12.0000,12.1900,11.8800,12.0000,4.6296,87400
1998-10-05,12.0600,12.0600,10.7500,11.3100,4.3634,260050
1998-10-06,11.3100,11.6300,11.3100,11.3800,4.3904,84750
1998-10-07,11.2500,11.2500,9.7500,10.8100,4.1705,293750
1998-10-08,10.2500,10.3800,9.3130,9.5630,3.6894,360550
1998-10-09,9.6880,10.1300,9.5000,10.1300,3.9081,129100
1998-10-12,10.2500,10.6900,10.0000,10.1900,3.9313,117800
1998-10-13,10.1300,10.2500,9.5000,9.6250,3.7133,85850
1998-10-14,9.6880,9.6880,9.0000,9.6250,3.7133,81200
1998-10-15,9.6250,10.1900,9.0000,9.7500,3.7615,206500
1998-10-16,9.8750,11.1900,9.8130,10.5000,4.0509,286900
1998-10-19,10.3100,11.2500,10.3100,10.5600,4.0740,298550
1998-10-20,11.0000,11.8100,11.0000,11.1300,4.2939,253750
1998-10-21,11.3800,14.0000,11.3100,13.6300,5.2584,473750
1998-10-22,13.7500,15.4400,13.4400,15.2500,5.8834,732150
1998-10-23,15.3100,16.0000,14.9400,15.0000,5.7869,536550
1998-10-26,15.1300,16.6900,15.0000,16.5000,6.3656,544750
1998-10-27,16.5000,16.6900,15.2500,15.5000,5.9798,443400
1998-10-28,15.0000,15.9400,14.1300,15.6900,6.0531,213600
1998-10-29,15.8100,16.4400,15.3800,15.6300,6.0300,129950
1998-10-30,15.6900,16.1900,15.5000,15.8800,6.1264,92950
1998-11-02,15.8800,17.7500,15.8800,17.6900,6.8247,415100
1998-11-03,17.4400,17.4400,16.5000,17.0000,6.5585,137850
1998-11-04,17.0000,17.8800,16.5600,17.5600,6.7746,196500
1998-11-05,17.5600,17.6900,16.5000,17.0000,6.5585,297000
1998-11-06,16.6300,17.5000,16.5600,17.3800,6.7051,459800
1998-11-09,17.5000,17.6900,15.5000,15.9400,6.1496,545050
1998-11-10,15.7500,15.7500,13.8100,14.2500,5.4976,264050
1998-11-11,14.6300,14.8800,13.1300,13.7500,5.3047,154600
1998-11-12,13.7500,14.6300,13.7500,14.2500,5.4976,211800
1998-11-13,14.2500,14.7500,13.8800,13.8800,5.3549,58550
1998-11-16,13.8800,14.3800,12.5600,12.7500,4.9189,258850
1998-11-17,12.9400,13.2500,12.5000,13.0000,5.0154,266400
1998-11-18,13.0600,13.1300,12.0600,12.0600,4.6527,470100
1998-11-19,12.2500,12.8800,12.1300,12.1900,4.7029,196650
1998-11-20,12.2500,12.9400,12.0600,12.3800,4.7762,236350
1998-11-23,12.3100,12.5000,11.8800,11.8800,4.5833,278800
1998-11-24,11.7500,12.0000,10.8100,10.9400,4.2206,391700
1998-11-25,11.0600,11.4400,11.0600,11.3700,4.3865,172100
1998-11-27,11.4400,11.4400,10.7500,10.9400,4.2206,147600
1998-11-30,10.5000,10.5000,9.5630,9.8750,3.8097,317850
1998-12-01,9.6250,10.0000,9.1250,9.6250,3.7133,667950
1998-12-02,9.9380,9.9380,8.8130,8.8130,3.4000,252100
1998-12-03,8.6250,9.3750,8.2500,8.8750,3.4239,546850
1998-12-04,8.4380,9.6250,8.3750,9.5630,3.6894,446600
1998-12-07,9.9380,10.6300,9.8750,10.5600,4.0740,234650
1998-12-08,11.0600,11.5000,10.1300,10.5000,4.0509,244300
1998-12-09,10.5000,10.8100,10.0000,10.5000,4.0509,130850
1998-12-10,10.3100,10.5000,10.1900,10.2500,3.9544,208500
1998-12-11,10.0000,10.5600,9.7500,10.0000,3.8580,165800
1998-12-14,10.1300,11.0000,10.0600,10.8100,4.1705,233900
1998-12-15,10.1300,11.1900,10.1300,10.1300,3.9081,147850
1998-12-16,10.5600,11.5000,10.2500,10.8800,4.1975,880450
1998-12-17,11.3100,11.3800,10.5000,10.7500,4.1473,421950
1998-12-18,10.8100,10.9400,10.1300,10.2500,3.9544,139300
1998-12-21,10.1900,10.3100,9.7500,10.0000,3.8580,96950
1998-12-22,10.0000,10.3800,10.0000,10.1900,3.9313,158900
1998-12-23,10.1900,10.5600,10.0600,10.5000,4.0509,168000
1998-12-24,10.6300,10.6300,10.3100,10.3800,4.0046,55550
1998-12-28,10.5000,10.7500,10.1300,10.3100,3.9776,159150
1998-12-29,10.1900,10.3100,10.0000,10.2500,3.9544,121450
1998-12-30,10.1300,10.4400,10.0000,10.1900,3.9313,199400
1998-12-31,10.1300,11.2500,10.0000,11.1900,4.3171,199200
1999-01-04,11.2500,11.7500,10.6300,11.6900,4.5100,187300
1999-01-05,11.5600,11.6300,10.8800,10.9400,4.2206,115350
1999-01-06,11.0600,12.0000,10.8800,11.8800,4.5833,270800
1999-01-07,11.6300,12.3100,11.2500,12.2500,4.7260,264150
1999-01-08,12.5600,12.6900,12.1300,12.5600,4.8456,223150
1999-01-11,12.6300,13.6900,12.6300,13.6300,5.2584,218450
1999-01-12,13.2500,13.2500,12.2500,12.4400,4.7993,280150
1999-01-13,11.7500,11.8800,11.3800,11.3800,4.3904,164800
1999-01-14,11.3800,11.7500,11.3100,11.4400,4.4135,147600
1999-01-15,11.3800,11.5600,11.3800,11.4400,4.4135,70850
1999-01-19,11.8800,11.8800,11.2500,11.8800,4.5833,166450
1999-01-20,12.0000,12.2500,11.7500,12.1900,4.7029,264500
1999-01-21,11.9400,12.5000,11.6900,11.6900,4.5100,222600
1999-01-22,11.9400,12.0000,11.5000,11.5600,4.4598,57800
1999-01-25,11.5600,11.6900,10.9400,11.0000,4.2438,62750
1999-01-26,10.8800,11.1300,10.3800,10.5000,4.0509,70000
1999-01-27,10.5000,10.7500,9.9380,10.0600,3.8811,157150
1999-01-28,10.1900,10.3800,9.9380,10.0600,3.8811,65650
1999-01-29,10.1900,10.1900,9.7500,9.7500,3.7615,67000
1999-02-01,9.7500,10.0600,9.6250,9.9380,3.8340,53700
1999-02-02,9.8750,10.1900,9.8130,10.1300,3.9081,62650
1999-02-03,10.0000,10.6300,9.9380,10.5000,4.0509,105000
1999-02-04,10.5600,10.7500,10.1900,10.3800,4.0046,51900
1999-02-05,10.2500,10.3100,10.0000,10.2500,3.9544,113450
1999-02-08,10.0000,10.5600,10.0000,10.5000,4.0509,99150
1999-02-09,10.6300,10.6300,10.1300,10.1300,3.9081,71200
1999-02-10,10.1300,10.5000,10.0600,10.2500,3.9544,78850
1999-02-11,10.2500,10.2500,9.9380,10.0600,3.8811,235000
1999-02-12,10.0000,10.1300,9.8750,9.8750,3.8097,468350
1999-02-16,10.0000,10.0000,9.0630,9.3750,3.6168,142400
1999-02-17,9.2500,9.3130,8.5000,8.7500,3.3757,268250
1999-02-18,9.0000,9.1250,8.7500,8.9380,3.4482,127300
1999-02-19,9.0630,9.0630,8.7500,8.8130,3.4000,156050
1999-02-22,8.9380,9.3130,8.8130,9.0000,3.4722,88300
1999-02-23,9.0000,9.0000,8.7500,8.8130,3.4000,120000
1999-02-24,8.8130,9.0000,8.7500,8.7500,3.3757,35500
1999-02-25,8.7500,9.1880,8.7500,8.8750,3.4239,132200
1999-02-26,9.1250,9.1250,8.7500,8.8750,3.4239,85050
1999-03-01,9.1250,9.1250,8.8750,8.8750,3.4239,56350
1999-03-02,9.0630,9.0630,8.8750,8.9380,3.4482,26850
1999-03-03,9.0630,9.4380,9.0000,9.3750,3.6168,137050
1999-03-04,9.3130,9.8750,9.0630,9.8750,3.8097,185850
1999-03-05,10.0000,10.2500,9.7500,9.8750,3.8097,88400
1999-03-08,9.8750,10.3800,9.8750,9.8750,3.8097,171000
1999-03-09,9.8750,9.8750,9.3130,9.3130,3.5929,165150
1999-03-10,9.5000,10.6300,9.5000,10.5600,4.0740,914950
1999-03-11,10.9400,11.3800,10.6300,10.7500,4.1473,546750
1999-03-12,11.0000,11.6900,11.0000,11.2500,4.3402,337250
1999-03-15,11.3800,11.3800,10.6900,10.7500,4.1473,128550
1999-03-16,10.6900,10.9400,10.2500,10.3100,3.9776,113550
1999-03-17,10.4400,11.4400,10.4400,11.2500,4.3402,342900
1999-03-18,11.3800,11.7500,11.3100,11.4400,4.4135,181000
1999-03-19,11.5600,11.6300,11.0000,11.1900,4.3171,104250
1999-03-22,11.3100,11.8100,10.7500,11.1300,4.2939,276150
1999-03-23,11.0000,11.0000,10.6900,10.7500,4.1473,89600
1999-03-24,10.8100,11.1900,10.6300,10.7500,4.1473,81300
1999-03-25,10.6300,11.0000,10.5000,11.0000,4.2438,155700
1999-03-26,11.2500,11.5600,11.1300,11.2500,4.3402,408550
1999-03-29,11.6900,12.8100,11.6300,12.8100,4.9421,765900
1999-03-30,12.6300,12.6300,11.7500,12.3800,4.7762,229800
1999-03-31,12.1300,12.1300,11.5000,11.5600,4.4598,255500
1999-04-01,11.4400,11.7500,10.9400,11.1900,4.3171,220700
1999-04-05,11.2500,11.8800,11.0000,11.1900,4.3171,123650
1999-04-06,11.3100,11.6300,10.7500,11.0000,4.2438,98800
1999-04-07,11.0000,11.0000,10.0000,10.2500,3.9544,171450
1999-04-08,10.3800,10.6300,10.0600,10.5000,4.0509,367200
1999-04-09,10.6300,11.7500,10.6300,11.5000,4.4367,174650
1999-04-12,11.3800,11.3800,10.8100,11.1300,4.2939,76200
1999-04-13,11.1300,11.5600,11.1300,11.3800,4.3904,118650
1999-04-14,11.3800,11.4400,11.0000,11.0000,4.2438,136500
1999-04-15,11.1300,12.0000,10.5000,11.7500,4.5331,183300
1999-04-16,11.6300,13.0000,11.6300,12.6900,4.8958,353200
1999-04-19,13.0000,13.5600,12.6300,13.1300,5.0655,580000
1999-04-20,13.1900,13.1900,12.0000,13.1300,5.0655,265600
1999-04-21,13.0600,14.5000,13.0600,13.8100,5.3278,320600
1999-04-22,13.5600,13.8100,13.0000,13.5600,5.2314,356550
1999-04-23,13.5600,13.5600,12.5600,12.6300,4.8726,100500
1999-04-26,12.5000,12.5000,12.0600,12.1300,4.6797,94500
1999-04-27,12.1900,12.6300,11.8800,12.6300,4.8726,175650
1999-04-28,12.5000,13.4400,12.5000,13.0000,5.0154,331500
1999-04-29,13.1300,13.6900,12.5000,13.5600,5.2314,285000
1999-04-30,13.7500,13.7500,12.9400,13.0000,5.0154,92700
1999-05-03,12.8800,14.1300,12.8800,13.6900,5.2816,149600
1999-05-04,13.5600,14.0000,13.4400,13.5600,5.2314,308200
1999-05-05,13.5000,14.1300,13.3800,14.1300,5.4513,271350
1999-05-06,13.7500,14.2500,13.6300,14.2500,5.4976,243750
1999-05-07,14.0000,14.1300,13.4400,13.5000,5.2083,241200
1999-05-10,13.2500,13.7500,13.0000,13.0000,5.0154,482950
1999-05-11,13.0000,13.0000,12.5600,12.8100,4.9421,348550
1999-05-12,12.7500,13.3100,12.5600,12.5600,4.8456,149400
1999-05-13,12.6300,13.1300,12.6300,12.9400,4.9922,262850
1999-05-14,12.9400,13.1300,12.6300,12.6900,4.8958,125850
1999-05-17,12.7500,13.1900,12.5000,12.5600,4.8456,92800
1999-05-18,12.3100,12.5000,12.2500,12.3100,4.7492,86050
1999-05-19,12.0600,13.1300,12.0600,12.6300,4.8726,303100
1999-05-20,12.6900,13.0000,12.5600,12.8100,4.9421,146600
1999-05-21,12.8100,12.8800,12.6900,12.8800,4.9691,223150
1999-05-24,12.8100,13.0600,12.7500,12.7500,4.9189,148600
1999-05-25,12.7500,12.8800,12.7500,12.7500,4.9189,52350
1999-05-26,12.8100,13.0000,12.7500,12.9400,4.9922,229250
1999-05-27,12.8800,12.8800,12.2500,12.2500,4.7260,62100
1999-05-28,12.2500,12.3100,12.0600,12.0600,4.6527,11550
1999-06-01,12.5600,12.5600,11.8100,11.8100,4.5563,63450
1999-06-02,11.8800,12.3800,11.7500,11.8800,4.5833,98350
1999-06-03,12.0000,12.2500,11.8100,12.1300,4.6797,740900
1999-06-04,12.2500,12.2500,11.7500,12.0000,4.6296,99900
1999-06-07,12.0600,12.4400,11.8100,12.3800,4.7762,403250
1999-06-08,12.3100,12.6300,12.0000,12.6100,4.8649,225250
1999-06-09,12.5000,12.5000,12.2500,12.4400,4.7993,350350
1999-06-10,12.3800,12.5000,12.2500,12.4400,4.7993,95950
1999-06-11,12.3800,12.7500,12.2500,12.6300,4.8726,260750
1999-06-14,12.6900,12.6900,12.2500,12.5000,4.8225,181750
1999-06-15,12.5000,12.6300,12.3800,12.5000,4.8225,189850
1999-06-16,12.5000,12.5000,12.1300,12.2500,4.7260,137950
1999-06-17,12.3100,12.5000,12.1900,12.5000,4.8225,251750
1999-06-18,12.5000,12.7500,12.3800,12.6300,4.8726,136400
1999-06-21,12.6900,12.7500,12.1900,12.1900,4.7029,153600
1999-06-22,12.0600,12.1900,11.9400,12.0000,4.6296,57000
1999-06-23,12.1300,12.3800,11.9400,12.1900,4.7029,348550
1999-06-24,12.1900,12.3100,12.0600,12.1300,4.6797,850150
1999-06-25,11.7500,12.1900,11.5600,12.1900,4.7029,315200
1999-06-28,12.0600,12.0600,11.6300,11.6900,4.5100,103600
1999-06-29,11.8100,11.9400,11.6300,11.7500,4.5331,175350
1999-06-30,11.7500,14.0000,11.6900,14.0000,5.4012,956400
1999-07-01,13.5000,13.5600,13.0000,13.3800,5.1620,228450
1999-07-02,13.4400,13.7500,13.3800,13.5000,5.2083,208800
1999-07-06,13.6300,14.2500,13.6300,13.8800,5.3549,167900
1999-07-07,13.7500,14.0600,13.7500,13.9400,5.3780,199600
1999-07-08,14.3800,15.0000,14.3800,14.8100,5.7136,447500
1999-07-09,14.8800,15.0000,14.6300,14.8100,5.7136,184650
1999-07-12,14.9400,16.2500,14.9400,15.8800,6.1264,432300
1999-07-13,15.8800,16.0600,15.5600,16.0000,6.1727,690550
1999-07-14,16.0000,16.3100,15.8800,16.0000,6.1727,85600
1999-07-15,16.2500,16.4400,16.0000,16.4400,6.3425,213700
1999-07-16,16.4400,16.5000,16.2500,16.4400,6.3425,1098600
1999-07-19,16.6900,16.6900,16.0000,16.2500,6.2692,108250
1999-07-20,16.8800,16.8800,15.6900,15.9400,6.1496,228000
1999-07-21,15.8100,15.8800,15.2500,15.4400,5.9567,237450
1999-07-22,15.4400,15.8100,15.1900,15.6300,6.0300,252200
1999-07-23,15.5000,15.8100,15.5000,15.8100,6.0994,73750
1999-07-26,15.5600,15.6900,15.0000,15.1900,5.8602,70550
1999-07-27,14.7500,15.3800,14.6300,15.1900,5.8602,157050
1999-07-28,15.1300,15.9400,15.1300,15.7500,6.0763,104150
1999-07-29,15.6300,15.6900,15.1900,15.5600,6.0030,69850
1999-07-30,15.6900,16.0000,15.6300,15.9400,6.1496,61550
1999-08-02,15.9400,15.9400,15.5600,15.6900,6.0531,38350
1999-08-03,15.6900,15.6900,15.3800,15.6300,6.0300,94050
1999-08-04,15.7500,15.9400,15.5000,15.8800,6.1264,67550
1999-08-05,15.9400,15.9400,15.6900,15.7500,6.0763,145300
1999-08-06,15.6900,16.1300,15.6900,16.1300,6.2229,202300
1999-08-09,16.1900,17.1900,16.1300,17.1300,6.6087,383600
1999-08-10,17.1900,17.1900,16.8800,16.8800,6.5122,124000
1999-08-11,16.8800,17.9400,16.8800,17.8100,6.8710,346650
1999-08-12,17.8100,18.0000,17.6300,17.7500,6.8479,138850
1999-08-13,17.8100,17.8800,17.5000,17.6300,6.8016,110700
1999-08-16,17.3800,17.5600,17.0000,17.0600,6.5817,59650
1999-08-17,17.1900,18.0000,17.1300,17.9400,6.9212,121100
1999-08-18,18.0000,18.0000,17.7500,17.8800,6.8980,71300
1999-08-19,17.9400,18.1300,17.8800,18.0600,6.9675,180200
1999-08-20,18.0000,18.1900,18.0000,18.0000,6.9443,217700
1999-08-23,18.0000,18.0000,17.6900,17.6900,6.8247,155050
1999-08-24,17.6900,17.7500,17.6300,17.6900,6.8247,207600
1999-08-25,17.8100,18.0000,17.0000,17.1900,6.6318,312400
1999-08-26,17.1300,17.1300,16.8800,17.0600,6.5817,162250
1999-08-27,16.9400,17.0600,16.9400,16.9400,6.5354,160600
1999-08-30,16.9400,17.0000,16.9400,16.9400,6.5354,101150
1999-08-31,16.9400,17.1300,16.8800,17.0000,6.5585,145850
1999-09-01,17.0600,17.3800,17.0600,17.1300,6.6087,147500
1999-09-02,17.0600,17.2500,16.9400,17.1900,6.6318,53450
1999-09-03,17.2500,17.3100,16.9700,17.3100,6.6781,183850
1999-09-07,17.5600,17.6900,17.2500,17.5000,6.7514,277450
1999-09-08,17.2500,17.5600,17.2500,17.3800,6.7051,105450
1999-09-09,17.4400,18.0000,17.4400,18.0000,6.9443,106000
1999-09-10,18.0000,18.1300,17.8100,18.0600,6.9675,129400
1999-09-13,18.0000,18.5000,17.9400,18.1900,7.0176,177000
1999-09-14,18.2500,18.2500,17.6900,17.8100,6.8710,333700
1999-09-15,17.8100,18.0600,17.7500,17.9400,6.9212,109150
1999-09-16,18.0000,18.1300,18.0000,18.0000,6.9443,54450
1999-09-17,18.0000,18.1300,18.0000,18.0600,6.9675,58900
1999-09-20,18.0000,18.0600,17.5600,17.5600,6.7746,110250
1999-09-21,17.5600,17.5600,16.9400,17.0600,6.5817,239450
1999-09-22,17.1900,17.2500,16.9400,16.9400,6.5354,89700
1999-09-23,17.0000,17.1300,16.7500,16.8100,6.4852,105150
1999-09-24,16.8800,16.8800,16.1300,16.5000,6.3656,143150
1999-09-27,16.5000,16.6900,16.1900,16.4400,6.3425,179900
1999-09-28,16.5600,16.5600,15.6900,15.7500,6.0763,104000
1999-09-29,15.9400,16.3100,15.9400,16.1900,6.2460,265700
1999-09-30,16.0600,16.4400,15.8800,16.4400,6.3425,107450
1999-10-01,16.3800,16.3800,16.0000,16.0000,6.1727,22300
1999-10-04,16.0600,16.0600,15.5600,15.5600,6.0030,32150
1999-10-05,15.5000,15.5000,14.6300,14.8100,5.7136,93250
1999-10-06,14.6900,15.0000,14.4400,14.8100,5.7136,110900
1999-10-07,14.9400,14.9400,13.3100,13.3800,5.1620,558500
1999-10-08,13.5000,13.5000,12.0000,12.5000,4.8225,768450
1999-10-11,12.7500,13.1300,12.5000,13.1300,5.0655,447950
1999-10-12,14.1300,14.1300,13.3100,13.3100,5.1350,700900
1999-10-13,13.4400,13.9400,13.4400,13.6300,5.2584,404650
1999-10-14,13.7500,14.0000,13.3800,13.8100,5.3278,255850
1999-10-15,13.4400,13.4400,13.0000,13.2500,5.1118,336800
1999-10-18,13.1300,13.1900,13.0600,13.1300,5.0655,146850
1999-10-19,13.1300,13.2500,13.0000,13.0000,5.0154,270600
1999-10-20,13.0600,13.0600,12.9400,13.0000,5.0154,71750
1999-10-21,13.0600,13.1900,12.8800,13.0600,5.0385,157050
1999-10-22,13.2500,13.8800,13.2500,13.8100,5.3278,252400
1999-10-25,13.8100,13.8100,13.6300,13.6900,5.2816,206600
1999-10-26,13.6300,13.7500,13.6300,13.6300,5.2584,192300
1999-10-27,13.6300,13.6900,13.5000,13.6300,5.2584,125450
1999-10-28,13.5600,13.6300,13.4400,13.5600,5.2314,321850
1999-10-29,13.5000,13.5600,13.4400,13.5600,5.2314,152150
1999-11-01,13.5600,13.5600,13.3100,13.3800,5.1620,144500
1999-11-02,13.3800,13.4400,13.3100,13.3100,5.1350,139500
1999-11-03,13.3100,13.3100,13.1300,13.1300,5.0655,94600
1999-11-04,13.1300,14.1300,13.0600,13.6300,5.2584,388500
1999-11-05,13.5600,13.6900,12.8100,12.9400,4.9922,208250
1999-11-08,12.9400,13.4400,12.8100,13.3100,5.1350,178200
1999-11-09,13.4400,14.1300,13.4400,14.1300,5.4513,317050
1999-11-10,14.1300,14.8800,14.1300,14.4400,5.5709,271600
1999-11-11,14.4400,14.4400,13.9400,13.9400,5.3780,135850
1999-11-12,13.9400,14.4400,13.7500,14.3100,5.5207,175100
1999-11-15,14.3800,15.0000,14.3100,14.9400,5.7638,236900
1999-11-16,14.9400,15.0600,14.8100,15.0000,5.7869,374400
1999-11-17,15.1300,15.5000,15.1300,15.3800,5.9336,193950
1999-11-18,15.3800,15.8100,15.2500,15.8100,6.0994,278450
1999-11-19,16.2500,16.5000,15.7500,15.8100,6.0994,227350
1999-11-22,15.8100,16.3100,15.8100,16.0600,6.1959,316300
1999-11-23,16.0000,16.0000,15.0000,15.3100,5.9065,300650
1999-11-24,15.2500,15.5000,15.0000,15.3800,5.9336,255500
1999-11-26,15.4400,15.4400,15.1300,15.1300,5.8371,133750
1999-11-29,15.1900,15.1900,14.1900,14.3800,5.5478,164800
1999-11-30,14.2500,14.6300,14.2500,14.2500,5.4976,218700
1999-12-01,14.3100,14.9400,14.1900,14.9400,5.7638,191300
1999-12-02,14.8100,15.0000,14.6900,14.7500,5.6905,284450
1999-12-03,14.8800,15.0600,14.0000,14.2500,5.4976,264600
1999-12-06,14.6300,14.6300,14.0000,14.0000,5.4012,246650
1999-12-07,14.0600,14.0600,13.4400,13.5600,5.2314,121300
1999-12-08,13.5000,13.9400,13.0600,13.8800,5.3549,510350
1999-12-09,13.9400,14.0000,13.5000,13.5600,5.2314,102250
1999-12-10,13.2500,13.3100,13.0600,13.1300,5.0655,236750
1999-12-13,13.0600,13.5000,13.0600,13.1900,5.0887,105600
1999-12-14,13.3100,13.4400,12.5000,13.3800,5.1620,239000
1999-12-15,13.3800,13.8100,13.3800,13.5000,5.2083,221350
1999-12-16,13.5600,13.8100,13.4400,13.8100,5.3278,77300
1999-12-17,13.6900,13.6900,13.6900,13.6900,5.2816,89150
1999-12-20,13.8100,13.8100,13.0000,13.3100,5.1350,80750
1999-12-21,13.1900,13.8100,13.1900,13.7500,5.3047,70750
1999-12-22,13.6300,13.9400,13.6300,13.8800,5.3549,61450
1999-12-23,13.8100,14.0000,13.7500,14.0000,5.4012,144500
1999-12-27,14.2500,14.9400,14.1900,14.7500,5.6905,155150
1999-12-28,14.7500,14.9400,14.7500,14.7500,5.6905,70850
1999-12-29,14.8100,15.5600,14.7500,15.5000,5.9798,230100
1999-12-30,15.5600,15.5600,15.0000,15.0000,5.7869,106450
1999-12-31,15.1300,15.6900,14.9400,15.6900,6.0531,50900
2000-01-03,15.5600,15.6200,14.2500,14.6300,5.6442,100500
2000-01-04,14.0600,14.3100,14.0000,14.2500,5.4976,182650
2000-01-05,14.1300,14.6300,14.0000,14.6300,5.6442,114650
2000-01-06,14.5000,15.3100,14.2500,15.0600,5.8101,209700
2000-01-07,15.0600,16.1300,15.0600,16.1300,6.2229,443950
2000-01-10,16.0000,16.0000,15.8100,16.0000,6.1727,140600
2000-01-11,15.9400,16.0600,15.8100,16.0000,6.1727,297750
2000-01-12,16.0000,16.0000,15.3100,15.3100,5.9065,112550
2000-01-13,15.4400,16.4400,15.4400,15.9400,6.1496,233000
2000-01-14,16.0000,16.2500,15.8100,16.2500,6.2692,318850
2000-01-18,16.1900,16.9400,15.9400,16.8800,6.5122,618700
2000-01-19,17.2500,18.9400,17.1900,18.6900,7.2105,849050
2000-01-20,18.7500,18.8100,18.4400,18.4400,7.1141,642100
2000-01-21,18.4400,21.5000,18.4400,20.2500,7.8124,640900
2000-01-24,20.2500,20.8800,20.1300,20.5000,7.9088,580250
2000-01-25,20.5600,21.5000,20.4400,21.3100,8.2213,386150
2000-01-26,21.2500,21.5000,20.5000,21.3800,8.2483,436150
2000-01-27,21.4400,21.7500,19.4400,19.7500,7.6195,805600
2000-01-28,19.8100,20.0000,18.8800,19.0600,7.3533,146050
2000-01-31,19.0600,19.7500,18.7500,18.7500,7.2337,203850
2000-02-01,19.2500,19.6900,18.6300,19.1300,7.3803,253300
2000-02-02,19.6300,20.3100,19.2500,19.5000,7.5230,259400
2000-02-03,19.5000,19.7500,19.3100,19.5000,7.5230,48550
2000-02-04,19.5000,19.5000,18.5000,18.9400,7.3070,366100
2000-02-07,18.9400,19.6900,18.8800,19.6900,7.5963,205500
2000-02-08,19.6900,20.1300,18.8800,19.5000,7.5230,144950
2000-02-09,19.3800,19.6900,18.9400,19.1900,7.4034,165350
2000-02-10,19.0000,25.0000,18.8800,23.5000,9.0662,1661950
2000-02-11,23.5600,24.5000,22.6900,23.5000,9.0662,794150
2000-02-14,22.1300,22.9400,21.8100,22.0600,8.5107,806350
2000-02-15,22.3800,23.1900,21.9400,22.9400,8.8502,497050
2000-02-16,22.9400,24.2500,22.9400,23.1300,8.9235,320600
2000-02-17,23.4400,23.6900,22.5600,22.8100,8.8000,222800
2000-02-18,22.8800,23.0000,22.2500,22.5000,8.6804,166150
2000-02-22,22.5600,22.6300,21.8800,22.5600,8.7036,165550
2000-02-23,22.5600,22.5600,21.5000,21.9400,8.4644,103900
2000-02-24,21.1300,22.5600,21.0600,22.5600,8.7036,233100
2000-02-25,22.5600,22.6300,22.1300,22.3800,8.6341,322950
2000-02-28,22.1900,22.9400,21.9400,22.8100,8.8000,152500
2000-02-29,22.8100,24.2500,22.8100,24.2500,9.3556,401000
2000-03-01,24.0000,24.7500,23.8800,23.9400,9.2360,560050
2000-03-02,24.6300,27.5000,24.6300,26.7500,10.3201,2820500
2000-03-03,26.6300,26.6300,25.2500,25.9400,10.0076,649300
2000-03-06,25.9400,25.9400,25.4400,25.5000,9.8378,596650
2000-03-07,25.2500,26.1900,24.8100,25.4400,9.8147,803800
2000-03-08,25.0000,25.2500,24.2500,24.7500,9.5485,304750
2000-03-09,24.6300,25.1300,23.7500,25.0000,9.6449,152250
2000-03-10,24.9400,25.6900,24.5600,24.7500,9.5485,459900
2000-03-13,24.1900,25.7500,23.9400,25.5000,9.8378,495500
2000-03-14,24.8100,24.9400,24.0600,24.8100,9.5716,188850
2000-03-15,24.8100,25.3800,23.7500,23.7500,9.1627,414750
2000-03-16,23.5600,27.7500,23.2500,26.5000,10.2236,1126950
2000-03-17,26.5000,26.5600,25.3100,26.1300,10.0809,356550
2000-03-20,25.9400,25.9400,23.9400,25.2500,9.7414,382950
2000-03-21,25.0600,26.0000,25.0600,25.8100,9.9574,504950
2000-03-22,26.0600,29.0000,26.0600,29.0000,11.1881,2224100
2000-03-23,28.7500,28.7500,28.0000,28.3800,10.9489,364300
2000-03-24,28.5000,30.3700,28.5000,29.8700,11.5237,914950
2000-03-27,29.1300,29.6900,28.5000,29.2500,11.2845,693250
2000-03-28,29.1900,29.3800,28.8100,29.0000,11.1881,894500
2000-03-29,29.0000,31.3800,29.0000,31.3800,12.1063,892850
2000-03-30,31.1300,31.6900,30.3800,30.4400,11.7436,291650
2000-03-31,30.4400,31.0000,29.3800,30.8800,11.9134,682600
2000-04-03,30.8800,30.8800,28.9400,30.0000,11.5739,369300
2000-04-04,30.5000,30.5000,26.0000,27.9400,10.7792,616250
2000-04-05,28.1300,28.1300,26.2500,26.2500,10.1272,352000
2000-04-06,26.5000,27.4400,25.8800,27.1900,10.4898,298200
2000-04-07,27.1300,30.5000,27.1300,30.1900,11.6472,748700
2000-04-10,29.9400,29.9400,28.4400,28.8800,11.1418,573450
2000-04-11,28.3800,29.1300,28.3800,28.6900,11.0685,418000
2000-04-12,28.9400,30.1900,28.9400,29.6900,11.4543,641650
2000-04-13,29.8800,29.8800,28.0000,28.0000,10.8023,404900
2000-04-14,28.1300,28.3800,26.8800,27.3100,10.5361,305650
2000-04-17,27.3800,27.3800,24.7500,24.9400,9.6218,353900
2000-04-18,25.1900,26.4400,24.7500,26.3100,10.1503,411750
2000-04-19,26.0600,26.6900,25.5600,25.8800,9.9844,354900
2000-04-20,26.1300,27.1300,26.1300,26.8800,10.3702,634550
2000-04-24,26.8800,27.3100,26.6900,26.9400,10.3934,525800
2000-04-25,26.1900,27.0000,22.5000,24.1300,9.3093,1449700
2000-04-26,24.1300,24.1300,22.6900,22.9400,8.8502,1488600
2000-04-27,22.8100,24.5000,22.5000,23.7500,9.1627,1176200
2000-04-28,24.0000,24.3800,23.4400,23.9400,9.2360,763550
2000-05-01,24.0000,25.1900,23.0000,25.0000,9.6449,371750
2000-05-02,24.7500,26.1300,24.2500,25.0000,9.6449,706000
2000-05-03,25.0600,25.4400,24.5600,24.6300,9.5022,465100
2000-05-04,25.1300,25.2500,24.5000,24.9400,9.6218,578000
2000-05-05,25.0000,25.4400,24.5600,25.2500,9.7414,320700
2000-05-08,25.4400,26.2500,25.0000,25.0000,9.6449,569450
2000-05-09,25.2500,26.0000,25.2500,25.8800,9.9844,218600
2000-05-10,25.9400,26.5000,25.2500,26.3800,10.1773,356750
2000-05-11,25.8800,29.0000,25.8800,28.6900,11.0685,892300
2000-05-12,28.5000,28.8800,27.3100,27.3800,10.5631,802050
2000-05-15,27.4400,28.5000,27.1900,28.1300,10.8525,936900
2000-05-16,28.7500,28.7500,26.9400,28.2500,10.8988,422100
2000-05-17,28.0000,28.7500,27.5000,28.5600,11.0183,357200
2000-05-18,28.6900,28.7500,26.7500,26.7500,10.3201,456450
2000-05-19,27.0000,27.8800,26.8800,27.6300,10.6596,604650
2000-05-22,27.6300,27.6300,26.2500,26.2500,10.1272,219900
2000-05-23,26.3100,27.5000,26.2500,27.3100,10.5361,248100
2000-05-24,27.3100,27.6300,26.7500,27.5600,10.6326,438500
2000-05-25,27.5600,27.7500,26.3800,26.3800,10.1773,188750
2000-05-26,26.9400,26.9400,26.2500,26.2500,10.1272,72650
2000-05-30,26.5000,27.2500,26.1900,26.1900,10.1040,329150
2000-05-31,26.3100,27.6300,26.3100,27.4400,10.5863,425750
2000-06-01,26.1300,26.6300,25.5600,26.2500,10.1272,535100
2000-06-02,26.7500,26.7500,24.7500,24.7500,9.5485,597850
2000-06-05,24.9400,25.0000,23.6300,23.8100,9.1858,303100
2000-06-06,24.0600,25.0600,24.0600,24.1900,9.3324,264600
2000-06-07,24.4400,24.8800,24.0000,24.8800,9.5986,317850
2000-06-08,24.6900,25.1300,23.6900,24.2500,9.3556,438400
2000-06-09,24.5000,24.7500,24.1300,24.3800,9.4057,238300
2000-06-12,25.1300,27.1300,25.1300,26.1900,10.1040,571450
2000-06-13,26.4400,27.8800,26.4400,27.8800,10.7560,673700
2000-06-14,27.8800,28.5600,27.6300,28.1900,10.8756,592750
2000-06-15,28.1900,29.0000,26.8800,28.9400,11.1650,536300
2000-06-16,28.9400,30.6300,28.9400,29.8100,11.5006,968400
2000-06-19,29.8100,30.0000,28.6900,30.0000,11.5739,352000
2000-06-20,29.8800,30.5600,29.6300,30.5600,11.7899,1314850
2000-06-21,31.0000,32.5000,31.0000,31.8800,12.2992,1225100
2000-06-22,32.2500,32.2500,30.9400,31.1300,12.0098,687250
2000-06-23,31.2500,32.1300,31.2500,31.9400,12.3223,459900
2000-06-26,32.2500,32.4400,31.2500,31.8800,12.2992,535000
2000-06-27,31.7500,31.8100,30.9400,31.5000,12.1526,774750
2000-06-28,31.5600,32.0600,31.3800,32.0000,12.3455,699450
2000-06-29,31.9400,32.6300,31.6900,31.7500,12.2490,769850
2000-06-30,32.2500,32.8900,31.6900,32.8900,12.6888,1220550
2000-07-03,33.0000,33.1900,32.7500,33.0000,12.7313,288550
2000-07-05,32.7500,32.7500,31.1300,31.1300,12.0098,531750
2000-07-06,30.6300,31.6600,30.5000,31.0000,11.9597,770000
2000-07-07,31.0000,31.0000,30.1300,30.7500,11.8632,216900
2000-07-10,30.6300,30.8800,29.8800,30.2500,11.6703,202150
2000-07-11,30.6900,31.9400,30.6900,31.8800,12.2992,982250
2000-07-12,31.8800,31.8800,30.7500,31.3100,12.0793,356000
2000-07-13,31.3100,32.1900,31.0000,31.8100,12.2722,329350
2000-07-14,32.2500,32.9400,31.7500,32.6300,12.5885,170800
2000-07-17,32.5600,32.7500,32.2500,32.6900,12.6117,308500
2000-07-18,32.5600,33.6300,32.4400,33.3800,12.8779,546650
2000-07-19,33.2500,33.8800,33.2500,33.6900,12.9975,469450
2000-07-20,33.7500,33.7500,33.0600,33.3800,12.8779,344350
2000-07-21,33.3800,33.5000,32.8800,33.0000,12.7313,450500
2000-07-24,32.7500,32.9400,31.5600,31.8800,12.2992,962700
2000-07-25,31.7500,32.6900,31.6300,31.6900,12.2259,698900
2000-07-26,31.6900,31.8800,30.8100,31.5600,12.1757,379300
2000-07-27,31.5600,32.8800,31.5600,32.8800,12.6850,367950
2000-07-28,33.1300,33.3800,32.7500,33.3100,12.8509,267050
2000-07-31,33.4400,33.7500,32.5600,33.0000,12.7313,378500
2000-08-01,32.9400,34.7500,32.9400,34.4400,13.2868,1179650
2000-08-02,36.0000,37.6300,35.2500,37.4400,14.4442,2090900
2000-08-03,37.2500,37.2500,36.2500,36.3800,14.0353,908050
2000-08-04,36.5000,37.5000,36.0000,37.5000,14.4674,569600
2000-08-07,37.5000,37.5600,36.1300,36.2500,13.9851,505950
2000-08-08,36.0000,36.8100,36.0000,36.7500,14.1780,621500
2000-08-09,37.2500,37.4400,36.8800,37.1300,14.3246,431500
2000-08-10,37.1900,37.1900,36.3100,36.3800,14.0353,185550
2000-08-11,36.0000,36.0000,35.2500,35.3100,13.6225,594750
2000-08-14,35.3100,36.6900,35.3100,36.3800,14.0353,730050
2000-08-15,36.3800,36.8800,35.6900,35.6900,13.7691,625350
2000-08-16,35.0000,35.9400,35.0000,35.9400,13.8655,876350
2000-08-17,36.1300,36.4400,36.0000,36.2500,13.9851,553300
2000-08-18,36.3800,36.3800,35.6300,36.0600,13.9118,305650
2000-08-21,35.9400,36.0000,35.3800,35.6300,13.7459,155150
2000-08-22,35.5000,35.7500,35.3100,35.4400,13.6726,384050
2000-08-23,35.5000,35.6900,35.1900,35.5600,13.7189,442950
2000-08-24,35.5600,35.5600,34.9400,35.3100,13.6225,315400
2000-08-25,35.3100,35.3800,34.6900,35.3800,13.6495,230800
2000-08-28,35.2500,35.6900,34.7500,35.6300,13.7459,775300
2000-08-29,35.6300,35.7500,35.3100,35.5000,13.6958,895750
2000-08-30,35.5000,35.5000,34.6900,35.0000,13.5029,404100
2000-08-31,34.2500,34.9400,34.2500,34.6900,13.3833,252500
2000-09-01,35.1300,35.6300,34.8800,35.5600,13.7189,344100
2000-09-05,34.5600,35.2500,34.5600,34.9400,13.4797,470650
2000-09-06,34.9400,35.6900,34.8100,35.6300,13.7459,981350
2000-09-07,35.5000,35.6300,34.3800,34.8100,13.4296,295100
2000-09-08,34.1900,34.1900,33.5600,34.1900,13.1904,211250
2000-09-11,34.0000,35.6900,34.0000,35.6900,13.7691,569250
2000-09-12,35.8100,36.0000,35.3100,35.4400,13.6726,477550
2000-09-13,35.4400,35.4400,34.6300,34.8800,13.4566,250650
2000-09-14,35.0000,35.0600,34.5600,34.8800,13.4566,276900
2000-09-15,35.1300,35.3100,34.8100,34.8800,13.4566,581250
2000-09-18,34.6300,34.8100,32.7500,33.5000,12.9242,330600
2000-09-19,33.1300,33.5000,32.0000,32.1900,12.4188,346000
2000-09-20,32.2500,32.7500,30.1300,30.5000,11.7668,666950
2000-09-21,29.0000,29.6900,28.0000,28.2500,10.8988,1525300
2000-09-22,28.6300,28.9400,26.7500,27.2500,10.5130,1028050
2000-09-25,27.3100,27.6900,26.1900,27.6300,10.6596,1292200
2000-09-26,29.0000,29.5000,28.1900,29.5000,11.3810,1553400
2000-09-27,30.5000,31.3800,29.5000,31.0600,11.9828,1173200
2000-09-28,31.0600,31.3800,30.3800,31.1300,12.0098,784950
2000-09-29,31.0000,32.3100,31.0000,31.2500,12.0561,854950
2000-10-02,31.2500,32.1300,31.1300,32.0000,12.3455,335050
2000-10-03,32.1300,32.1300,31.5600,31.5600,12.1757,351100
2000-10-04,31.5600,31.5600,29.0600,29.5600,11.4041,624150
2000-10-05,29.3800,29.3800,28.5000,29.3800,11.3347,554050
2000-10-06,29.2500,30.0600,29.0000,29.0600,11.2112,174000
2000-10-09,29.7500,29.8800,28.8800,29.3100,11.3077,265700
2000-10-10,30.3100,32.0600,30.0600,31.8800,12.2992,1028400
2000-10-11,32.7500,34.6300,32.3100,32.8100,12.6580,1044350
2000-10-12,32.8100,34.5600,32.5000,33.1900,12.8046,556700
2000-10-13,33.1300,33.1900,31.0600,31.1900,12.0330,341000
2000-10-16,31.0600,31.0600,30.1900,30.2500,11.6703,168550
2000-10-17,30.3100,30.8800,30.3100,30.6900,11.8401,387600
2000-10-18,30.5000,30.8100,29.6300,30.3800,11.7205,225700
2000-10-19,30.8800,32.4400,30.7500,31.3100,12.0793,585450
2000-10-20,31.3100,32.5600,31.3100,32.1900,12.4188,558500
2000-10-23,32.1900,32.3800,31.0600,31.5000,12.1526,395600
2000-10-24,31.5000,31.7500,30.4400,30.8800,11.9134,477000
2000-10-25,30.7500,30.9400,29.4400,30.1300,11.6240,625600
2000-10-26,30.1300,30.8800,29.0000,30.1900,11.6472,385500
2000-10-27,30.3800,30.4400,28.3100,28.6300,11.0454,299450
2000-10-30,28.7500,28.8800,27.4400,28.2500,10.8988,720500
2000-10-31,28.6300,29.2500,28.5600,29.2500,11.2845,268250
2000-11-01,29.5000,31.3800,29.5000,30.9400,11.9365,433200
2000-11-02,31.0000,31.2500,29.9400,30.0000,11.5739,176100
2000-11-03,29.6900,30.8100,29.5600,29.5600,11.4041,317400
2000-11-06,31.0000,31.0000,28.8100,29.2500,11.2845,381500
2000-11-07,29.5000,30.5600,29.5000,29.9400,11.5507,342800
2000-11-08,30.2500,31.7500,30.2500,31.3100,12.0793,326400
2000-11-09,31.1900,32.0000,29.9400,30.6300,11.8169,574450
2000-11-10,30.5600,31.0600,29.9400,29.9400,11.5507,223700
2000-11-13,30.0000,30.6900,29.5600,30.1300,11.6240,522450
2000-11-14,30.3100,31.2500,30.2500,30.9400,11.9365,374400
2000-11-15,31.8800,33.5000,31.5000,33.2500,12.8277,1320150
2000-11-16,33.3800,34.1900,32.6300,32.6300,12.5885,607600
2000-11-17,32.6900,32.9400,31.5000,32.1300,12.3956,468750
2000-11-20,32.1300,32.4400,32.0000,32.0600,12.3686,505500
2000-11-21,32.0600,35.2500,32.0600,35.0000,13.5029,4925300
2000-11-22,34.5000,34.5600,33.6300,34.2500,13.2135,1680350
2000-11-24,34.2500,35.3800,34.0600,35.0000,13.5029,262050
2000-11-27,35.0000,35.4400,34.1300,34.4400,13.2868,479850
2000-11-28,34.6300,35.8800,34.2500,34.3800,13.2637,971600
2000-11-29,34.4400,34.4400,32.7500,33.0600,12.7544,1608400
2000-11-30,32.8100,33.4400,30.8100,31.8800,12.2992,1167550
2000-12-01,31.7500,34.1300,31.3100,33.0600,12.7544,739050
2000-12-04,33.1900,33.3800,32.7500,32.9400,12.7081,445500
2000-12-05,33.8100,34.0000,33.1300,33.8100,13.0438,399150
2000-12-06,34.5000,34.5000,32.2500,32.4400,12.5152,624700
2000-12-07,33.0000,33.6900,32.8800,33.5600,12.9473,575250
2000-12-08,33.8100,35.7500,33.8100,35.7500,13.7922,732500
2000-12-11,35.7500,36.4400,35.6300,35.9400,13.8655,742500
2000-12-12,35.8800,36.5600,35.3800,35.8800,13.8424,537400
2000-12-13,36.0000,37.0600,35.8100,36.5600,14.1047,1229200
2000-12-14,36.5600,37.1900,34.3100,34.3800,13.2637,998450
2000-12-15,34.8800,36.1300,34.3800,35.5000,13.6958,880450
2000-12-18,35.1300,38.8800,35.1300,38.6900,14.9265,1696200
2000-12-19,38.8800,39.0600,38.0600,38.2500,14.7567,1404450
2000-12-20,37.5000,37.8800,36.5000,36.9400,14.2513,659500
2000-12-21,37.1900,37.2500,36.5000,37.0600,14.2976,582000
2000-12-22,37.6300,37.6900,36.6900,37.4400,14.4442,349450
2000-12-26,36.6200,39.0000,36.6200,38.5000,14.8532,726750
2000-12-27,38.7500,39.1900,38.0000,39.1300,15.0962,1016750
2000-12-28,39.6900,39.6900,38.7500,39.1900,15.1194,1034700
2000-12-29,39.2500,39.4400,38.2500,38.6900,14.9265,400550
2001-01-02,39.2500,39.6900,38.0000,38.2500,14.7567,522100
2001-01-03,38.1900,38.4400,35.3800,36.6300,14.1317,1095900
2001-01-04,36.5000,36.5000,34.9400,35.3100,13.6225,808900
2001-01-05,35.3800,37.0600,35.1900,35.5000,13.6958,413300
2001-01-08,35.3800,36.7500,35.3800,36.0600,13.9118,444800
2001-01-09,36.3800,37.4400,36.3800,36.5600,14.1047,552950
2001-01-10,36.6300,38.0600,36.6300,38.0600,14.6834,405650
2001-01-11,37.8100,38.1300,37.3100,37.3800,14.4211,285550
2001-01-12,37.1900,38.1900,36.9400,36.9400,14.2513,539300
2001-01-16,36.7500,37.1300,35.3800,35.3800,13.6495,563700
2001-01-17,36.2500,36.2500,35.2500,35.2500,13.5993,400250
2001-01-18,35.3800,35.5000,33.1300,33.8100,13.0438,1099550
2001-01-19,34.0000,34.9400,32.8800,34.9400,13.4797,497700
2001-01-22,34.6300,35.1300,34.1300,34.3800,13.2637,295200
2001-01-23,34.4400,35.0600,34.1300,34.4400,13.2868,548500
2001-01-24,34.5600,34.8800,34.0000,34.0000,13.1171,744450
2001-01-25,35.5000,36.5000,35.0000,36.3100,14.0083,1113000
2001-01-26,37.7500,37.8100,35.8100,37.0000,14.2745,706750
2001-01-29,36.4000,37.0400,36.2500,36.7900,14.1935,246400
2001-01-30,36.7900,37.0500,35.3500,36.4000,14.0430,225250
2001-01-31,36.6000,36.9000,36.0000,36.4900,14.0777,375950
2001-02-01,36.4900,36.4900,35.0000,35.1000,13.5415,626350
2001-02-02,35.2300,35.5500,35.1500,35.2400,13.5955,536850
2001-02-05,35.0000,36.4500,35.0000,36.4500,14.0623,520550
2001-02-06,36.7000,38.7000,36.1000,38.7000,14.9303,570350
2001-02-07,38.6000,39.5000,37.8000,39.0100,15.0499,652400
2001-02-08,40.0000,41.2400,39.0300,39.1000,15.0846,1982100
2001-02-09,39.1000,40.2800,39.0200,39.4200,15.2081,726050
2001-02-12,39.4200,39.5600,38.9900,39.2500,15.1425,403550
2001-02-13,39.3500,40.0700,39.0100,39.9400,15.4087,770650
2001-02-14,39.9900,40.6100,39.5500,40.5000,15.6248,1459200
2001-02-15,40.0000,40.1000,39.8000,39.8700,15.3817,1324500
2001-02-16,39.8700,40.9800,39.8700,40.0500,15.4511,745600
2001-02-20,40.7000,40.9000,40.0000,40.0000,15.4319,449500
2001-02-21,40.0100,40.9000,39.5300,39.7000,15.3161,293000
2001-02-22,40.5500,40.5500,39.5000,40.0000,15.4319,1737150
2001-02-23,40.0000,40.7200,36.5000,37.4400,14.4442,1160100
2001-02-26,37.5400,38.7600,37.3000,38.7500,14.9496,810550
2001-02-27,38.3000,38.4500,36.7500,37.5000,14.4674,771000
2001-02-28,37.2500,37.3000,35.9000,36.2000,13.9658,613950
2001-03-01,36.3000,37.2500,36.3000,36.8500,14.2166,653650
2001-03-02,36.5000,38.4100,36.5000,38.4100,14.8184,675050
2001-03-05,38.5000,39.1800,38.3000,38.6700,14.9188,292000
2001-03-06,38.9200,38.9800,38.4000,38.7500,14.9496,521250
2001-03-07,38.9000,39.9000,38.6500,39.7000,15.3161,1008300
2001-03-08,39.7500,40.0500,39.1400,39.9800,15.4241,935450
2001-03-09,40.0000,40.4000,39.9000,39.9400,15.4087,1139600
2001-03-12,40.1800,40.1800,39.3500,39.3600,15.1850,590900
2001-03-13,39.3400,39.3500,37.7600,38.9000,15.0075,688150
2001-03-14,38.5000,39.4000,36.8000,38.3500,14.7953,1601750
2001-03-15,38.3500,38.3500,36.4800,37.0000,14.2745,1415850
2001-03-16,37.0000,38.3000,36.9400,37.6700,14.5330,949650
2001-03-19,37.8700,39.1500,37.7300,39.0000,15.0461,654850
2001-03-20,39.0000,40.7000,38.8500,40.0000,15.4319,1665500
2001-03-21,40.0000,40.0000,38.5500,38.8500,14.9882,876450
2001-03-22,38.9000,38.9000,36.0500,37.4600,14.4519,694550
2001-03-23,37.7000,38.5400,36.6000,38.2500,14.7567,708200
2001-03-26,39.2000,39.2200,38.0700,39.2200,15.1309,523350
2001-03-27,39.1000,39.3000,36.8500,37.0700,14.3015,1258700
2001-03-28,36.9600,36.9600,36.0000,36.0700,13.9157,680150
2001-03-29,36.1000,36.2700,33.4000,33.6500,12.9821,1722050
2001-03-30,33.9800,35.3000,33.9800,34.6300,13.3601,755350
2001-04-02,34.8400,34.8400,31.8500,32.0900,12.3802,941100
2001-04-03,32.1000,33.1500,30.8800,31.0000,11.9597,583550
2001-04-04,31.0000,32.7000,31.0000,32.0300,12.3571,997000
2001-04-05,32.2000,34.0100,31.9500,33.6000,12.9628,503050
2001-04-06,33.5000,34.7000,32.1000,34.0100,13.1209,540850
2001-04-09,33.9000,35.7000,33.9000,35.1800,13.5723,500700
2001-04-10,35.1900,36.6900,34.6500,36.2100,13.9697,522550
2001-04-11,36.4000,36.5500,35.4300,35.8800,13.8424,383600
2001-04-12,36.3000,36.8600,36.0700,36.4500,14.0623,292000
2001-04-16,36.3500,37.3000,36.2500,36.6500,14.1394,315850
2001-04-17,36.8500,36.9200,35.7000,36.8900,14.2320,618400
2001-04-18,35.7500,36.2000,34.2000,34.8000,13.4257,967500
2001-04-19,34.3500,34.3500,33.1900,33.7700,13.0283,1414100
2001-04-20,35.5000,35.5000,34.4000,34.9900,13.4990,954300
2001-04-23,35.8000,36.8000,35.6000,36.3300,14.0160,620250
2001-04-24,36.2000,37.5000,36.1000,36.8000,14.1973,745050
2001-04-25,36.9500,38.0400,36.0500,37.8400,14.5985,453800
2001-04-26,38.0600,39.6000,37.9000,38.8600,14.9921,701800
2001-04-27,39.1000,39.1000,38.0000,38.7900,14.9650,450150
2001-04-30,38.8000,39.9900,38.5800,39.5500,15.2583,499250
2001-05-01,39.7000,39.7500,38.5600,39.0200,15.0538,570050
2001-05-02,37.4000,37.5000,34.4100,35.1200,13.5492,1336550
2001-05-03,34.6000,35.0000,32.7000,33.5000,12.9242,1428700
2001-05-04,33.5000,35.0000,33.5000,35.0000,13.5029,987800
2001-05-07,35.1000,35.7500,33.9000,34.1100,13.1595,477750
2001-05-08,34.0500,34.4300,33.2000,33.5000,12.9242,802450
2001-05-09,34.0000,35.2000,33.9000,35.0000,13.5029,545950
2001-05-10,34.9000,35.4000,34.2000,34.5500,13.3293,326250
2001-05-11,34.5500,34.5500,33.5400,33.9000,13.0785,584650
2001-05-14,34.2000,34.7300,34.1000,34.4900,13.3061,1047250
2001-05-15,34.7200,35.3000,34.7000,35.0000,13.5029,462900
2001-05-16,35.0000,36.1500,35.0000,36.1500,13.9465,502400
2001-05-17,36.3000,37.6500,36.0000,37.5000,14.4674,682500
2001-05-18,37.5000,38.9500,37.5000,37.6000,14.5059,880450
2001-05-21,38.3700,38.3700,36.8000,37.4000,14.4288,523250
2001-05-22,37.5000,37.5000,36.6000,36.8800,14.2282,502700
2001-05-23,36.6800,36.6800,35.7500,36.1300,13.9388,611150
2001-05-24,36.1000,36.1000,34.7500,35.1900,13.5762,390900
2001-05-25,35.6500,36.2000,35.2500,35.6300,13.7459,318850
2001-05-29,35.7000,36.0800,34.5900,34.9000,13.4643,336450
2001-05-30,35.0000,35.0000,32.7500,34.2300,13.2058,889100
2001-05-31,34.1500,34.8000,33.6900,34.5000,13.3100,567050
2001-06-01,34.4900,34.7800,33.7500,34.2100,13.1981,345550
2001-06-04,34.8000,36.3500,34.6000,34.9000,13.4643,419750
2001-06-05,34.8000,34.8000,34.0500,34.2500,13.2135,595200
2001-06-06,33.8000,33.8000,32.1000,32.9900,12.7274,1033250
2001-06-07,33.1500,33.2500,32.0500,32.2600,12.4458,757900
2001-06-08,32.4500,32.4500,31.6000,31.6000,12.1912,687900
2001-06-11,31.9000,32.1500,31.1000,31.2600,12.0600,468550
2001-06-12,31.2600,32.3000,31.2600,32.1500,12.4034,553500
2001-06-13,32.9500,33.5000,32.5500,32.8000,12.6541,732600
2001-06-14,32.2000,32.8300,32.0500,32.3500,12.4805,448800
2001-06-15,32.3500,33.1000,32.0500,32.1600,12.4072,403550
2001-06-18,32.0000,32.1000,31.0700,31.0800,11.9906,318500
2001-06-19,31.2000,31.5000,30.1000,31.3600,12.0986,561950
2001-06-20,32.2500,33.0000,31.4500,32.2100,12.4265,1256500
2001-06-21,32.2100,32.8500,30.8100,30.8800,11.9134,1018150
2001-06-22,31.4000,31.7000,29.8000,30.5000,11.7668,1111550
2001-06-25,30.4000,30.8800,29.8500,30.8000,11.8825,667750
2001-06-26,30.7500,32.0600,30.7300,31.5400,12.1680,530900
2001-06-27,31.5500,31.5500,29.8500,29.9000,11.5353,1522450
2001-06-28,29.7500,29.7500,26.5700,27.3500,10.5515,1877100
2001-06-29,27.3500,28.0000,26.4000,26.8000,10.3393,1841850
2001-07-02,26.8500,27.1000,25.0000,25.7400,9.9304,1274700
2001-07-03,25.7500,26.3500,25.2500,25.2700,9.7491,933000
2001-07-05,25.4000,25.7500,24.9300,25.1500,9.7028,1811000
2001-07-06,25.4000,25.5000,24.0000,25.1500,9.7028,624250
2001-07-09,24.7500,24.9000,24.0000,24.1100,9.3016,825100
2001-07-10,24.3000,24.8500,23.7800,23.7900,9.1781,1021700
2001-07-11,23.0000,23.0000,21.8000,22.6000,8.7190,1574800
2001-07-12,22.3000,22.8000,19.8900,20.4400,7.8857,2868650
2001-07-13,20.8500,21.1200,20.1000,20.7000,7.9860,1342550
2001-07-16,20.4500,20.9000,17.6000,18.0300,6.9559,2255700
2001-07-17,18.2500,18.5000,18.0800,18.3600,7.0832,2096350
2001-07-18,18.2000,18.7000,17.6600,18.3500,7.0794,1392900
2001-07-19,18.5000,18.8000,18.1500,18.4600,7.1218,2133150
2001-07-20,18.7100,19.2600,18.7000,19.0600,7.3533,1527000
2001-07-23,19.2000,19.8600,18.8800,19.5100,7.5269,915350
2001-07-24,19.8600,19.8600,18.3800,18.3900,7.0948,518800
2001-07-25,18.0000,19.6200,18.0000,19.4900,7.5192,1086400
2001-07-26,19.6000,20.0000,19.2000,19.4800,7.5153,1178850
2001-07-27,19.4700,19.4700,18.7500,19.2800,7.4382,915150
2001-07-30,19.4500,19.4500,18.8500,18.9400,7.3070,565350
2001-07-31,19.1000,19.4000,18.8000,19.0000,7.3301,682500
2001-08-01,19.0000,19.2500,18.3500,18.7800,7.2453,1197150
2001-08-02,18.7800,19.0800,18.3100,19.0000,7.3301,606400
2001-08-03,18.6000,18.8000,17.9600,18.0500,6.9636,780300
2001-08-06,18.0500,18.5600,17.8000,18.0100,6.9482,551750
2001-08-07,18.0100,18.0100,17.2000,17.3100,6.6781,709450
2001-08-08,17.4000,17.6100,16.3000,16.3400,6.3039,802700
2001-08-09,16.5000,16.7000,16.0000,16.0900,6.2075,954400
2001-08-10,16.3700,16.7900,16.3700,16.7500,6.4621,1047550
2001-08-13,17.0000,17.0000,16.6700,16.8600,6.5045,578450
2001-08-14,17.1000,17.2500,16.9000,16.9100,6.5238,624700
2001-08-15,16.9700,19.2000,16.9700,18.7600,7.2375,1356850
2001-08-16,18.7700,19.9500,17.8800,18.3900,7.0948,1639100
2001-08-17,18.3900,18.5000,17.8500,18.2500,7.0408,802700
2001-08-20,17.9500,18.0400,17.3200,17.4500,6.7321,520900
2001-08-21,17.5500,17.8700,17.1500,17.2300,6.6473,683050
2001-08-22,18.3000,18.3000,17.2000,17.2700,6.6627,1798800
2001-08-23,17.4700,17.4700,16.6500,16.6500,6.4235,388700
2001-08-24,17.0000,17.0000,16.7000,16.8800,6.5122,338000
2001-08-27,17.2000,17.3500,16.9200,16.9900,6.5547,525800
2001-08-28,17.0000,17.0500,15.9800,15.9800,6.1650,1053000
2001-08-29,15.9900,16.2500,15.4400,15.9700,6.1612,932650
2001-08-30,15.9800,16.0000,15.3500,15.4800,5.9721,756350
2001-08-31,15.4600,15.7000,15.4600,15.5400,5.9953,505950
2001-09-04,15.5200,15.9800,15.2500,15.2500,5.8834,653100
2001-09-05,15.3500,15.4300,14.6600,15.0100,5.7908,913050
2001-09-06,14.9100,15.3600,14.6600,15.1900,5.8602,605300
2001-09-07,15.1500,15.7800,15.1000,15.4300,5.9528,640650
2001-09-10,15.6300,15.7400,15.3200,15.7100,6.0609,755250
2001-09-17,16.4000,16.4000,14.3000,15.1100,5.8294,2258050
2001-09-18,15.1000,15.1100,13.8000,13.8500,5.3433,905150
2001-09-19,14.0300,14.0300,12.4000,13.4500,5.1890,1104350
2001-09-20,13.3500,13.3500,12.8000,12.9800,5.0076,909700
2001-09-21,14.2500,14.2500,12.8900,14.0000,5.4012,1400550
2001-09-24,14.1000,14.2300,13.4000,13.9000,5.3626,1174550
2001-09-25,13.9000,13.9000,13.3500,13.4100,5.1735,647200
2001-09-26,13.3100,13.4000,12.7000,12.9100,4.9806,769850
2001-09-27,12.9000,13.8100,12.7200,13.7600,5.3086,688350
2001-09-28,13.7600,14.8500,13.7600,14.5000,5.5940,1154250
2001-10-01,14.4000,14.4000,13.5400,13.8500,5.3433,339000
2001-10-02,13.9500,14.2000,13.5800,13.8700,5.3510,674250
2001-10-03,14.3600,14.3600,13.5500,14.3000,5.5169,1115550
2001-10-04,15.7700,15.7700,14.6000,15.5600,6.0030,1062650
2001-10-05,15.7500,15.7500,15.0100,15.6500,6.0377,331900
2001-10-08,15.9400,15.9400,15.1100,15.4500,5.9606,327800
2001-10-09,16.0300,16.0300,15.3000,16.0300,6.1843,412900
2001-10-10,16.1500,17.1500,16.0900,17.0400,6.5740,903400
2001-10-11,17.0400,17.7700,17.0400,17.3400,6.6897,846850
2001-10-12,17.5000,17.7500,17.1500,17.3800,6.7051,519250
2001-10-15,17.3800,17.7000,16.6600,16.9500,6.5393,596850
2001-10-16,16.8500,17.9000,16.8500,17.5500,6.7707,512350
2001-10-17,18.0500,18.2300,17.4700,17.5100,6.7553,802450
2001-10-18,17.5500,17.5500,16.6900,16.8500,6.5007,401150
2001-10-19,16.8000,17.5400,16.5500,17.5000,6.7514,349900
2001-10-22,17.5000,18.2700,17.3900,17.9000,6.9058,957200
2001-10-23,18.0000,18.5000,17.6000,17.9900,6.9405,736150
2001-10-24,17.9900,17.9900,17.1800,17.4900,6.7476,772850
2001-10-25,17.3900,18.8500,17.3900,18.7500,7.2337,650100
2001-10-26,18.9500,19.6100,18.6200,19.6000,7.5616,707100
2001-10-29,19.8500,20.7000,19.5100,20.0200,7.7236,914950
2001-10-30,19.5500,19.5500,18.7000,18.7300,7.2260,436950
2001-10-31,18.8000,19.3000,18.0600,18.5200,7.1450,517550
2001-11-01,18.5200,18.5600,17.7000,18.1200,6.9906,645350
2001-11-02,18.2200,18.2500,17.4800,18.0200,6.9521,344900
2001-11-05,17.9400,18.3000,17.2200,17.5100,6.7553,448600
2001-11-06,17.3400,17.4200,16.7000,17.0000,6.5585,740800
2001-11-07,17.6500,17.6500,16.8100,17.2000,6.6357,1123300
2001-11-08,17.4500,18.1900,17.4500,17.8600,6.8903,1854050
2001-11-09,18.3500,19.0500,18.3300,19.0000,7.3301,606300
2001-11-12,19.0000,19.0400,18.0800,19.0000,7.3301,550950
2001-11-13,19.1000,19.7700,18.8200,19.7100,7.6040,939650
2001-11-14,19.4000,19.4000,17.6100,17.7000,6.8286,683250
2001-11-15,16.5000,16.7500,14.7100,15.0900,5.8217,1934750
2001-11-16,15.6500,15.8600,14.9800,15.5000,5.9798,1009850
2001-11-19,15.6000,16.5500,15.0800,16.5000,6.3656,1216000
2001-11-20,17.0100,17.4400,17.0000,17.1400,6.6126,1001850
2001-11-21,17.3000,17.3000,16.1800,16.2900,6.2846,465000
2001-11-23,16.9800,16.9800,16.0000,16.7500,6.4621,218700
2001-11-26,16.7500,16.7700,16.1300,16.3900,6.3232,355750
2001-11-27,16.1900,16.9500,15.9800,16.9000,6.5200,1136150
2001-11-28,16.8900,16.8900,16.3000,16.4000,6.3271,269700
2001-11-29,16.4100,17.0100,16.2500,16.8100,6.4852,570050
2001-11-30,16.9300,17.1400,16.3800,16.7400,6.4582,366200
2001-12-03,17.4000,17.4000,16.3500,17.0300,6.5701,672500
2001-12-04,17.0200,17.6200,16.7700,17.4500,6.7321,765750
2001-12-05,18.0000,18.6500,18.0000,18.4900,7.1334,554850
2001-12-06,18.3900,18.3900,17.4600,17.4600,6.7360,679950
2001-12-07,17.8300,17.8300,16.3200,17.8000,6.8672,967950
2001-12-10,17.8100,17.9100,17.4100,17.6900,6.8247,321700
2001-12-11,17.4500,18.0100,17.3000,17.6600,6.8132,448500
2001-12-12,17.7100,17.8600,17.3800,17.6500,6.8093,264250
2001-12-13,17.4000,18.2100,17.2500,18.1000,6.9829,681150
2001-12-14,18.1500,18.6000,17.9900,18.5700,7.1642,798250
2001-12-17,18.4200,18.8500,17.7500,18.2800,7.0524,625700
2001-12-18,18.4000,18.7600,18.1900,18.3800,7.0909,462900
2001-12-19,18.3500,19.5800,18.3500,19.2600,7.4304,535550
2001-12-20,19.2700,19.5000,18.6300,18.7800,7.2453,343250
2001-12-21,18.5500,19.6100,18.3000,19.3800,7.4767,843600
2001-12-24,19.4400,20.1400,19.4400,19.8800,7.6696,278900
2001-12-26,19.8900,20.8900,19.8900,20.8600,8.0477,473900
2001-12-27,20.8600,20.9900,20.5300,20.6700,7.9744,1016950
2001-12-28,20.7000,21.7100,20.7000,21.0600,8.1249,758450
2001-12-31,20.9200,21.3000,20.6100,20.6100,7.9513,498250
2002-01-02,20.4000,20.4000,18.9000,19.7400,7.6156,694550
2002-01-03,19.9000,19.9000,19.0000,19.0500,7.3494,732050
2002-01-04,19.5000,19.5000,18.9600,19.2500,7.4266,775950
2002-01-07,19.3000,19.5300,19.0400,19.2800,7.4382,411450
2002-01-08,19.2800,19.2800,18.6500,18.7800,7.2453,441250
2002-01-09,18.5000,18.9000,18.3300,18.5500,7.1565,576900
2002-01-10,18.5500,18.5500,18.0300,18.0400,6.9598,462900
2002-01-11,18.0300,18.0300,16.8900,16.9900,6.5547,1198500
2002-01-14,16.9600,16.9600,16.4300,16.7000,6.4428,519900
2002-01-15,16.9200,17.6100,16.9000,17.3000,6.6743,703450
2002-01-16,16.9000,17.3300,16.7100,16.9900,6.5547,730700
2002-01-17,17.0500,17.1900,16.7300,17.1400,6.6126,610600
2002-01-18,17.3100,17.6000,17.1800,17.5100,6.7553,470000
2002-01-22,17.7500,17.8000,17.3800,17.4500,6.7321,587450
2002-01-23,18.3100,18.3100,17.4200,18.3000,7.0601,331800
2002-01-24,18.3000,19.0200,18.3000,18.7200,7.2221,584000
2002-01-25,19.0000,19.3700,18.6200,18.9000,7.2916,404100
2002-01-28,18.9500,18.9500,17.4000,18.0300,6.9559,824650
2002-01-29,18.0300,18.2100,17.5100,17.8500,6.8865,231100
2002-01-30,17.7600,18.8400,17.1100,18.5300,7.1488,366950
2002-01-31,18.4000,19.0600,18.4000,19.0500,7.3494,1041150
2002-02-01,19.3700,19.3700,18.6400,18.6400,7.1912,582450
2002-02-04,18.6000,18.7000,17.8400,17.9600,6.9289,409000
2002-02-05,18.1000,18.1000,17.4200,17.9000,6.9058,395150
2002-02-06,17.9000,18.3900,17.8500,18.2300,7.0331,364550
2002-02-07,18.1000,18.1000,17.3300,17.3500,6.6936,385050
2002-02-08,17.3500,18.0000,17.2600,17.9800,6.9366,458350
2002-02-11,17.9000,18.4000,17.7000,18.3600,7.0832,918700
2002-02-12,18.3600,18.9900,18.3000,18.7800,7.2453,564500
2002-02-13,18.4000,18.9700,18.1300,18.6800,7.2067,568600
2002-02-14,18.6800,19.3800,18.6800,19.1000,7.3687,963950
2002-02-15,19.3000,19.3000,18.9300,19.1200,7.3764,260500
2002-02-19,19.1000,19.1200,18.5500,19.0600,7.3533,837850
2002-02-20,19.4400,19.4400,18.6000,18.8500,7.2723,641000
2002-02-21,19.0500,19.6500,19.0000,19.3000,7.4459,645900
2002-02-22,19.5500,19.9800,19.2800,19.7000,7.6002,954950
2002-02-25,19.7500,20.9800,19.7500,20.8700,8.0516,600500
2002-02-26,21.1000,21.4100,20.6000,21.2000,8.1789,1453550
2002-02-27,21.1900,21.3500,20.8800,20.8800,8.0554,836200
2002-02-28,21.1000,21.3300,20.0000,20.9100,8.0670,510450
2002-03-01,20.8300,21.3000,20.6000,21.1100,8.1442,260400
2002-03-04,21.1100,22.9400,21.1100,22.9200,8.8425,991900
2002-03-05,23.3000,23.3000,22.3900,22.3900,8.6380,670400
2002-03-06,22.3900,23.0300,21.8600,22.7500,8.7769,461800
2002-03-07,23.4500,24.0700,22.5000,23.3600,9.0122,954500
2002-03-08,23.0000,23.4300,22.8400,23.0500,8.8926,654850
2002-03-11,23.1500,23.6100,23.1000,23.3400,9.0045,740900
2002-03-12,23.5000,23.5000,22.9000,23.1700,8.9389,700550
2002-03-13,23.2800,23.6000,22.6700,22.7800,8.7884,696650
2002-03-14,22.7800,22.7800,21.5600,21.9800,8.4798,518450
2002-03-15,22.2000,22.8500,22.0900,22.7000,8.7576,577700
2002-03-18,22.8000,24.8000,22.8000,24.5500,9.4713,814100
2002-03-19,24.7500,24.8500,24.2100,24.6000,9.4906,755800
2002-03-20,24.6000,26.2600,24.0000,25.2300,9.7336,1069200
2002-03-21,25.6500,25.6500,24.6800,25.5100,9.8417,635450
2002-03-22,24.6000,24.8000,23.6000,24.2100,9.3401,910400
2002-03-25,23.5000,24.5000,23.5000,23.5900,9.1009,565800
2002-03-26,23.3500,23.7000,22.6500,23.0000,8.8733,851600
2002-03-27,24.5800,24.5800,23.6500,24.4000,9.4134,827300
2002-03-28,24.6000,25.5100,24.1600,25.3300,9.7722,911600
2002-04-01,26.0800,26.0800,25.5000,26.0500,10.0500,627600
2002-04-02,26.0500,26.8500,25.7600,25.8500,9.9728,862350
2002-04-03,24.8000,25.3000,24.6000,24.8900,9.6025,1033500
2002-04-04,25.0100,25.3000,23.8600,24.0300,9.2707,659950
2002-04-05,24.1700,24.6500,23.7500,24.2900,9.3710,538300
2002-04-08,24.4100,24.9900,23.9000,24.2600,9.3594,458450
2002-04-09,24.2600,24.2600,23.1700,23.3600,9.0122,672850
2002-04-10,23.3700,23.6300,23.0700,23.4000,9.0276,852600
2002-04-11,23.3900,23.8500,23.0000,23.5800,9.0971,437950
2002-04-12,23.5500,23.5600,22.1700,23.2200,8.9582,698350
2002-04-15,23.9000,24.6000,23.6800,23.7900,9.1781,793950
2002-04-16,24.1500,24.9000,24.1000,24.8900,9.6025,1015050
2002-04-17,25.3500,25.8400,25.1600,25.4600,9.8224,589900
2002-04-18,25.5000,26.2500,25.4400,25.7600,9.9381,846150
2002-04-19,25.7600,25.9100,25.2700,25.8500,9.9728,336600
2002-04-22,25.8500,26.2000,25.6000,25.9100,9.9960,600500
2002-04-23,25.7000,26.7700,25.6000,26.5500,10.2429,350100
2002-04-24,26.1000,26.9000,25.8000,26.3000,10.1464,549750
2002-04-25,26.3100,27.3400,26.3100,27.1300,10.4667,656400
2002-04-26,26.6000,27.1300,26.3400,26.8700,10.3664,563350
2002-04-29,26.6200,26.9800,26.3000,26.5600,10.2468,315750
2002-04-30,26.5600,27.0000,26.1200,26.5700,10.2506,342900
2002-05-01,26.3500,27.2000,26.2000,27.1500,10.4744,698550
2002-05-02,27.1500,27.9500,27.0000,27.9500,10.7830,763650
2002-05-03,28.2000,28.8100,28.1000,28.3800,10.9489,989800
2002-05-06,27.8500,27.9000,26.7900,26.7900,10.3355,1091350
2002-05-07,26.8700,27.1000,26.1500,26.1800,10.1002,660500
2002-05-08,26.7000,27.8700,26.7000,27.3800,10.5631,695550
2002-05-09,27.3800,27.3900,26.6200,26.6200,10.2699,527350
2002-05-10,27.0500,27.2500,26.4100,26.5300,10.2352,800350
2002-05-13,26.5000,27.3500,26.1500,27.3200,10.5400,445150
2002-05-14,27.9500,27.9600,27.2100,27.2600,10.5168,610950
2002-05-15,27.1000,27.1100,25.6000,25.6700,9.9034,856500
2002-05-16,25.7000,26.3000,25.7000,25.8500,9.9728,397900
2002-05-17,25.8500,25.8600,24.7500,24.8700,9.5948,647750
2002-05-20,24.8700,24.9600,24.6000,24.7200,9.5369,930450
2002-05-21,24.7200,25.0000,24.4500,24.5500,9.4713,444400
2002-05-22,24.5500,25.5000,24.3900,25.3000,9.7607,558250
2002-05-23,25.5000,25.7500,25.0000,25.0500,9.6642,402250
2002-05-24,25.0600,25.1600,24.6100,24.7600,9.5523,210250
2002-05-28,25.0000,25.2000,24.3000,25.0000,9.6449,510150
2002-05-29,25.0000,25.2400,24.3000,25.0700,9.6719,340450
2002-05-30,25.0000,25.3700,24.6700,24.9900,9.6411,678150
2002-05-31,24.9900,25.5900,24.6800,25.5400,9.8532,416200
2002-06-03,25.5200,25.5300,24.0500,24.0700,9.2861,518450
2002-06-04,24.2000,24.4300,23.0900,24.1500,9.3170,562950
2002-06-05,23.6000,23.6000,22.5000,23.4500,9.0469,843050
2002-06-06,24.2600,24.5000,22.5000,23.2300,8.9621,775200
2002-06-07,23.4500,24.5400,22.7100,24.0900,9.2938,436600
2002-06-10,24.3000,24.5900,23.1000,23.1100,8.9158,328700
2002-06-11,23.1400,23.3600,22.3200,22.4800,8.6727,318500
2002-06-12,22.6000,23.0100,22.5700,22.8500,8.8155,1109800
2002-06-13,22.8500,24.1000,22.6200,23.5600,9.0894,460350
2002-06-14,23.4000,24.2000,22.6000,23.8700,9.2090,415550
2002-06-17,24.4000,24.9000,23.8300,24.0100,9.2630,557250
2002-06-18,24.0000,24.3000,23.2700,23.4600,9.0508,384800
2002-06-19,23.4000,24.0300,23.1000,23.1300,8.9235,479650
2002-06-20,23.2500,23.9100,22.3000,22.8100,8.8000,1020500
2002-06-21,22.5600,22.8300,21.7700,22.1700,8.5531,782750
2002-06-24,22.0000,22.6200,21.7000,22.4900,8.6766,461800
2002-06-25,23.0500,23.1500,22.3100,22.4200,8.6496,473450
2002-06-26,22.0000,22.0000,21.3200,21.7900,8.4065,606850
2002-06-27,22.0300,22.2500,20.9100,21.1600,8.1635,645750
2002-06-28,21.1500,21.5100,21.0400,21.0500,8.1210,815650
2002-07-01,21.0500,21.2900,20.7200,20.9500,8.0824,643550
2002-07-02,20.9500,21.1100,19.8900,20.3200,7.8394,959400
2002-07-03,20.1000,20.6600,19.3700,20.3200,7.8394,612700
2002-07-05,20.5000,21.1400,20.4900,21.0700,8.1287,252750
2002-07-08,21.0800,21.1900,20.2300,20.2400,7.8085,320150
2002-07-09,20.2000,20.6700,20.0000,20.0500,7.7352,552750
2002-07-10,20.5000,20.9600,19.8400,19.9300,7.6889,972150
2002-07-11,19.9300,19.9300,18.0000,18.7000,7.2144,1447150
2002-07-12,18.8500,19.0500,18.4000,18.8000,7.2530,973900
2002-07-15,18.4500,18.8500,17.3000,18.2400,7.0369,934550
2002-07-16,18.0000,18.8500,17.6900,18.4000,7.0987,879000
2002-07-17,18.5000,19.2000,18.2400,18.4800,7.1295,594100
2002-07-18,18.4000,18.9600,18.2800,18.8800,7.2838,629000
2002-07-19,18.6300,18.6300,17.8000,17.8600,6.8903,596200
2002-07-22,17.6100,18.1000,16.0900,16.4600,6.3502,1232750
2002-07-23,16.7100,17.0500,15.6200,16.1100,6.2152,1076400
2002-07-24,15.8000,17.4100,15.5500,17.4000,6.7129,1120100
2002-07-25,17.4000,17.8200,16.7000,16.9500,6.5393,892950
2002-07-26,17.0000,17.1900,16.1800,16.7000,6.4428,673600
2002-07-29,16.5500,17.4500,16.5500,17.3800,6.7051,1208900
2002-07-30,17.3800,17.8400,16.8100,17.6000,6.7900,1139400
2002-07-31,17.5500,17.5500,16.6500,17.2800,6.6666,664050
2002-08-01,17.1500,17.4200,16.1400,16.2500,6.2692,607400
2002-08-02,16.2400,16.3900,15.4500,15.8600,6.1187,882750
2002-08-05,15.8000,16.0600,15.2100,15.4800,5.9721,500700
2002-08-06,15.7300,16.3000,15.7300,16.1500,6.2306,741050
2002-08-07,16.2400,16.3000,15.1900,15.9100,6.1380,775300
2002-08-08,15.6700,17.0000,15.6700,16.9800,6.5508,799350
2002-08-09,16.7300,18.1000,16.2500,18.0500,6.9636,816350
2002-08-12,17.6000,18.9100,17.1300,18.5200,7.1450,741050
2002-08-13,18.5000,18.9000,17.9000,17.9000,6.9058,629000
2002-08-14,18.1400,18.4500,17.6200,18.2200,7.0292,816650
2002-08-15,18.4700,19.5400,18.4700,19.5000,7.5230,933200
2002-08-16,19.4500,19.4600,18.6800,18.9600,7.3147,594750
2002-08-19,19.2000,19.5100,18.6700,19.2000,7.4073,524450
2002-08-20,19.1900,19.1900,18.2800,18.4500,7.1179,380700
2002-08-21,18.4500,18.9000,18.1500,18.6100,7.1797,423300
2002-08-22,18.8500,19.9400,18.5800,19.5600,7.5462,495950
2002-08-23,19.4000,19.6500,18.9400,19.0100,7.3340,546500
2002-08-26,19.2500,19.4200,18.6000,19.3600,7.4690,668400
2002-08-27,19.6100,19.6600,18.7100,18.7600,7.2375,573150
2002-08-28,18.7600,19.2500,18.2600,18.4800,7.1295,364400
2002-08-29,18.4800,18.7000,17.8500,18.7000,7.2144,790700
2002-08-30,18.7200,19.1500,18.7000,18.9200,7.2993,371400
2002-09-03,18.4000,18.4000,17.5000,17.7700,6.8556,816800
2002-09-04,17.8900,18.1700,17.1000,17.7600,6.8517,584200
2002-09-05,17.7000,18.1100,17.3000,17.6000,6.7900,492750
2002-09-06,18.1500,18.5400,17.9900,18.2500,7.0408,416000
2002-09-09,18.0000,18.6500,17.9000,18.4700,7.1257,322700
2002-09-10,18.6000,19.2900,18.5000,19.2500,7.4266,419550
2002-09-11,19.8000,20.0000,19.4400,19.4400,7.4999,706750
2002-09-12,19.0000,19.3700,18.5800,18.5800,7.1681,718950
2002-09-13,18.5800,19.2500,18.4500,18.9200,7.2993,491950
2002-09-16,18.8800,19.4800,18.6500,18.9700,7.3186,386500
2002-09-17,18.5000,18.7500,18.0800,18.0800,6.9752,503250
2002-09-18,18.0000,18.6600,17.9500,18.3500,7.0794,481300
2002-09-19,18.1500,18.6000,17.7000,17.7000,6.8286,314400
2002-09-20,17.8500,18.1900,17.6900,17.8500,6.8865,555850
2002-09-23,18.0000,18.2000,17.5500,17.8800,6.8980,365650
2002-09-24,17.8400,18.0000,17.2800,17.3300,6.6859,663750
2002-09-25,17.5800,18.5400,17.5800,18.5200,7.1450,702750
2002-09-26,18.6100,19.5900,18.5600,19.5400,7.5385,578000
2002-09-27,19.5400,19.6400,18.9600,19.0500,7.3494,593200
2002-09-30,19.0500,19.5600,18.2000,19.3800,7.4767,693550
2002-10-01,19.4300,20.0000,19.1300,19.9700,7.7044,627250
2002-10-02,19.7500,21.3700,19.5700,20.2800,7.8240,947400
2002-10-03,20.2700,20.6300,19.4000,19.8500,7.6581,598200
2002-10-04,19.8900,20.1500,19.1000,19.4100,7.4883,592850
2002-10-07,19.6500,20.0400,19.0000,19.1100,7.3726,525200
2002-10-08,18.9000,19.1900,18.0500,18.8700,7.2800,631350
2002-10-09,18.6200,18.8700,18.2600,18.4000,7.0987,536000
2002-10-10,18.2000,18.6500,17.6900,18.6500,7.1951,551600
2002-10-11,19.3000,19.5600,18.9000,19.5500,7.5423,718100
2002-10-14,19.5500,20.8000,19.4600,20.7300,7.9976,546200
2002-10-15,21.5000,22.4000,21.5000,22.2300,8.5763,955050
2002-10-16,22.2000,22.3000,21.1000,21.3800,8.2483,508150
2002-10-17,21.9000,22.2600,21.5500,22.2600,8.5878,383250
2002-10-18,22.2600,22.4200,21.8300,22.0400,8.5030,360650
2002-10-21,21.8500,22.0700,21.4000,21.9700,8.4759,347650
2002-10-22,21.7200,21.7900,21.0900,21.3200,8.2252,835400
2002-10-23,21.3200,21.9600,20.9000,21.9600,8.4721,723400
2002-10-24,22.1100,22.3900,21.0700,21.0900,8.1364,548950
2002-10-25,21.0600,21.0600,19.6700,20.0000,7.7159,1067850
2002-10-28,20.4000,20.8600,19.8700,20.4500,7.8895,495950
2002-10-29,20.3500,20.4200,19.5500,19.6800,7.5925,520250
2002-10-30,19.8000,21.4000,19.8000,21.1400,8.1557,552950
2002-10-31,21.3400,21.4800,20.5200,20.8500,8.0439,382950
2002-11-01,20.7000,21.9600,20.6000,21.8700,8.4374,415000
2002-11-04,22.0000,22.1700,21.2500,21.5000,8.2946,414000
2002-11-05,21.4000,21.6500,20.9500,21.3500,8.2368,505150
2002-11-06,21.3500,21.9800,21.2400,21.8800,8.4412,553950
2002-11-07,21.8500,22.1000,21.3400,21.4500,8.2753,718200
2002-11-08,21.4900,21.7500,20.9000,21.1200,8.1480,404100
2002-11-11,21.1100,21.5400,20.6200,20.8800,8.0554,238750
2002-11-12,20.9800,21.1800,20.1500,20.3800,7.8625,417200
2002-11-13,20.1500,20.4900,19.5500,19.8800,7.6696,634900
2002-11-14,20.1000,20.9500,20.1000,20.8500,8.0439,425650
2002-11-15,20.6000,20.8000,20.1800,20.3600,7.8548,646650
2002-11-18,20.5000,20.7300,19.8500,20.6200,7.9551,353200
2002-11-19,20.6700,21.0000,20.3500,20.3800,7.8625,202150
2002-11-20,20.4800,21.7800,20.4800,21.7800,8.4026,478650
2002-11-21,21.8300,22.3500,21.6500,22.1100,8.5300,508500
2002-11-22,22.1500,22.1500,21.2700,21.4700,8.2831,350350
2002-11-25,21.5200,21.7200,21.1600,21.3900,8.2522,400550
2002-11-26,21.3900,21.4300,20.5300,20.6000,7.9474,367950
2002-11-27,21.0000,21.3500,20.9100,21.3500,8.2368,283350
2002-11-29,21.4500,22.0000,21.4500,21.7500,8.3911,128100
2002-12-02,22.0000,22.8000,21.7400,22.5900,8.7151,755100
2002-12-03,22.6200,22.9500,22.1800,22.1900,8.5608,717850
2002-12-04,22.2000,22.2000,21.2900,21.5000,8.2946,694550
2002-12-05,21.6000,21.7900,21.2000,21.5800,8.3255,340700
2002-12-06,21.4000,22.1400,21.2800,21.9900,8.4837,392900
2002-12-09,22.1000,22.4900,21.8800,22.0500,8.5068,985700
2002-12-10,22.1500,22.3400,21.6800,22.1600,8.5493,492300
2002-12-11,22.1700,22.3000,21.7300,22.1800,8.5570,399350
2002-12-12,22.4000,22.9100,22.1000,22.9000,8.8347,483850
2002-12-13,23.0000,23.1400,22.2500,22.4600,8.6650,492150
2002-12-16,22.7000,23.1800,22.6600,23.1800,8.9428,384950
2002-12-17,23.1900,23.2500,22.7800,22.9900,8.8695,340450
2002-12-18,22.8500,22.8600,22.1500,22.2100,8.5685,284350
2002-12-19,22.2500,22.8500,22.2500,22.3900,8.6380,365550
2002-12-20,22.4300,23.2600,22.2500,23.2600,8.9736,566900
2002-12-23,23.3000,23.3100,22.6500,23.1000,8.9119,293650
2002-12-24,23.1000,23.1000,22.7300,22.7300,8.7692,75950
2002-12-26,22.7400,23.1800,22.4300,22.4700,8.6688,182450
2002-12-27,22.6000,22.8600,21.7800,21.7800,8.4026,294650
2002-12-30,22.0000,22.1900,21.3900,21.5800,8.3255,249100
2002-12-31,21.6000,21.8800,21.1300,21.8400,8.4258,276150
2003-01-02,21.8400,22.6100,21.7700,22.5900,8.7151,408450
2003-01-03,22.6000,22.8200,22.2400,22.3200,8.6110,225450
2003-01-06,22.5500,22.6000,22.0800,22.2700,8.5917,691700
2003-01-07,22.2000,22.2100,21.0300,21.2500,8.1982,799150
2003-01-08,21.1000,21.3500,20.0900,20.2500,7.8124,819000
2003-01-09,20.3500,20.5200,19.9900,20.1400,7.7699,770300
2003-01-10,20.1500,20.3000,19.8500,20.1700,7.7815,713850
2003-01-13,20.3500,20.3500,19.3500,19.5800,7.5539,756250
2003-01-14,19.6000,19.7100,19.1500,19.5100,7.5269,839200
2003-01-15,19.4600,20.3200,19.4600,20.2300,7.8047,1427750
2003-01-16,20.3200,20.8400,20.2000,20.8000,8.0246,963850
2003-01-17,20.7500,20.7500,19.9200,20.1100,7.7584,564500
2003-01-21,20.1200,20.1200,19.3200,19.7000,7.6002,620950
2003-01-22,19.5000,20.3500,19.2500,20.3100,7.8355,808900
2003-01-23,20.3500,21.1000,20.2100,21.0900,8.1364,949300
2003-01-24,21.0000,21.0200,20.0600,20.2300,7.8047,644100
2003-01-27,20.2300,20.2600,19.2100,19.3600,7.4690,473750
2003-01-28,19.6000,20.1600,19.6000,19.8900,7.6735,535850
2003-01-29,19.6000,20.1600,19.6000,19.8900,7.6735,466900
2003-01-30,20.2500,20.6700,19.8300,20.1700,7.7815,512350
2003-01-31,20.1300,20.7700,19.9200,20.4300,7.8818,422750
2003-02-03,20.4300,20.8700,20.1500,20.5700,7.9358,451250
2003-02-04,20.4000,21.1600,20.2700,21.0700,8.1287,329500
2003-02-05,21.1000,21.3200,20.7700,21.0100,8.1056,351450
2003-02-06,20.7600,21.1500,20.6300,20.9800,8.0940,409450
2003-02-07,21.1700,21.2500,20.4400,20.5900,7.9435,258750
2003-02-10,20.6100,21.2100,20.6100,21.1100,8.1442,485750
2003-02-11,21.2100,21.3200,20.6700,21.0600,8.1249,362650
2003-02-12,21.1200,21.2000,20.0100,20.0600,7.7391,1010200
2003-02-13,20.1400,20.3400,19.9000,20.2500,7.8124,1002550
2003-02-14,20.2500,20.5200,20.0300,20.1400,7.7699,534850
2003-02-18,20.3200,21.3000,20.1400,21.2600,8.2020,878650
2003-02-19,21.2000,21.3000,21.0100,21.2800,8.2097,818350
2003-02-20,21.4000,21.9000,21.2000,21.6000,8.3332,767450
2003-02-21,21.8500,22.2800,21.4500,22.2800,8.5955,1055900
2003-02-24,22.3400,23.0600,22.2700,22.9500,8.8540,1174100
2003-02-25,23.1500,23.6600,22.5000,23.0100,8.8772,1785600
2003-02-26,23.0100,23.8500,22.8700,23.4400,9.0431,726850
2003-02-27,23.4500,23.5500,22.3200,22.6200,8.7267,685050
2003-02-28,22.5000,23.1000,22.3900,22.5000,8.6804,554400
2003-03-03,22.5500,22.6200,22.1900,22.3600,8.6264,464450
2003-03-04,22.3800,22.7200,22.2200,22.7100,8.7614,573000
2003-03-05,22.6100,23.0900,22.4300,22.5100,8.6843,669050
2003-03-06,22.6000,23.0500,22.4600,23.0500,8.8926,473200
2003-03-07,23.0000,23.2200,22.7000,22.8800,8.8270,673950
2003-03-10,22.7500,23.0600,22.4700,22.7000,8.7576,518700
2003-03-11,22.7000,23.0500,22.0500,22.0500,8.5068,621050
2003-03-12,21.9000,21.9100,21.2700,21.3600,8.2406,693550
2003-03-13,21.7000,21.7200,21.0500,21.4000,8.2560,487300
2003-03-14,21.4000,21.9100,21.1900,21.8300,8.4219,670150
2003-03-17,21.7000,22.2700,21.5200,21.6100,8.3371,724200
2003-03-18,21.6100,22.8300,21.3600,22.8200,8.8039,726500
2003-03-19,22.8200,22.8400,22.2600,22.4000,8.6418,536400
2003-03-20,22.3000,23.4100,22.3000,23.2000,8.9505,1233200
2003-03-21,23.6500,23.6500,22.3100,22.4700,8.6688,768850
2003-03-24,22.4700,22.6900,21.5600,21.8100,8.4142,595850
2003-03-25,21.8100,22.3700,21.7400,21.9000,8.4489,487850
2003-03-26,21.9000,22.1800,21.6000,21.7800,8.4026,448600
2003-03-27,21.5000,22.4900,21.5000,22.2000,8.5647,844850
2003-03-28,22.1900,22.7600,22.1900,22.7400,8.7730,583350
2003-03-31,22.6000,22.6000,22.0800,22.3900,8.6380,512250
2003-04-01,22.3900,22.8900,22.2700,22.5200,8.6881,344450
2003-04-02,22.5200,22.9100,22.3100,22.8400,8.8116,374400
2003-04-03,22.8400,23.0600,22.2700,22.4600,8.6650,519800
2003-04-04,22.5100,22.6100,22.2000,22.2500,8.5840,318750
2003-04-07,22.2400,22.4500,21.9800,21.9900,8.4837,274700
2003-04-08,21.9900,21.9900,21.5000,21.7300,8.3834,476450
2003-04-09,21.7400,21.9400,21.5800,21.7400,8.3872,500950
2003-04-10,21.9400,22.4000,21.7200,22.2800,8.5955,595200
2003-04-11,22.2800,22.3200,21.6000,22.2900,8.5994,377400
2003-04-14,22.4000,22.4000,21.9500,22.0300,8.4991,382700
2003-04-15,22.0300,22.1300,21.4700,21.5600,8.3178,500600
2003-04-16,21.5100,21.6900,21.0600,21.2000,8.1789,395700
2003-04-17,21.2000,21.5600,20.8600,21.5500,8.3139,2202800
2003-04-21,21.6000,22.2000,21.5000,22.1000,8.5261,686350
2003-04-22,22.1000,22.4200,21.9000,22.1200,8.5338,485850
2003-04-23,22.1800,22.5100,21.4900,21.6000,8.3332,882300
2003-04-24,21.6000,21.9300,21.5000,21.6500,8.3525,838300
2003-04-25,21.5900,21.6300,21.2800,21.5400,8.3101,543650
2003-04-28,21.5400,22.1100,21.1500,21.1900,8.1750,767200
2003-04-29,21.2100,21.2800,20.4800,20.5400,7.9243,845850
2003-04-30,20.5400,21.0700,20.5400,20.9900,8.0979,880750
2003-05-01,20.9000,21.2100,20.6500,20.9000,8.0631,344100
2003-05-02,21.5000,21.9400,21.3000,21.7200,8.3795,981350
2003-05-05,21.6000,21.8900,21.4100,21.5500,8.3139,724050
2003-05-06,21.5600,21.6100,21.2300,21.3300,8.2290,548950
2003-05-07,21.3000,22.2100,21.0700,22.1800,8.5570,1015850
2003-05-08,22.1800,22.9500,21.9000,22.7900,8.7923,798350
2003-05-09,22.7900,23.3000,22.6000,23.1800,8.9428,620150
2003-05-12,23.4000,24.0000,23.2500,23.5800,9.0971,1051450
2003-05-13,23.5800,24.3200,23.4300,24.0300,9.2707,1025050
2003-05-14,24.5000,24.6900,24.1500,24.5800,9.4829,845050
2003-05-15,24.6700,24.8500,24.2000,24.3300,9.3864,796250
2003-05-16,24.3400,24.3600,23.8600,24.3000,9.3749,734150
2003-05-19,24.2000,24.2500,23.7800,23.9200,9.2283,649200
2003-05-20,23.9000,24.1400,23.1600,23.3500,9.0083,601100
2003-05-21,23.3500,24.8100,23.3000,24.7800,9.5600,886100
2003-05-22,24.7900,24.7900,24.2100,24.2600,9.3594,724750
2003-05-23,24.2700,24.3100,23.8600,24.0100,9.2630,891300
2003-05-27,24.0200,24.7400,23.8700,24.6600,9.5137,554600
2003-05-28,24.6600,24.6700,23.8700,24.1600,9.3208,447600
2003-05-29,23.8000,23.9800,23.4500,23.5700,9.0932,1445050
2003-05-30,23.5700,24.3200,23.5700,24.3200,9.3826,674500
2003-06-02,24.3700,24.4800,24.1000,24.2100,9.3401,392250
2003-06-03,24.1000,24.1100,23.7200,24.0000,9.2591,444500
2003-06-04,24.2000,24.3900,23.7400,24.0000,9.2591,645100
2003-06-05,23.9500,24.0500,23.5800,24.0300,9.2707,549500
2003-06-06,24.1800,24.3500,23.7000,23.7500,9.1627,716200
2003-06-09,23.7000,24.0000,23.5100,23.9000,9.2205,614300
2003-06-10,23.9500,24.1900,23.8000,23.8500,9.2012,852950
2003-06-11,23.8500,24.7000,23.7000,24.5200,9.4597,2674000
2003-06-12,24.5200,24.6400,23.7100,24.0100,9.2630,1248200
2003-06-13,24.0200,24.0200,22.8100,23.2000,8.9505,836500
2003-06-16,23.2000,23.2000,22.0000,22.4800,8.6727,1328150
2003-06-17,22.4800,22.7200,21.8200,21.8500,8.4297,1148500
2003-06-18,21.8500,22.1000,21.4000,22.0500,8.5068,1345900
2003-06-19,22.0500,22.9700,21.6300,22.6700,8.7460,1309750
2003-06-20,22.7000,22.9400,22.2600,22.3200,8.6110,519700
2003-06-23,22.4000,22.6000,22.1000,22.2000,8.5647,709850
2003-06-24,22.4000,22.5800,22.2000,22.2300,8.5763,431850
2003-06-25,22.2000,22.9900,22.1900,22.6600,8.7421,883850
2003-06-26,22.7500,22.8200,21.8800,21.9600,8.4721,951750
2003-06-27,22.0000,22.3800,22.0000,22.0200,8.4952,461350
2003-06-30,22.1000,22.3000,21.7900,22.0000,8.4875,947000
2003-07-01,21.9000,21.9000,21.1600,21.3300,8.2290,828000
2003-07-02,21.3300,21.3700,21.0000,21.1300,8.1519,1318950
2003-07-03,21.1400,21.9200,20.8900,21.5700,8.3216,638650
2003-07-07,21.5200,21.6400,20.7000,20.8300,8.0361,912150
2003-07-08,20.8300,21.2900,20.8300,21.1000,8.1403,977700
2003-07-09,21.2000,21.8900,21.2000,21.8000,8.4104,980600
2003-07-10,21.6000,21.7500,20.5300,20.8400,8.0400,866800
2003-07-11,20.9500,21.1100,20.7000,20.9100,8.0670,346250
2003-07-14,20.9100,21.0200,20.5100,20.5500,7.9281,552400
2003-07-15,20.5500,20.7000,20.3600,20.4900,7.9050,858900
2003-07-16,20.5300,20.7000,20.1400,20.3100,7.8355,612400
2003-07-17,20.3100,20.9900,20.2700,20.3300,7.8432,1155000
2003-07-18,20.4500,21.5000,20.4400,21.4600,8.2792,999200
2003-07-21,21.4600,21.6300,20.9400,21.0000,8.1017,672950
2003-07-22,21.0100,21.1200,20.3500,20.4800,7.9011,593450
2003-07-23,20.5500,20.7500,19.8000,20.0900,7.7507,728700
2003-07-24,20.2000,20.4900,19.8200,19.9100,7.6812,1352850
2003-07-25,19.7500,19.9500,17.8500,19.3300,7.4574,3528850
2003-07-28,18.8000,19.1100,18.4200,18.9000,7.2916,1835950
2003-07-29,18.9000,18.9800,17.9600,18.0700,6.9713,1549600
2003-07-30,18.2800,18.5000,17.9900,18.4600,7.1218,1193750
2003-07-31,18.5000,18.7800,18.2000,18.4000,7.0987,889650
2003-08-01,18.4000,18.6200,18.0900,18.5900,7.1720,724750
2003-08-04,18.5000,18.5100,17.8500,18.1200,6.9906,737700
2003-08-05,18.2400,18.2400,17.8100,17.8600,6.8903,1245300
2003-08-06,17.9500,18.2200,17.8600,18.2200,7.0292,1290650
2003-08-07,18.2500,19.0300,18.0000,19.0300,7.3417,1198150
2003-08-08,19.0300,19.0900,18.7300,19.0800,7.3610,818000
2003-08-11,19.1600,19.6200,19.0800,19.4200,7.4922,717950
2003-08-12,19.4200,19.6800,19.2600,19.6300,7.5732,477200
2003-08-13,19.6400,19.7800,19.3600,19.3900,7.4806,742900
2003-08-14,19.5300,19.7700,18.9100,19.1900,7.4034,927250
2003-08-15,19.1900,19.3800,18.9500,19.2000,7.4073,545650
2003-08-18,19.2000,19.4000,19.1500,19.2100,7.4112,633150
2003-08-19,19.2100,19.3600,19.1000,19.2500,7.4266,785750
2003-08-20,19.1800,19.9800,19.0700,19.8900,7.6735,1160550
2003-08-21,20.0000,20.1500,19.7500,19.9400,7.6928,744150
2003-08-22,19.7500,20.2000,19.3000,19.3000,7.4459,480750
2003-08-25,19.2500,19.4000,19.0800,19.1900,7.4034,516450
2003-08-26,19.1900,19.3400,18.8800,19.2700,7.4343,735150
2003-08-27,19.2700,19.2700,19.2700,19.2700,7.4343,659500
2003-08-28,19.4000,19.9800,19.0100,19.6900,7.5963,1365750
2003-08-29,19.7800,19.7800,19.2000,19.5800,7.5539,491500
2003-09-02,19.5800,19.5800,19.0700,19.1600,7.3919,1052550
2003-09-03,19.1600,19.3000,19.0500,19.0900,7.3649,945100
2003-09-04,19.0800,19.2000,18.9600,19.1600,7.3919,1356300
2003-09-05,19.1600,19.3700,19.1000,19.3000,7.4459,978900
2003-09-08,19.3000,19.7300,19.3000,19.5500,7.5423,680350
2003-09-09,19.5000,19.5000,19.0000,19.0200,7.3378,922250
2003-09-10,19.0100,19.0100,18.1100,18.2400,7.0369,1233850
2003-09-11,18.4400,18.4800,18.1100,18.2100,7.0254,644200
2003-09-12,18.2000,18.2200,17.8600,18.1400,6.9983,425400
2003-09-15,18.1800,18.4000,18.0700,18.2500,7.0408,786600
2003-09-16,18.2800,18.5000,18.2800,18.4500,7.1179,945200
2003-09-17,18.4500,18.4950,18.0500,18.0600,6.9675,977350
2003-09-18,18.0600,18.2400,17.7100,18.1900,7.0176,981900
2003-09-19,18.1900,18.4800,18.0000,18.4200,7.1064,649550
2003-09-22,18.2200,18.5700,18.2200,18.3600,7.0832,830000
2003-09-23,18.3600,18.5400,18.3000,18.3300,7.0716,593850
2003-09-24,18.7000,19.0800,18.6500,18.8300,7.2645,1056200
2003-09-25,18.7500,18.8400,18.5000,18.6900,7.2105,859600
2003-09-26,18.5000,18.6000,17.9200,17.9300,6.9173,484200
2003-09-29,17.9300,18.2900,17.9300,18.1400,6.9983,428050
2003-09-30,18.2000,18.6800,17.9600,18.1400,6.9983,997450
2003-10-01,18.0800,18.4000,18.0700,18.4000,7.0987,871800
2003-10-02,18.3000,18.5900,18.2300,18.5100,7.1411,555600
2003-10-03,18.6000,19.0700,18.5000,18.8900,7.2877,460550
2003-10-06,18.8900,19.2300,18.8100,18.9500,7.3108,341700
2003-10-07,18.7500,19.1800,18.5800,19.1000,7.3687,486850
2003-10-08,19.1000,19.4500,19.0700,19.0700,7.3571,767750
2003-10-09,19.0800,19.1000,18.6900,18.9900,7.3263,641000
2003-10-10,18.9000,19.1300,18.7900,19.1000,7.3687,740800
2003-10-13,19.2900,19.2900,18.8500,19.0000,7.3301,590750
2003-10-14,18.8800,18.9000,18.4400,18.5100,7.1411,609850
2003-10-15,18.5800,18.5800,18.1500,18.2000,7.0215,610950
2003-10-16,18.2000,18.7600,18.2000,18.6200,7.1835,571600
2003-10-17,18.6000,18.7400,18.4500,18.6100,7.1797,489300
2003-10-20,18.5600,18.7000,18.4200,18.5700,7.1642,460250
2003-10-21,18.6700,19.1100,18.6500,18.9800,7.3224,481850
2003-10-22,18.8200,18.9500,18.2400,18.2800,7.0524,670150
2003-10-23,18.2800,18.4100,17.9800,18.4100,7.1025,635800
2003-10-24,18.4100,18.4100,18.0600,18.2200,7.0292,367650
2003-10-27,18.2200,18.4400,18.0000,18.0100,6.9482,432400
2003-10-28,18.0100,18.5600,17.5000,18.3900,7.0948,885300
2003-10-29,18.4600,19.0300,18.4100,18.6600,7.1990,1125850
2003-10-30,18.6700,18.6700,17.9900,18.3700,7.0871,826300
2003-10-31,18.2800,19.1800,18.2800,19.0700,7.3571,1295850
2003-11-03,19.1500,19.1500,18.6400,18.6800,7.2067,759450
2003-11-04,18.6000,18.9500,18.3000,18.6900,7.2105,485100
2003-11-05,18.6700,18.9500,18.5200,18.9500,7.3108,573000
2003-11-06,18.9500,19.1900,18.7500,19.1900,7.4034,786150
2003-11-07,19.1900,19.3500,19.1300,19.3500,7.4652,456350
2003-11-10,19.2700,19.4800,18.9700,19.1900,7.4034,634450
2003-11-11,19.1500,19.2600,18.9500,19.1900,7.4034,567050
2003-11-12,19.2000,19.3900,19.1900,19.2500,7.4266,339800
2003-11-13,19.4000,19.6400,19.3000,19.5500,7.5423,785300
2003-11-14,19.6000,19.8000,19.4100,19.5300,7.5346,887300
2003-11-17,19.4000,19.4000,19.0000,19.0900,7.3649,1108000
2003-11-18,19.1300,19.2900,18.8500,18.9500,7.3108,487400
2003-11-19,19.0000,19.1100,18.7000,19.0500,7.3494,481850
2003-11-20,19.0500,19.3400,19.0100,19.0100,7.3340,649000
2003-11-21,19.1000,19.4100,18.6500,18.6700,7.2028,811450
2003-11-24,18.8000,18.9100,18.5700,18.8800,7.2838,347550
2003-11-25,18.8900,19.2800,18.8800,19.1600,7.3919,380150
2003-11-26,19.1600,19.2300,19.0500,19.1300,7.3803,349900
2003-11-28,18.9500,19.2400,18.9200,19.2400,7.4227,152600
2003-12-01,19.3700,19.7600,19.2800,19.5300,7.5346,513700
2003-12-02,19.4000,19.7700,19.4000,19.6300,7.5732,524450
2003-12-03,19.5800,19.6500,19.4300,19.4600,7.5076,428850
2003-12-04,19.5300,20.6700,19.5100,20.4400,7.8857,1320150
2003-12-05,20.3500,21.0000,20.2500,20.7900,8.0207,653100
2003-12-08,20.8500,21.2700,20.6400,21.2700,8.2059,855600
2003-12-09,21.3600,21.4400,20.9000,20.9600,8.0863,656200
2003-12-10,20.9900,21.3000,20.7400,20.9800,8.0940,449700
2003-12-11,21.1000,21.1100,20.6100,20.7600,8.0091,403550
2003-12-12,20.9200,21.4600,20.7000,21.4200,8.2638,380850
2003-12-15,21.6200,21.6200,20.9400,20.9600,8.0863,375300
2003-12-16,21.0400,21.3100,20.9300,20.9900,8.0979,439400
2003-12-17,21.1000,21.1200,20.7500,21.1200,8.1480,608950
2003-12-18,21.0800,22.5100,21.0800,22.5100,8.6843,1233200
2003-12-19,22.5000,22.8000,22.1100,22.3300,8.6148,1338000
2003-12-22,22.0500,22.6400,22.0100,22.6400,8.7344,750800
2003-12-23,22.6500,22.6500,22.1600,22.2700,8.5917,650300
2003-12-24,22.2700,22.6400,22.2700,22.6200,8.7267,145050
2003-12-26,22.6200,22.6500,22.4200,22.5500,8.6997,106900
2003-12-29,22.5000,23.0000,22.5000,22.9900,8.8695,392150
2003-12-30,22.9900,23.4400,22.8900,22.9300,8.8463,391350
2003-12-31,22.9000,23.0800,22.2900,22.3600,8.6264,386950
2004-01-02,22.2300,22.6100,22.0100,22.2600,8.5878,278050
2004-01-05,22.3000,22.7900,22.2000,22.5800,8.7113,411550
2004-01-06,22.5400,22.5400,22.1500,22.1900,8.5608,1725050
2004-01-07,22.2000,22.2000,21.7500,21.7700,8.3988,795700
2004-01-08,22.0000,22.7000,21.6600,22.5700,8.7074,608950
2004-01-09,22.5000,23.7100,22.3500,22.9900,8.8695,1387450
2004-01-12,22.9900,23.2000,22.8900,23.0000,8.8733,426950
2004-01-13,23.1000,23.2600,22.6200,22.6300,8.7306,610500
2004-01-14,22.7800,22.8200,22.2000,22.4200,8.6496,515000
2004-01-15,22.6000,22.7800,22.1400,22.4500,8.6611,763900
2004-01-16,22.4000,22.9000,22.4000,22.8400,8.8116,393700
2004-01-20,23.1300,23.9900,23.1100,23.9900,9.2553,817450
2004-01-21,23.8600,24.1400,23.7300,23.9700,9.2475,584550
2004-01-22,23.8700,24.0600,22.9600,23.5700,9.0932,551150
2004-01-23,25.1000,25.8900,24.8000,25.1000,9.6835,1699000
2004-01-26,25.1100,25.6300,24.7900,25.5600,9.8610,1616500
2004-01-27,25.5900,26.1800,25.5000,26.0500,10.0500,1304200
2004-01-28,26.0000,26.2900,25.8200,26.0000,10.0307,828400
2004-01-29,25.8000,26.0500,25.5200,25.8600,9.9767,1252300
2004-01-30,25.8700,25.8700,25.4500,25.7100,9.9188,2254400
2004-02-02,25.8000,26.5700,25.5900,26.2600,10.1310,1147350
2004-02-03,26.1500,26.1500,25.4800,25.9000,9.9921,1210800
2004-02-04,25.9000,26.1000,25.5000,25.6900,9.9111,812350
2004-02-05,25.6700,25.9000,24.8700,25.4100,9.8031,1153350
2004-02-06,25.3500,25.4300,25.1100,25.2700,9.7491,579800
2004-02-09,26.7500,26.9800,26.3900,26.6500,10.2815,2053000
2004-02-10,26.6500,26.9200,26.5700,26.8600,10.3625,1243750
2004-02-11,26.8700,27.0500,26.7000,26.9500,10.3972,732150
2004-02-12,26.9600,27.5000,26.8900,26.9900,10.4126,893650
2004-02-13,26.7500,27.1500,26.2000,26.9800,10.4088,1390600
2004-02-17,28.0000,28.9900,27.9100,28.9900,11.1842,3353050
2004-02-18,29.0000,29.0000,28.2100,28.4400,10.9721,1129950
2004-02-19,28.6900,28.9300,28.4000,28.5400,11.0106,1536100
2004-02-20,28.6000,28.7800,28.0300,28.1900,10.8756,882450
2004-02-23,28.4200,28.4200,27.7000,27.9300,10.7753,820650
2004-02-24,28.0000,29.1000,27.8100,28.9100,11.1534,1492700
2004-02-25,28.9000,29.6400,28.7300,29.4800,11.3733,1258400
2004-02-26,29.4200,29.9000,29.2000,29.8700,11.5237,906050
2004-02-27,29.8100,29.9700,29.4500,29.7100,11.4620,978700
2004-03-01,29.8900,30.6400,29.8000,30.6000,11.8054,1284800
2004-03-02,30.5000,30.9000,30.4500,30.5000,11.7668,862900
2004-03-03,30.5000,31.0800,30.2300,30.9600,11.9443,1579550
2004-03-04,31.0000,31.0000,30.2400,30.4700,11.7552,1103100
2004-03-05,30.2300,31.0400,30.2300,30.2600,11.6742,787950
2004-03-08,30.4600,30.5000,30.0400,30.0500,11.5932,635700
2004-03-09,30.1500,30.1500,29.0000,29.4000,11.3424,1004850
2004-03-10,29.3800,29.3800,28.3500,28.3700,10.9450,1083250
2004-03-11,28.3700,28.6200,28.0000,28.2200,10.8872,830850
2004-03-12,28.5500,28.7700,28.1600,28.5300,11.0068,475300
2004-03-15,28.5000,29.1900,28.5000,28.9100,11.1534,722600
2004-03-16,28.9500,29.0000,28.4700,28.7500,11.0916,524350
2004-03-17,28.7400,29.4500,28.7400,29.3900,11.3386,569350
2004-03-18,29.4000,29.7000,29.0800,29.4600,11.3656,596650
2004-03-19,29.6000,29.6000,28.4600,28.4700,10.9836,586550
2004-03-22,28.3000,28.3400,27.8000,27.9200,10.7714,409000
2004-03-23,28.1000,28.3400,27.5400,27.9200,10.7714,851700
2004-03-24,27.9200,27.9900,26.8000,26.8700,10.3664,743450
2004-03-25,26.9700,27.2500,26.8000,26.9900,10.4126,965850
2004-03-26,26.9900,27.2800,26.8700,26.9900,10.4126,908700
2004-03-29,27.0300,27.3200,26.9000,27.3200,10.5400,1455250
2004-03-30,27.4200,28.7800,27.4000,28.2300,10.8910,936550
2004-03-31,28.2300,28.5400,27.8000,28.2800,10.9103,491300
2004-04-01,28.1000,28.1750,27.4100,27.5500,10.6287,874800
2004-04-02,27.8000,28.1000,27.6200,28.1000,10.8409,611500
2004-04-05,28.1000,28.2300,27.8900,28.0300,10.8139,434500
2004-04-06,28.0000,28.6200,28.0000,28.0900,10.8370,888300
2004-04-07,27.9500,28.4800,27.1900,27.9700,10.7907,1272600
2004-04-08,28.2000,28.3800,27.8500,28.2300,10.8910,404350
2004-04-12,28.2300,29.2700,28.2300,28.8700,11.1379,705200
2004-04-13,29.0000,29.1400,28.6600,28.7600,11.0955,680250
2004-04-14,28.2500,28.8300,28.2500,28.6600,11.0569,732600
2004-04-15,28.6600,29.6400,28.6500,29.5600,11.4041,744900
2004-04-16,29.5600,30.1100,29.3800,30.0400,11.5893,608850
2004-04-19,30.2200,30.4100,29.6500,29.9700,11.5623,466100
2004-04-20,29.6000,29.7000,29.0000,29.0800,11.2190,583650
2004-04-21,29.0600,29.2400,28.7000,29.1300,11.2383,402100
2004-04-22,29.0800,30.2000,29.0800,30.0000,11.5739,523650
2004-04-23,30.0000,30.0000,29.5100,29.7700,11.4852,450800
2004-04-26,29.9200,30.3700,29.8200,29.9000,11.5353,484200
2004-04-27,30.1000,31.7400,30.0500,30.8000,11.8825,2021950
2004-04-28,30.8100,30.8100,28.4000,29.4200,11.3501,3750300
2004-04-29,29.2500,29.3400,27.6800,27.8700,10.7521,1010650
2004-04-30,27.9500,28.5200,26.7100,27.9200,10.7714,1709750
2004-05-03,27.8600,28.4100,27.3700,28.1700,10.8679,1010500
2004-05-04,28.1700,28.6000,27.6700,27.9100,10.7676,750000
2004-05-05,26.7500,27.2900,25.8000,27.2100,10.4975,2380600
2004-05-06,28.2500,28.3300,27.0800,27.5800,10.6403,1587750
2004-05-07,27.3800,27.9500,26.3600,26.7500,10.3201,1061100
2004-05-10,26.0500,26.6000,25.4200,25.7600,9.9381,1313950
2004-05-11,26.0500,26.4300,25.7600,26.0700,10.0577,548850
2004-05-12,26.0700,26.6400,25.5500,25.9400,10.0076,783500
2004-05-13,25.8500,26.6400,25.8300,26.4500,10.2043,1040550
2004-05-14,26.4600,26.7500,26.1400,26.4100,10.1889,645750
2004-05-17,26.7400,27.5000,26.4500,27.1700,10.4821,1383050
2004-05-18,27.1700,27.3000,26.0900,26.3800,10.1773,1205150
2004-05-19,26.6300,27.1400,26.0800,26.4400,10.2005,646100
2004-05-20,26.4000,26.7000,26.0700,26.3500,10.1657,662200
2004-05-21,26.3000,26.4800,25.7400,25.9000,9.9921,655400
2004-05-24,26.0500,27.6400,26.0000,27.3600,10.5554,863250
2004-05-25,27.4000,28.1000,27.3800,27.9800,10.7946,717650
2004-05-26,27.9700,27.9700,27.1900,27.5800,10.6403,1211050
2004-05-27,27.5900,27.6000,26.6500,27.0400,10.4319,804700
2004-05-28,27.0000,27.9400,27.0000,27.6800,10.6788,730950
2004-06-01,28.0000,28.5000,27.7100,27.8800,10.7560,758200
2004-06-02,28.0000,28.1300,27.3200,27.5000,10.6094,648100
2004-06-03,27.5100,28.0000,26.8400,26.8400,10.3548,673050
2004-06-04,27.0000,27.1600,26.5300,27.0100,10.4204,508250
2004-06-07,27.0100,27.4200,26.7200,27.3700,10.5593,936000
2004-06-08,27.4700,28.0500,27.3700,27.6400,10.6634,769300
2004-06-09,27.5000,27.6300,27.0100,27.5000,10.6094,615600
2004-06-10,27.7500,27.9800,27.6300,27.7300,10.6981,449800
2004-06-14,27.6800,28.1800,27.4300,27.6900,10.6827,644350
2004-06-15,28.0500,28.8400,28.0500,28.7800,11.1032,869550
2004-06-16,29.1100,30.3500,29.1100,30.2500,11.6703,1583750
2004-06-17,30.2000,30.6700,29.7300,30.2500,11.6703,1293100
2004-06-18,30.3000,30.5400,29.9400,30.5100,11.7707,1155800
2004-06-21,30.5100,30.6700,30.0400,30.5100,11.7707,883450
2004-06-22,30.3000,30.6800,30.2700,30.5600,11.7899,814900
2004-06-23,30.6000,31.1000,30.2200,31.0900,11.9944,1088500
2004-06-24,30.9900,31.4300,30.1800,30.4100,11.7321,827000
2004-06-25,30.2500,30.8600,30.2500,30.4700,11.7552,772650
2004-06-28,30.5000,30.6300,29.6500,29.7400,11.4736,711650
2004-06-29,29.7300,30.5900,29.5700,30.3000,11.6896,902300
2004-06-30,30.2500,31.5900,30.2500,31.4900,12.1487,761350
2004-07-01,31.4900,31.9500,31.4000,31.6500,12.2105,787300
2004-07-02,31.6400,32.3000,31.2800,31.9600,12.3301,631000
2004-07-06,32.3300,32.4400,31.6000,31.6300,12.2027,685050
2004-07-07,31.6500,32.7900,31.6000,32.3800,12.4921,1505900
2004-07-08,32.2000,32.5400,31.6000,31.8700,12.2953,788850
2004-07-09,31.8700,32.4000,31.5500,32.3700,12.4882,666400
2004-07-12,32.3700,32.3800,31.7600,32.0000,12.3455,537100
2004-07-13,32.0000,32.0000,31.3600,31.8800,12.2992,469450
2004-07-14,31.8800,33.3300,31.8200,33.1500,12.7892,1214600
2004-07-15,33.0000,33.7100,32.8500,33.3000,12.8470,1132600
2004-07-16,33.4000,34.4800,33.3000,34.1500,13.1750,1325900
2004-07-19,33.9500,34.1000,33.6900,34.0400,13.1325,623050
2004-07-20,34.0400,34.0600,33.1000,33.6300,12.9743,641200
2004-07-21,33.6300,34.1900,33.0500,33.1300,12.7814,1166200
2004-07-22,32.8800,33.2800,32.4700,32.5800,12.5692,866700
2004-07-23,32.4000,32.4600,31.8800,32.0800,12.3764,676600
2004-07-26,32.0800,32.3500,30.9000,31.2100,12.0407,762900
2004-07-27,31.3300,32.2800,31.0500,32.0000,12.3455,766650
2004-07-28,32.0000,32.4000,31.8800,32.2700,12.4497,839050
2004-07-29,32.3200,33.7900,31.5800,33.1400,12.7853,1522550
2004-07-30,33.1400,33.8600,32.8600,33.4500,12.9049,1067300
2004-08-02,33.5000,33.9800,33.0500,33.6000,12.9628,1391350
2004-08-03,33.7300,34.1200,33.7100,33.8300,13.0515,1216700
2004-08-04,33.8300,33.8300,32.4200,32.5500,12.5577,1245500
2004-08-05,32.7000,32.7200,30.8000,30.9200,11.9288,1811350
2004-08-06,30.9000,30.9300,29.2200,29.6200,11.4273,1616800
2004-08-09,29.7000,31.4400,29.6300,31.2800,12.0677,1297200
2004-08-10,31.5000,32.0000,31.3800,31.5400,12.1680,827550
2004-08-11,31.3000,31.8000,30.7900,30.8500,11.9018,724850
2004-08-12,30.8400,30.8500,29.0500,29.0600,11.2112,7336250
2004-08-13,29.4000,29.8700,29.0800,29.7500,11.4774,3443900
2004-08-16,29.7700,29.9700,29.5500,29.7400,11.4736,1303400
2004-08-17,29.5500,29.5900,27.9400,28.4300,10.9682,3017050
2004-08-18,28.5600,28.9400,28.0800,28.7000,11.0724,1159350
2004-08-19,28.9000,29.6300,28.7080,28.9200,11.1572,1523650
2004-08-20,29.3200,29.8600,29.1800,29.6200,11.4273,1863800
2004-08-23,29.7000,29.7000,28.7500,28.8800,11.1418,926700
2004-08-24,28.9500,29.0600,28.0100,28.5200,11.0029,1149050
2004-08-25,28.6000,29.2400,28.5900,29.1600,11.2498,952300
2004-08-26,29.2300,30.0100,28.9700,29.8800,11.5276,2143700
2004-08-27,29.9500,30.2300,29.7500,30.2000,11.6511,767100
2004-08-30,30.0900,30.5200,29.2800,29.4200,11.3501,645350
2004-08-31,29.5500,29.9000,29.5500,29.9000,11.5353,1093800
2004-09-01,30.1000,31.3800,29.8700,31.0200,11.9674,1666050
2004-09-02,31.1500,31.4100,31.0000,31.2000,12.0369,1171000
2004-09-03,31.2000,31.4300,30.8325,31.4000,12.1140,1343550
2004-09-07,31.4100,31.4200,30.6300,30.8700,11.9095,896950
2004-09-08,30.8800,31.6300,30.6400,30.9100,11.9250,1039800
2004-09-09,30.9800,32.5100,30.9800,32.1500,12.4034,1363950
2004-09-10,32.2500,32.3700,31.3800,31.6000,12.1912,928700
2004-09-13,31.7000,31.9300,31.5600,31.6300,12.2027,805150
2004-09-14,31.7700,31.9000,31.1300,31.7300,12.2413,691000
2004-09-15,31.5800,32.4300,31.2400,31.9200,12.3146,1005650
2004-09-16,31.9200,31.9600,31.3200,31.6900,12.2259,688900
2004-09-17,32.0000,32.5400,31.8700,32.3100,12.4651,991800
2004-09-20,32.3200,32.8130,32.0600,32.0800,12.3764,1018050
2004-09-21,32.1800,32.7200,31.8000,32.5800,12.5692,873900
2004-09-22,32.5800,33.0100,32.3000,32.6600,12.6001,1387250
2004-09-23,32.5000,32.6800,31.9900,32.4300,12.5114,1184300
2004-09-24,32.4600,33.3500,32.4000,33.2100,12.8123,1399800
2004-09-27,33.3000,33.5500,32.6100,32.6400,12.5924,1203950
2004-09-28,32.8900,33.3900,32.6300,33.3000,12.8470,1993850
2004-09-29,33.4000,33.4500,32.1600,32.7500,12.6348,1206800
2004-09-30,32.7700,33.0300,32.5800,32.8600,12.6773,1462550
2004-10-01,33.0600,33.8400,32.8500,33.8200,13.0476,1421050
2004-10-04,33.8300,34.0700,33.5100,33.7400,13.0168,958750
2004-10-05,34.2000,34.6200,33.6500,33.7500,13.0206,1452700
2004-10-06,33.8500,34.8500,33.8500,34.7800,13.4180,1894150
2004-10-07,34.9400,35.1200,34.0000,34.6200,13.3563,1343200
2004-10-08,34.6200,34.9700,34.2500,34.8000,13.4257,1262150
2004-10-11,34.8800,34.9400,33.3600,33.4900,12.9203,1815100
2004-10-12,33.4500,33.7000,32.5000,32.8500,12.6734,1531750
2004-10-13,32.6000,32.6100,31.5400,32.3400,12.4767,2343750
2004-10-14,32.7400,33.3800,32.6000,32.9000,12.6927,1344100
2004-10-15,33.1600,33.4800,32.4100,32.8500,12.6734,737800
2004-10-18,33.0400,33.2200,31.8400,32.0000,12.3455,1177200
2004-10-19,32.0000,32.3800,31.6800,31.8700,12.2953,1123650
2004-10-20,31.9800,33.6300,31.9100,33.3500,12.8663,1441150
2004-10-21,33.5500,34.3000,33.4500,34.1500,13.1750,1401650
2004-10-22,34.2000,34.5000,33.7800,34.0000,13.1171,1878100
2004-10-25,34.0100,34.1400,33.1900,33.9300,13.0901,854700
2004-10-26,33.9300,34.4200,33.8300,34.3100,13.2367,868350
2004-10-27,34.2100,34.5400,32.9900,33.1800,12.8007,2049550
2004-10-28,32.7000,33.4500,31.8800,32.4400,12.5152,2437800
2004-10-29,32.5000,34.1900,32.4900,33.7100,13.0052,2176650
2004-11-01,33.9100,34.2000,32.5600,32.8700,12.6811,1947400
2004-11-02,32.8700,33.1100,32.1000,32.3900,12.4959,2063400
2004-11-03,33.2500,34.0100,32.6200,33.8700,13.0669,1715200
2004-11-04,33.7700,34.3200,33.3000,33.5300,12.9358,1496600
2004-11-05,33.5400,33.8800,32.9800,33.1600,12.7930,1796600
2004-11-08,33.1600,33.1600,32.1900,32.3100,12.4651,1382150
2004-11-09,32.3100,32.8600,31.6100,32.3800,12.4921,1016950
2004-11-10,32.4200,33.9600,32.3800,33.7000,13.0013,1282000
2004-11-11,33.4700,33.8100,33.1800,33.4900,12.9203,551300
2004-11-12,33.4500,34.2900,33.4000,34.2200,13.2020,1382600
2004-11-15,34.2200,34.2300,32.2000,32.5300,12.5500,2130150
2004-11-16,32.6000,33.2400,32.3300,32.4700,12.5268,1123400
2004-11-17,32.6700,33.0000,31.8900,32.9400,12.7081,1441800
2004-11-18,32.8000,33.5800,32.5700,33.5800,12.9550,1560900
2004-11-19,33.9000,34.5700,33.4000,34.3900,13.2675,1636550
2004-11-22,34.4100,35.3000,34.3000,35.2400,13.5955,2453350
2004-11-23,35.4500,36.5400,35.2600,36.0100,13.8925,3005950
2004-11-24,36.0100,36.8400,35.1600,36.6000,14.1202,1671350
2004-11-26,36.7500,37.3800,36.7500,36.9900,14.2706,788300
2004-11-29,37.0000,37.1000,35.7500,36.3000,14.0044,1068750
2004-11-30,36.3500,36.9000,36.0500,36.2000,13.9658,1343350
2004-12-01,36.1900,36.2000,34.2100,34.5900,13.3447,2151900
2004-12-02,34.5900,34.5900,32.8000,33.1200,12.7776,3561200
2004-12-03,33.1300,34.2600,33.0300,34.0600,13.1402,1661150
2004-12-06,34.4000,34.6600,33.5600,34.0300,13.1287,1359850
2004-12-07,33.9000,34.0400,33.0800,33.1600,12.7930,1014950
2004-12-08,33.1700,33.8600,32.8000,33.6300,12.9743,1705100
2004-12-09,33.6800,34.4000,33.6800,34.2400,13.2097,1521000
2004-12-10,34.3400,34.6200,33.5700,33.8800,13.0708,1236850
2004-12-13,34.0000,34.6700,34.0000,34.5400,13.3254,1122550
2004-12-14,35.0000,35.4100,34.8000,35.2900,13.6148,1284450
2004-12-15,35.4400,35.8800,34.9500,35.8000,13.8115,1420200
2004-12-16,35.8000,36.1600,35.1900,35.6600,13.7575,1937300
2004-12-17,35.6600,35.9500,35.4200,35.6400,13.7498,2111650
2004-12-20,35.6500,35.8100,35.0600,35.6100,13.7382,1353200
2004-12-21,35.6300,36.2400,35.3700,36.2100,13.9697,1013850
2004-12-22,36.2000,36.3500,34.7200,35.3000,13.6186,1351200
2004-12-23,35.5000,35.7500,35.2000,35.5900,13.7305,574250
2004-12-27,35.5900,35.5900,34.2900,34.3500,13.2521,684250
2004-12-28,34.3600,34.9200,34.3600,34.7700,13.4141,990550
2004-12-29,34.7900,35.4600,34.5200,35.4600,13.6803,1299400
2004-12-30,34.9600,35.3600,34.9600,35.3000,13.6186,570700
2004-12-31,35.4400,35.6000,35.1700,35.2900,13.6148,593850
2005-01-03,35.2900,35.2900,33.9100,33.9400,13.0939,1357650
2005-01-04,34.1400,34.5000,33.8900,33.9300,13.0901,1135150
2005-01-05,33.7500,34.1500,33.3200,33.6000,12.9628,1085500
2005-01-06,33.3200,34.5300,33.3200,34.2500,13.2135,1350300
2005-01-07,34.1000,34.1800,33.1800,33.2300,12.8200,2017850
2005-01-10,33.8500,34.3800,33.5400,33.6600,12.9859,1553950
2005-01-11,33.7000,34.0500,33.0800,33.9400,13.0939,835300
2005-01-12,33.8600,34.9200,33.5000,34.8500,13.4450,1636750
2005-01-13,35.0600,35.8000,34.8500,35.1000,13.5415,1844500
2005-01-14,35.1100,36.0000,34.9900,35.9600,13.8732,1811350
2005-01-18,36.2600,37.0400,35.4100,35.9700,13.8771,1666950
2005-01-19,35.9700,36.3400,35.6200,35.7100,13.7768,1193600
2005-01-20,35.6900,36.2000,34.8800,35.8800,13.8424,1666250
2005-01-21,36.0300,36.7000,35.9300,35.9700,13.8771,1126850
2005-01-24,36.4600,36.6500,36.0600,36.2600,13.9890,1656500
2005-01-25,36.6500,37.0700,35.8400,36.3000,14.0044,1427750
2005-01-26,36.4000,36.7000,35.8300,36.5600,14.1047,1446600
2005-01-27,36.6600,37.4300,36.4700,37.0800,14.3053,926350
2005-01-28,37.0900,37.0900,36.0400,36.5000,14.0816,1183650
2005-01-31,36.2700,36.8800,35.6700,36.8800,14.2282,1205700
2005-02-01,36.9500,37.5600,36.6700,37.0800,14.3053,1304500
2005-02-02,37.1500,38.3000,37.1500,38.2900,14.7721,1403750
2005-02-03,38.2700,38.5000,37.3600,38.4900,14.8493,1146500
2005-02-04,38.8500,38.8600,37.9300,38.4500,14.8339,1970700
2005-02-07,38.4000,38.4500,37.0800,37.6000,14.5059,965050
2005-02-08,37.6000,38.0500,37.3000,38.0000,14.6603,990800
2005-02-09,38.0200,38.7300,37.7700,38.1200,14.7066,1496600
2005-02-10,38.5200,39.6500,38.2400,39.6500,15.2968,2608250
2005-02-11,39.6500,40.8900,39.4400,40.6900,15.6981,3181600
2005-02-14,40.7500,40.8300,39.1500,39.5200,15.2467,2725250
2005-02-15,39.6200,40.1600,39.5100,40.0500,15.4511,1066850
2005-02-16,40.0500,41.1400,39.7100,41.0900,15.8524,1721050
2005-02-17,41.2500,41.7500,40.6500,40.6500,15.6826,1674050
2005-02-18,40.8600,41.8700,40.8100,41.8500,16.1456,1490050
2005-02-22,42.1500,42.3700,40.8700,41.0000,15.8177,2132950
2005-02-23,41.0000,42.0300,40.9500,42.0000,16.2035,1738150
2005-02-24,42.1700,43.5000,41.8800,43.4600,16.7667,2126950
2005-02-25,44.2000,45.4900,44.1400,44.7200,17.2528,2810850
2005-02-28,45.5000,46.4900,43.8200,45.3400,17.4920,3425900
2005-03-01,45.3400,45.7600,43.2500,43.8100,16.9017,2490050
2005-03-02,43.8900,45.0800,43.6600,44.4600,17.1525,2440000
2005-03-03,44.8200,46.5300,44.7700,46.2100,17.8277,2282450
2005-03-04,46.3800,47.4000,45.8200,47.3400,18.2636,1475400
2005-03-07,47.1400,48.4500,46.6700,48.1300,18.5684,3098900
2005-03-08,48.7200,49.7000,47.8900,48.4500,18.6918,4695850
2005-03-09,48.6100,49.1200,47.9900,48.0200,18.5259,4453950
2005-03-10,47.7500,48.1800,46.6100,47.6100,18.3678,4890450
2005-03-11,47.5400,48.8600,47.4100,48.8500,18.8462,21419000
2005-03-14,48.6000,50.3000,48.4500,50.2100,19.3708,4221100
2005-03-15,50.2100,50.5000,49.2500,49.3100,19.0236,3266550
2005-03-16,48.8000,49.5100,47.9000,48.7000,18.7883,3482150
2005-03-17,49.3000,49.9800,48.7000,49.7500,19.1934,1752100
2005-03-18,49.7600,49.7600,48.6000,49.3200,19.0275,3110300
2005-03-21,49.3200,49.4500,48.5000,48.8800,18.8577,1640750
2005-03-22,48.8600,49.3600,48.0930,48.3900,18.6687,3378800
2005-03-23,49.3400,49.3400,46.1700,46.9400,18.1093,3233050
2005-03-24,47.1000,47.8500,46.7800,47.0800,18.1633,1943950
2005-03-28,47.0800,47.4000,46.4500,47.0400,18.1479,1340650
2005-03-29,47.0400,48.1000,45.5300,45.8000,17.6695,2534400
2005-03-30,45.8000,46.0000,44.3000,45.9000,17.7081,2694850
2005-03-31,46.6500,47.0000,46.4000,46.7000,18.0167,2090000
2005-04-01,47.0000,47.3500,46.1300,47.0500,18.1517,2250400
2005-04-04,47.8500,47.9100,46.3400,46.9000,18.0939,2019050
2005-04-05,46.4000,47.2600,46.0300,46.9700,18.1209,2197150
2005-04-06,46.9400,47.7900,46.4300,47.5300,18.3369,2195050
2005-04-07,47.8300,47.8900,46.0200,46.4500,17.9202,1460000
2005-04-08,46.4500,46.7000,45.1600,45.3100,17.4804,1421750
2005-04-11,45.2300,46.1200,44.6800,45.8500,17.6888,1598950
2005-04-12,45.5900,45.6500,44.1000,44.5400,17.1834,1649400
2005-04-13,44.3000,44.8500,43.2700,43.4300,16.7551,2194600
2005-04-14,43.6000,43.8200,42.6100,42.7600,16.4967,2084600
2005-04-15,42.7600,42.9800,41.0000,41.2200,15.9025,1848600
2005-04-18,41.3000,42.0500,40.6600,41.6400,16.0646,1244500
2005-04-19,42.0500,43.3500,41.8500,43.0000,16.5892,1644550
2005-04-20,43.0300,43.2800,41.0000,41.1500,15.8755,2509350
2005-04-21,41.4000,42.5300,41.0600,42.5200,16.4041,1553050
2005-04-22,42.9000,43.3800,41.9600,42.8200,16.5198,1606850
2005-04-25,43.1200,43.8100,42.7800,43.6900,16.8554,1318950
2005-04-26,43.6000,44.2700,42.8500,42.8500,16.5314,1864450
2005-04-27,42.8500,42.8500,40.7800,41.3000,15.9334,1734900
2005-04-28,40.6000,40.6100,39.9500,40.0400,15.4473,2091000
2005-04-29,40.4200,40.8000,39.2700,39.7400,15.3316,1615900
2005-05-02,39.7400,40.9100,39.4400,40.6300,15.6749,2056850
2005-05-03,40.6300,40.9200,40.0000,40.2000,15.5090,2212000
2005-05-04,40.2000,41.9600,39.9800,41.7900,16.1224,2271100
2005-05-05,41.9500,42.7700,41.8000,42.6000,16.4349,3418500
2005-05-06,43.9600,44.1000,42.9700,43.4800,16.7744,2492800
2005-05-09,43.8500,45.0000,43.3800,44.9400,17.3377,2914550
2005-05-10,44.9400,45.3200,43.5600,43.8500,16.9172,2379700
2005-05-11,43.5000,44.2100,43.0000,44.0600,16.9982,1450900
2005-05-12,44.9400,44.9400,41.4000,41.6300,16.0607,1955300
2005-05-13,41.8200,42.6500,40.9100,41.1100,15.8601,2160350
2005-05-16,41.0200,41.1000,39.2800,40.8300,15.7521,3012150
2005-05-17,40.8400,41.7700,40.7400,41.7700,16.1147,1618800
2005-05-18,42.6900,42.6900,40.9400,41.6300,16.0607,1905600
2005-05-19,41.7000,42.4600,41.4600,42.1000,16.2420,1385350
2005-05-20,42.1000,43.0200,41.8900,42.2000,16.2806,2305950
2005-05-23,42.2000,42.8900,41.5500,42.8400,16.5275,1172300
2005-05-24,42.8400,42.8400,42.8400,42.8400,16.5275,1600050
2005-05-25,42.9500,43.4500,42.2600,43.2300,16.6780,2408950
2005-05-26,43.3200,43.8200,43.0000,43.7400,16.8747,1620350
2005-05-27,43.9500,44.5600,43.7400,44.3900,17.1255,1199950
2005-05-31,43.4000,45.1500,42.9680,45.0000,17.3608,4442450
2005-06-01,45.0000,45.4200,44.5400,44.5600,17.1911,1896050
2005-06-02,44.5700,44.8000,43.6500,44.7200,17.2528,1597300
2005-06-03,44.7900,45.5500,44.6800,45.1300,17.4110,1683000
2005-06-06,45.3500,45.7400,45.0900,45.2900,17.4727,1705550
2005-06-07,45.4100,46.1100,44.8600,45.0000,17.3608,1486050
2005-06-08,45.0000,45.7700,44.3700,44.9800,17.3531,1925650
2005-06-09,45.0200,46.5000,44.9000,46.3500,17.8817,1947650
2005-06-10,46.5000,46.8400,45.6000,46.1500,17.8045,1136600
2005-06-13,45.9500,46.9900,45.6300,46.8800,18.0861,1247300
2005-06-14,46.7500,47.1000,46.1700,46.6800,18.0090,1199500
2005-06-15,46.7900,47.3000,46.2200,47.0800,18.1633,1959600
2005-06-16,47.1700,48.0000,46.8700,48.0000,18.5182,1474950
2005-06-17,48.5000,48.6500,47.6100,48.5200,18.7188,2675550
2005-06-20,48.5200,49.2300,47.9100,48.4600,18.6957,2251600
2005-06-21,48.4600,48.4600,46.6800,46.7400,18.0321,1483750
2005-06-22,46.7400,47.0500,45.7700,46.7100,18.0206,1782700
2005-06-23,46.8100,48.2000,46.3700,47.5500,18.3446,1318150
2005-06-24,47.5500,47.7200,46.3500,46.8500,18.0746,2610900
2005-06-27,47.0000,47.7500,46.9900,47.5000,18.3253,1370050
2005-06-28,47.5100,47.6000,46.6400,47.0100,18.1363,2011500
2005-06-29,47.4000,47.5100,46.7700,47.1700,18.1980,1401650
2005-06-30,47.3200,48.2100,47.1000,47.5400,18.3408,2242400
2005-07-01,47.5600,47.8500,47.2900,47.8000,18.4411,1263800
2005-07-05,48.0300,48.7700,47.7000,48.7000,18.7883,1666050
2005-07-06,48.8700,49.0500,47.6200,48.1200,18.5645,1389250
2005-07-07,47.5000,48.1500,46.4000,48.0700,18.5452,1800900
2005-07-08,48.1700,48.4900,47.2300,47.4400,18.3022,1041550
2005-07-11,47.4300,47.8200,46.6700,47.8200,18.4488,1545850
2005-07-12,47.9800,50.1500,47.7800,49.4600,19.0815,2063500
2005-07-13,49.4600,49.5000,48.1800,48.2800,18.6263,1403650
2005-07-14,48.7000,49.1000,47.0300,47.6100,18.3678,1910450
2005-07-15,48.0000,48.3000,46.8900,46.8900,18.0900,1559500
2005-07-18,46.8900,47.3000,46.2100,46.7000,18.0167,1244300
2005-07-19,46.8000,48.3600,46.5000,48.2800,18.6263,1503700
2005-07-20,48.3600,48.8500,47.4000,48.5900,18.7459,1427300
2005-07-21,48.4500,49.2000,48.0200,48.5200,18.7188,1963250
2005-07-22,49.0000,51.6500,48.9600,51.4700,19.8569,2718500
2005-07-25,51.9500,52.5600,51.0100,51.7700,19.9727,2220100
2005-07-26,51.7400,51.9100,50.8300,51.5600,19.8917,1325050
2005-07-27,51.5400,52.1900,50.7300,52.0000,20.0614,1505350
2005-07-28,52.5000,52.8800,51.4300,52.2300,20.1502,2295750
2005-07-29,52.6000,53.0000,52.1900,52.3500,20.1964,1411100
2005-08-01,52.4000,54.7400,52.4000,53.9400,20.8099,3196900
2005-08-02,55.1800,56.0500,55.0000,56.0000,21.6046,6529000
2005-08-03,57.1000,57.5000,56.3000,56.9000,21.9518,5181350
2005-08-04,57.1000,58.4800,57.0000,57.8400,22.3145,3945600
2005-08-05,59.1000,59.3400,55.5600,57.0000,21.9904,6396050
2005-08-08,58.1000,59.3200,57.8400,59.0200,22.7697,3633550
2005-08-09,59.0300,59.1400,57.7800,58.3700,22.5189,2227850
2005-08-10,58.5100,59.9500,58.5100,59.8600,23.0938,2634300
2005-08-11,60.0100,60.8800,59.7000,60.6000,23.3793,2759300
2005-08-12,60.5300,60.8800,59.9200,60.0700,23.1748,1501800
2005-08-15,59.9500,60.0800,58.7500,58.8600,22.7080,1808200
2005-08-16,58.7800,59.0000,57.5800,57.8600,22.3222,1994750
2005-08-17,57.6600,58.4100,55.6000,56.5000,21.7975,2881950
2005-08-18,55.4500,57.2600,55.4000,56.6500,21.8554,2630550
2005-08-19,57.7500,58.9900,57.6000,58.3200,22.4997,2279750
2005-08-22,58.4100,58.8800,57.4000,57.7200,22.2682,1662300
2005-08-23,57.9700,58.5900,57.6200,58.4000,22.5305,1697450
2005-08-24,58.5000,59.7700,58.5000,59.2700,22.8662,2024900
2005-08-25,59.2700,59.3200,58.4800,59.1500,22.8199,1109900
2005-08-26,59.1600,59.5000,58.1800,58.3200,22.4997,991900
2005-08-29,58.4000,60.2500,57.9000,58.5200,22.5768,2039350
2005-08-30,58.7300,60.4800,58.7200,59.8700,23.0976,2568900
2005-08-31,60.5000,64.3000,60.4700,64.2100,24.7720,4654800
2005-09-01,65.1800,66.0600,64.2100,65.5400,25.2851,3987400
2005-09-02,65.0000,65.0000,62.8500,63.1000,24.3438,2068750
2005-09-06,62.8600,63.9400,61.1300,63.8600,24.6370,2276000
2005-09-07,63.8600,64.7800,63.7200,64.1100,24.7334,1880300
2005-09-08,64.1000,64.5400,63.3600,63.5900,24.5328,1232300
2005-09-09,63.9500,65.2500,63.5600,65.2500,25.1732,1581300
2005-09-12,65.1000,65.1000,63.4500,63.5000,24.4981,1524450
2005-09-13,63.0000,64.3500,63.0000,63.9000,24.6524,1373850
2005-09-14,63.7700,64.6100,63.1000,63.9500,24.6717,1344100
2005-09-15,64.1400,64.9300,61.9860,63.5100,24.5019,2014500
2005-09-16,64.2000,64.4700,63.3500,63.7900,24.6100,1826100
2005-09-19,64.6000,66.3400,64.6000,66.0700,25.4896,1656500
2005-09-20,65.9900,65.9900,64.3100,65.0000,25.0768,1430700
2005-09-21,66.0200,66.8600,65.3000,65.9800,25.4549,2025150
2005-09-22,66.3000,67.0000,63.9700,64.2400,24.7836,2682800
2005-09-23,64.2400,64.2400,62.7600,63.4000,24.4595,2588650
2005-09-26,63.3900,66.1900,63.1200,66.1800,25.5320,2888050
2005-09-27,66.3000,66.5900,65.0200,66.3800,25.6092,1954400
2005-09-28,66.8700,67.5300,65.4400,67.4500,26.0220,1894400
2005-09-29,68.3300,68.3300,66.2700,67.3700,25.9911,2536850
2005-09-30,67.3800,67.5900,65.7100,65.8000,25.3854,1605400
2005-10-03,66.1000,67.4000,65.5200,66.5200,25.6632,1887200
2005-10-04,66.5200,66.6800,63.4700,63.5900,24.5328,2044350
2005-10-05,63.5400,63.7500,60.9100,61.0800,23.5645,3177600
2005-10-06,59.5300,60.7000,57.4800,58.8500,22.7041,3938050
2005-10-07,59.8000,59.9600,58.1300,59.2400,22.8546,2353400
2005-10-10,59.8000,60.0000,57.7500,58.5800,22.6000,1871550
2005-10-11,60.0000,60.7500,59.7200,59.9000,23.1092,1674700
2005-10-12,59.7500,60.3000,57.1600,58.2500,22.4726,2214450
2005-10-13,57.7500,57.7500,53.8800,55.4500,21.3924,4616550
2005-10-14,55.3000,56.8000,54.2600,56.3500,21.7396,3621350
2005-10-17,56.9700,58.5000,56.9700,58.1500,22.4341,2403400
2005-10-18,57.1500,58.2700,55.3400,55.5000,21.4117,2535600
2005-10-19,55.5000,57.4500,53.1500,57.2000,22.0676,2934200
2005-10-20,57.1600,58.2400,53.9500,55.1800,21.2883,2968250
2005-10-21,55.1900,58.1200,54.1200,57.7500,22.2797,3676350
2005-10-24,57.0000,59.7500,56.9900,59.5600,22.9780,1904600
2005-10-25,59.9700,61.0200,59.1900,60.9500,23.5143,1945100
2005-10-26,60.9500,62.8800,59.8075,60.5700,23.3677,2186950
2005-10-27,60.7200,61.6400,58.7900,58.9600,22.7466,2365950
2005-10-28,59.0000,61.9000,58.0100,61.7700,23.8306,2528950
2005-10-31,61.6000,62.9200,60.6600,62.4700,24.1007,2413750
2005-11-01,62.4700,63.4900,61.6300,63.2800,24.4132,2531650
2005-11-02,62.5800,65.0400,62.5000,64.8600,25.0228,2146900
2005-11-03,65.3000,65.5300,63.5000,63.9700,24.6794,2190600
2005-11-04,63.9700,63.9900,60.6000,61.0000,23.5336,2797800
2005-11-07,61.0100,61.0100,58.3200,59.5800,22.9858,2767400
2005-11-08,58.9900,60.2600,58.7100,59.2000,22.8392,2273900
2005-11-09,60.0600,60.2500,57.2500,58.7700,22.6733,2563900
2005-11-10,57.9000,58.0500,55.2000,55.4300,21.3847,2966150
2005-11-11,55.0000,56.3300,55.0000,55.8000,21.5274,1708750
2005-11-14,56.5000,57.5200,56.2300,56.9900,21.9865,1750000
2005-11-15,56.6000,58.4100,56.4600,56.6500,21.8554,2047000
2005-11-16,56.6400,58.3700,56.3400,58.2600,22.4765,2008500
2005-11-17,58.9300,60.1500,58.6200,59.3100,22.8816,2900250
2005-11-18,59.7000,59.7000,58.0500,59.0400,22.7774,1866650
2005-11-21,59.2500,61.1100,59.0500,60.7100,23.4217,1781400
2005-11-22,61.1000,62.9000,61.0100,62.7100,24.1933,1687700
2005-11-23,62.1000,63.4100,60.6900,62.4800,24.1046,1909500
2005-11-25,62.6000,63.1200,62.1500,62.5300,24.1239,382600
2005-11-28,61.6100,61.6800,58.5000,58.8200,22.6926,2623900
2005-11-29,59.3000,60.3500,58.3200,59.2400,22.8546,1914250
2005-11-30,59.0900,61.3900,58.9500,60.6200,23.3870,1977900
2005-12-01,60.9100,62.5500,60.7500,62.3900,24.0698,2667350
2005-12-02,62.6500,63.3700,60.7000,62.0400,23.9348,1823750
2005-12-05,62.5000,64.5600,61.9000,62.5500,24.1316,2421850
2005-12-06,62.3500,63.7600,62.0300,63.0200,24.3129,2033800
2005-12-07,63.2700,63.9500,62.3500,63.3600,24.4441,2020600
2005-12-08,63.5000,66.2800,63.5000,66.2100,25.5436,2501450
2005-12-09,65.7100,66.1300,65.0200,65.7000,25.3468,1957050
2005-12-12,66.2200,66.6600,65.2000,65.9900,25.4587,1392550
2005-12-13,66.2900,66.8800,64.3000,64.4500,24.8646,2168200
2005-12-14,64.4600,65.2800,63.2700,65.0000,25.0768,1680800
2005-12-15,65.0000,65.0000,63.3800,64.3200,24.8144,1548250
2005-12-16,64.9500,64.9500,63.3500,63.5700,24.5251,1719050
2005-12-19,63.7500,64.0100,61.6000,62.1700,23.9850,1919350
2005-12-20,62.4200,64.3400,62.2000,64.2000,24.7681,1458550
2005-12-21,64.5500,65.2200,64.0200,64.5800,24.9147,1194300
2005-12-22,64.9200,65.2300,63.4900,64.0000,24.6910,950650
2005-12-23,64.0000,64.0000,62.0200,63.7700,24.6022,993750
2005-12-27,63.6500,63.6500,60.7900,61.5600,23.7496,1216800
2005-12-28,61.9800,63.9899,61.3900,63.7000,24.5752,1753100
2005-12-29,63.3500,63.8680,62.3100,62.5100,24.1161,1610500
2005-12-30,61.8500,63.8900,61.5100,62.7000,24.1894,1148250
2006-01-03,62.8700,68.0500,62.8700,67.8100,26.1609,3638850
2006-01-04,67.7000,70.2500,66.9100,69.8400,26.9440,3721600
2006-01-05,69.8500,69.8800,67.3200,67.9100,26.1994,3280400
2006-01-06,69.0000,70.7100,68.3701,70.6400,27.2527,1768100
2006-01-09,70.6400,70.6500,68.6300,69.8700,26.9556,1927450
2006-01-10,69.6200,71.8700,69.6200,71.5500,27.6037,2002400
2006-01-11,70.6500,72.3200,69.5400,71.9000,27.7388,2323000
2006-01-12,72.4000,72.4900,68.9400,69.0700,26.6470,3044200
2006-01-13,70.4400,70.4400,68.6200,69.8000,26.9286,1864450
2006-01-17,70.8100,71.5900,70.6900,71.2000,27.4687,1799150
2006-01-18,71.7000,71.7000,69.0900,70.6900,27.2720,1853600
2006-01-19,70.4100,73.9000,70.4000,73.4300,28.3290,2628100
2006-01-20,74.6300,75.7300,72.4500,73.3300,28.2905,3145550
2006-01-23,73.3300,75.1800,72.5700,74.2600,28.6492,2143700
2006-01-24,74.2600,75.1600,73.6400,73.8100,28.4756,2405200
2006-01-25,74.4000,74.6700,70.7500,71.4300,27.5574,2597950
2006-01-26,71.3000,72.4899,69.6300,71.4900,27.5806,2404300
2006-01-27,72.7000,74.6500,71.1500,72.5200,27.9780,1727950
2006-01-30,73.0000,77.1100,72.8900,76.5400,29.5289,2533750
2006-01-31,76.5400,76.8800,74.2500,76.0700,29.3475,1926200
2006-02-01,76.5000,77.6000,73.1200,73.5800,28.3869,2725600
2006-02-02,73.5800,74.7300,71.1500,72.7500,28.0667,2798550
2006-02-03,73.6500,74.3800,71.6000,73.4400,28.3329,1998850
2006-02-06,74.4000,75.6200,74.1900,75.3400,29.0659,1868200
2006-02-07,74.9000,74.9000,69.1800,69.6300,26.8630,3345100
2006-02-08,69.7300,69.7900,66.8000,68.1300,26.2843,3922000
2006-02-09,68.6200,68.9600,64.3500,64.8400,25.0150,4464850
2006-02-10,65.0000,65.4700,62.6400,63.8000,24.6138,5534000
2006-02-13,63.8200,64.6900,63.0300,64.0600,24.7141,3092200
2006-02-14,62.2500,62.7600,61.2300,61.4900,23.7226,4456950
2006-02-15,61.8300,62.6000,60.2000,60.7500,23.4371,4345750
2006-02-16,61.2500,62.9500,60.7900,62.8600,24.2512,3643300
2006-02-17,63.9600,65.1100,63.2000,64.3000,24.8067,4093750
2006-02-21,65.9100,67.3000,65.1400,66.5800,25.6863,2801350
2006-02-22,65.1500,65.2800,63.9000,64.4500,24.8646,1905500
2006-02-23,64.2000,65.7700,62.3000,64.2000,24.7681,2358750
2006-02-24,65.2000,66.5500,63.5600,63.7900,24.6100,2211350
2006-02-27,63.5600,63.5700,60.9800,61.1100,23.5760,2523750
2006-02-28,60.5100,61.0100,58.7700,60.8800,23.4873,3781800
2006-03-01,61.1400,61.5600,60.1500,61.0700,23.5606,2686350
2006-03-02,61.4600,63.6700,61.3000,62.6600,24.1740,2909550
2006-03-03,62.6700,63.8600,62.1000,62.7400,24.2049,2174750
2006-03-06,62.1600,62.3000,59.5500,59.8300,23.0822,2564550
2006-03-07,60.0800,60.1500,57.6700,58.0800,22.4071,3679100
2006-03-08,57.0900,58.7500,55.8900,58.5400,22.5845,4007500
2006-03-09,58.9100,59.3800,56.7400,57.0000,21.9904,3806000
2006-03-10,56.6000,58.3100,55.7800,57.3000,22.1061,2737550
2006-03-13,58.0600,59.3700,57.4800,58.3200,22.4997,2899700
2006-03-14,58.4000,60.1700,57.4900,60.0200,23.1555,2301850
2006-03-15,60.0200,60.3000,58.8700,59.5800,22.9858,1998650
2006-03-16,59.5800,61.2600,58.9200,60.7400,23.4333,2627450
2006-03-17,60.8100,61.0200,59.6300,60.0100,23.1516,1694200
2006-03-20,60.0100,60.5360,58.0700,58.5700,22.5961,2387700
2006-03-21,58.3200,60.2900,57.4600,58.4700,22.5575,2068300
2006-03-22,58.4700,59.9400,57.7900,59.0700,22.7890,2408950
2006-03-23,59.7500,61.6000,59.6000,61.4600,23.7111,2210150
2006-03-24,61.8300,63.8000,61.4800,62.6800,24.1817,2839600
2006-03-27,62.6900,62.6900,61.2200,61.7700,23.8306,1688800
2006-03-28,62.0600,63.3200,62.0000,62.9000,24.2666,2189500
2006-03-29,64.0000,64.9100,62.9700,64.6200,24.9302,2253700
2006-03-30,64.8400,66.0000,64.6300,65.8800,25.4163,2116100
2006-03-31,65.8800,65.8800,63.6000,64.1200,24.7373,3193050
2006-04-03,64.1200,65.6600,63.6700,63.9400,24.6678,2186400
2006-04-04,63.5000,64.3000,62.6000,63.9900,24.6871,2509350
2006-04-05,65.0000,65.0000,63.3700,64.8900,25.0343,2809000
2006-04-06,65.1400,65.4700,63.7560,64.4700,24.8723,2360850
2006-04-07,64.2700,64.7000,62.8000,63.2600,24.4055,1843700
2006-04-10,63.9000,65.3700,63.8000,65.3200,25.2002,2223650
2006-04-11,67.2600,68.4300,65.6300,66.4000,25.6169,4772450
2006-04-12,66.8500,66.8699,65.4900,65.6900,25.3430,1608700
2006-04-13,65.7000,67.2000,64.7500,67.1800,25.9178,2147000
2006-04-17,68.2000,68.5700,67.2700,68.1300,26.2843,2020150
2006-04-18,68.8000,70.0100,68.8000,69.7900,26.9247,2489150
2006-04-19,70.4400,72.6100,69.7900,71.8500,27.7195,3290500
2006-04-20,71.2500,71.4900,68.5000,70.1900,27.0791,3064950
2006-04-21,70.1900,71.9100,69.8162,71.1200,27.4378,2100650
2006-04-24,71.0000,71.0000,68.7900,70.0000,27.0058,2433800
2006-04-25,70.6000,71.1600,67.2500,68.7600,26.5274,2960250
2006-04-26,70.0000,72.4900,68.4200,68.7400,26.5197,4121050
2006-04-27,67.5500,68.4800,64.8000,66.7000,25.7326,4533700
2006-04-28,67.2000,69.8100,67.1500,68.9700,26.6084,3727800
2006-05-01,69.8800,71.0600,69.5300,70.2400,27.0983,3605900
2006-05-02,71.1800,72.1600,70.2400,71.7400,27.6770,4277750
2006-05-03,71.6500,71.9600,69.6300,70.8800,27.3453,3291850
2006-05-04,70.7600,72.1100,69.4100,70.5000,27.1987,3662600
2006-05-05,71.7000,71.9100,70.4800,71.4200,27.5536,3067150
2006-05-08,71.4000,71.4000,68.3700,69.5400,26.8283,3821950
2006-05-09,69.6000,70.8000,69.3100,70.6500,27.2565,2273550
2006-05-10,70.6000,71.2000,69.6600,71.0700,27.4186,2207450
2006-05-11,72.0000,72.9900,69.5200,69.8400,26.9440,2963800
2006-05-12,69.8000,69.8400,66.7400,67.0200,25.8561,2757850
2006-05-15,64.8500,65.7900,63.8900,65.0700,25.1038,3318550
2006-05-16,66.6000,67.0100,64.7500,65.2200,25.1616,4008350
2006-05-17,65.1500,65.5500,63.1000,63.7100,24.5791,2816200
2006-05-18,63.7100,64.3600,61.9308,62.1200,23.9657,3110950
2006-05-19,62.3000,63.5000,60.6700,62.5500,24.1316,3405750
2006-05-22,62.4500,62.6600,59.6700,61.9800,23.9117,2845800
2006-05-23,63.5000,64.7300,61.8500,61.9700,23.9078,3322450
2006-05-24,61.8100,64.5000,60.1600,61.4100,23.6918,4720450
2006-05-25,62.7500,64.6600,62.0200,64.6600,24.9456,3735100
2006-05-26,64.0000,65.8000,64.0000,65.3600,25.2157,2466100
2006-05-30,66.2500,66.5800,64.3900,64.4500,24.8646,2961250
2006-05-31,64.4000,66.1900,64.0400,66.0600,25.4857,3520950
2006-06-01,66.0600,67.4199,65.0000,67.1900,25.9217,2706850
2006-06-02,67.4400,69.1300,67.2100,68.9400,26.5968,2287850
2006-06-05,69.5000,69.8400,65.7500,65.9400,25.4394,2588200
2006-06-06,65.9400,67.3500,65.0300,66.0800,25.4934,2819200
2006-06-07,66.0400,66.0400,63.0800,63.2700,24.4093,2901150
2006-06-08,61.2800,62.6800,59.0000,62.4600,24.0968,6717650
2006-06-09,62.4800,63.5100,60.9600,62.5400,24.1277,2075500
2006-06-12,61.8500,62.7300,58.6200,59.5300,22.9665,2602700
2006-06-13,59.2700,60.1200,56.3300,56.8200,21.9210,3596950
2006-06-14,57.0100,59.1800,56.9200,58.6500,22.6270,3142150
2006-06-15,59.4400,62.1600,59.1600,61.9500,23.9001,2714400
2006-06-16,61.0000,61.5999,59.8900,60.9400,23.5104,2617450
2006-06-19,60.8400,60.8400,57.8800,58.4800,22.5614,2304850
2006-06-20,58.7700,59.1700,56.3200,56.5000,21.7975,4491000
2006-06-21,56.8500,59.2000,56.8200,58.4000,22.5305,2777600
2006-06-22,58.4700,59.4800,57.5300,58.7200,22.6540,2352750
2006-06-23,59.3700,60.6000,59.2500,59.9700,23.1362,1890200
2006-06-26,59.9700,60.6000,59.2500,60.4400,23.3175,1373700
2006-06-27,59.2300,61.7299,59.2300,60.1800,23.2172,2127400
2006-06-28,60.5500,61.3800,59.7900,60.6200,23.3870,1705300
2006-06-29,61.5000,63.1100,60.4500,63.1000,24.3438,2822050
2006-06-30,63.1500,64.0000,62.2800,63.3200,24.4286,2076050
2006-07-03,63.5700,63.8700,63.3800,63.4800,24.4904,728600
2006-07-05,62.8500,62.9400,60.9200,62.5500,24.1316,2867000
2006-07-06,62.5600,63.0700,61.3400,61.4900,23.7226,2852350
2006-07-07,61.9000,62.4600,60.0000,60.2000,23.2249,1781600
2006-07-10,60.2000,61.7000,60.1000,60.5100,23.3445,1623450
2006-07-11,60.7600,62.1700,60.6400,61.9600,23.9040,1851500
2006-07-12,61.9600,62.5000,60.9200,61.9100,23.8847,2344100
2006-07-13,61.9200,62.3400,61.0100,61.4800,23.7188,2558250
2006-07-14,62.1400,62.6400,59.6900,62.0900,23.9541,2589500
2006-07-17,61.4500,61.5000,59.3100,59.6700,23.0205,3086700
2006-07-18,60.5700,60.8300,57.9700,58.8000,22.6848,3087900
2006-07-19,58.6500,61.1300,58.4900,60.9900,23.5297,2871550
2006-07-20,60.9900,61.4700,58.9100,59.3200,22.8854,2783150
2006-07-21,59.3600,59.5000,57.5500,58.0200,22.3839,3817600
2006-07-24,58.2700,59.1800,57.8000,58.5200,22.5768,3337750
2006-07-25,58.8700,60.4900,58.8700,60.0800,23.1787,2568450
2006-07-26,59.7100,63.4500,58.5175,62.8700,24.2550,4425600
2006-07-27,65.5000,67.7900,64.0400,64.3000,24.8067,5348500
2006-07-28,64.3000,65.7900,63.5600,65.4900,25.2658,2610350
2006-07-31,66.2500,67.7300,66.0600,67.0400,25.8638,2608700
2006-08-01,67.0400,67.2500,65.1700,66.9800,25.8406,1971250
2006-08-02,67.7500,68.6500,66.1200,66.9000,25.8098,2488250
2006-08-03,65.9000,66.8300,65.3000,66.3000,25.5783,2192250
2006-08-04,66.6500,67.1500,64.5300,65.1000,25.1154,2486600
2006-08-07,66.0000,66.4900,64.2700,65.7400,25.3623,2354750
2006-08-08,65.7000,66.7000,65.0100,65.4800,25.2620,2335450
2006-08-09,66.2500,67.2200,65.4800,65.6200,25.3160,2906700
2006-08-10,65.1100,65.8200,64.4300,65.7000,25.3468,2707050
2006-08-11,65.1100,65.9900,64.1900,64.8000,24.9996,1976000
2006-08-14,64.7000,64.7100,63.0500,63.6100,24.5405,2105000
2006-08-15,63.8000,64.8500,63.2100,64.7400,24.9765,1560450
2006-08-16,65.1700,66.7100,64.9900,65.7400,25.3623,1905150
2006-08-17,64.9700,65.0500,63.3700,64.1200,24.7373,2012500
2006-08-18,65.3000,66.4300,64.1600,66.2700,25.5667,2338900
2006-08-21,66.5000,67.1300,66.1900,66.7800,25.7635,1519750
2006-08-22,67.1000,68.3500,67.0600,68.0100,26.2380,2456450
2006-08-23,68.0100,68.0600,65.8800,66.3700,25.6053,1600300
2006-08-24,66.5400,66.8500,65.4400,66.7200,25.7403,1559600
2006-08-25,67.0000,68.3400,66.7700,67.9400,26.2110,1860800
2006-08-28,67.6300,67.6400,66.1600,66.3100,25.5822,1524750
2006-08-29,66.0600,67.1328,65.1600,66.8500,25.7905,2014950
2006-08-30,66.4500,66.6100,64.5500,65.1300,25.1269,2177300
2006-08-31,64.9900,66.4400,64.5200,65.3000,25.1925,1856000
2006-09-01,65.8500,67.1300,65.6200,67.0200,25.8561,1681450
2006-09-05,66.5300,68.3100,66.0100,68.0800,26.2650,2962600
2006-09-06,66.9700,67.5600,65.3600,65.5900,25.3044,2582550
2006-09-07,65.7000,66.2900,64.3400,64.9100,25.0421,2835250
2006-09-08,65.0600,65.4500,61.9407,62.1600,23.9811,3709700
2006-09-11,61.9000,61.9100,59.0500,59.2200,22.8469,4106500
2006-09-12,59.2000,60.4600,57.4500,58.2500,22.4726,3264000
2006-09-13,58.5900,60.9200,58.5700,60.3000,23.2635,3227650
2006-09-14,60.1400,60.9300,58.1100,58.6400,22.6231,2584950
2006-09-15,58.6400,59.7100,58.2000,59.1600,22.8237,2195500
2006-09-18,59.4800,61.0900,59.3600,60.6000,23.3793,2176100
2006-09-19,60.7900,61.0900,58.3000,58.8200,22.6926,2712050
2006-09-20,58.8200,59.8800,56.7610,57.0100,21.9943,3942050
2006-09-21,57.5000,58.9200,57.2500,57.5000,22.1833,3408300
2006-09-22,57.9400,57.9400,56.0100,56.3300,21.7319,2617700
2006-09-25,56.0000,57.0000,54.8700,56.7800,21.9055,3538700
2006-09-26,56.7800,58.2400,56.3000,57.7500,22.2797,2379250
2006-09-27,58.2500,59.1500,57.5500,58.5500,22.5884,4158950
2006-09-28,58.8600,59.3800,58.0800,58.5000,22.5691,4027800
2006-09-29,58.5100,59.1800,57.7600,58.5500,22.5884,2325150
2006-10-02,58.5600,58.7600,56.3700,56.7100,21.8785,2686900
2006-10-03,54.7500,55.1700,51.9600,52.0800,20.0923,7478450
2006-10-04,52.1500,53.2000,51.6200,52.8500,20.3893,7151500
2006-10-05,54.8000,54.8000,53.1600,54.0300,20.8446,5355250
2006-10-06,53.6100,54.6600,52.9000,54.6600,21.0876,3698750
2006-10-09,54.9700,56.0000,53.6700,53.9000,20.7944,3340300
2006-10-10,53.5000,55.1200,53.1600,54.4100,20.9912,3749950
2006-10-11,54.3000,54.9400,52.8100,53.3300,20.5745,3808650
2006-10-12,53.3300,55.7100,53.1500,55.7100,21.4927,3548250
2006-10-13,56.2600,57.7400,56.1710,56.7400,21.8901,3733550
2006-10-16,57.7200,59.1300,57.0000,58.9500,22.7427,3294500
2006-10-17,59.1000,59.1100,57.5600,58.4600,22.5537,3739550
2006-10-18,58.2500,58.9900,57.1000,57.9200,22.3453,3207350
2006-10-19,58.2400,59.9900,58.2400,59.9600,23.1324,2744350
2006-10-20,60.5600,60.5600,58.0700,58.3900,22.5267,3035900
2006-10-23,57.6100,59.2300,57.3200,58.4800,22.5614,1786150
2006-10-24,58.1400,60.6500,58.0900,60.2500,23.2442,2334000
2006-10-25,60.0000,62.4600,59.8000,61.6900,23.7998,3293200
2006-10-26,61.9100,62.4600,60.9600,61.9100,23.8847,2585850
2006-10-27,63.3000,63.3000,59.6800,59.8700,23.0976,5098650
2006-10-30,59.6400,60.6800,59.1700,59.7900,23.0668,3125950
2006-10-31,59.7900,60.6400,58.7100,60.4000,23.3021,3096350
2006-11-01,60.3900,60.5300,58.7000,59.2900,22.8739,2998650
2006-11-02,59.1900,59.8500,58.1900,59.0300,22.7736,2482500
2006-11-03,59.8500,61.3600,59.7000,61.0200,23.5413,2143250
2006-11-06,60.6000,62.7600,60.4400,62.4300,24.0853,3148800
2006-11-07,62.4300,62.5000,60.7000,61.3800,23.6802,2246050
2006-11-08,60.6800,62.9000,60.6300,62.7700,24.2164,3038000
2006-11-09,63.1600,64.1600,62.2300,62.3700,24.0621,3042850
2006-11-10,62.3600,62.3800,60.4100,61.1900,23.6069,2012050
2006-11-13,60.4300,61.2600,60.2100,60.6600,23.4024,2256700
2006-11-14,60.7100,60.8100,60.0181,60.4700,23.3291,2486950
2006-11-15,61.0000,62.3000,60.4300,62.1000,23.9580,2802550
2006-11-16,62.8500,63.0000,59.6500,59.6900,23.0282,2972650
2006-11-17,59.6900,60.3400,58.4200,60.3000,23.2635,3592700
2006-11-20,59.8500,60.8000,59.1400,60.0800,23.1787,2553600
2006-11-21,60.2800,62.4000,60.2700,62.2800,24.0274,2572200
2006-11-22,62.2800,63.0000,60.8600,62.0500,23.9387,2433050
2006-11-24,62.0600,63.1000,61.9900,61.9900,23.9155,759900
2006-11-27,62.8000,63.5200,62.0500,62.5100,24.1161,2801550
2006-11-28,63.1000,64.6800,63.0800,64.1500,24.7488,3188150
2006-11-29,64.6200,66.8900,64.5700,66.6100,25.6979,3068500
2006-11-30,67.0700,67.0900,65.6000,66.5100,25.6593,2205800
2006-12-01,65.5500,67.6200,65.3800,67.3500,25.9834,2871650
2006-12-04,66.8500,67.8100,66.4000,67.7300,26.1300,2408850
2006-12-05,68.1300,68.6000,66.6400,67.1300,25.8985,2641850
2006-12-06,66.9700,67.6400,66.4600,66.9500,25.8291,2065850
2006-12-07,66.9500,67.0900,65.3900,66.3500,25.5976,2233300
2006-12-08,67.2100,67.6100,66.1500,66.4000,25.6169,1733600
2006-12-11,66.4000,66.5800,65.4600,65.8800,25.4163,1444800
2006-12-12,67.0200,67.7500,65.6800,66.3400,25.5937,3016250
2006-12-13,66.7500,68.1100,66.6200,67.3200,25.9718,2320350
2006-12-14,67.7500,68.6000,67.5020,68.1200,26.2805,2683000
2006-12-15,68.1200,68.1200,66.4800,67.0300,25.8599,2262350
2006-12-18,66.5000,66.8100,62.7600,62.9200,24.2743,3898250
2006-12-19,62.6100,64.6400,62.1600,64.2300,24.7797,2947850
2006-12-20,64.1100,64.5800,62.8800,62.9700,24.2936,2014600
2006-12-21,63.2600,63.7000,62.2500,62.8700,24.2550,1976250
2006-12-22,62.8800,63.2300,61.8100,62.2600,24.0197,1986900
2006-12-26,62.3000,62.5300,60.8000,61.5700,23.7535,1383700
2006-12-27,62.0000,62.4000,61.0000,62.3500,24.0544,1229750
2006-12-28,62.0400,62.5900,61.3900,62.3400,24.0506,1647850
2006-12-29,62.0000,62.1200,61.0000,61.1800,23.6030,2036100
2007-01-03,61.9500,61.9500,57.5600,58.2400,22.4688,5589800
2007-01-04,58.2000,58.2400,55.5700,56.0900,21.6393,4666000
2007-01-05,56.2600,56.8100,55.6100,56.3500,21.7396,4290150
2007-01-08,57.2500,57.7100,56.2900,56.8300,21.9248,3692300
2007-01-09,55.9500,56.5900,54.6800,55.7800,21.5197,5139200
2007-01-10,55.6800,55.8500,55.0000,55.1400,21.2728,3851000
2007-01-11,55.0100,56.3200,53.7500,53.9900,20.8292,4492650
2007-01-12,54.1800,56.1100,54.0600,56.0400,21.6200,3067950
2007-01-16,55.7800,56.5600,55.2600,55.9400,21.5815,3989500
2007-01-17,55.9800,57.4300,55.8700,57.1100,22.0328,3102550
2007-01-18,57.6300,57.8200,56.0200,56.2800,21.7126,2760100
2007-01-19,56.5000,58.3700,56.3000,58.2000,22.4534,2632900
2007-01-22,59.6000,59.8700,58.1100,58.6300,22.6192,3936500
2007-01-23,59.2500,61.2700,59.2500,60.8900,23.4911,3009150
2007-01-24,60.4000,60.7700,59.2900,60.1600,23.2095,3049850
2007-01-25,60.1700,60.1700,58.3600,58.5700,22.5961,2296300
2007-01-26,58.9000,59.4400,58.2700,58.4800,22.5614,2614000
2007-01-29,58.4800,58.8800,57.4800,57.6100,22.2257,2464550
2007-01-30,57.8000,60.0100,57.7900,59.6000,22.9935,2997300
2007-01-31,59.2600,61.0000,58.8800,60.6400,23.3947,3235050
2007-02-01,60.9000,61.0500,59.7000,60.1000,23.1864,2399900
2007-02-02,60.4500,61.2000,59.6900,60.6100,23.3831,2186600
2007-02-05,60.7600,61.0100,59.8200,60.0300,23.1594,2282450
2007-02-06,63.1100,66.0800,62.9900,65.6800,25.3391,11031000
2007-02-07,66.7000,67.5000,65.4700,66.1100,25.5050,5189700
2007-02-08,66.1200,68.4700,66.0300,68.0900,26.2689,4341050
2007-02-09,68.0000,68.2100,66.1800,66.5400,25.6709,3305700
2007-02-12,65.5200,67.3500,65.5200,66.5300,25.6670,2604250
2007-02-13,67.9500,69.0300,67.4200,69.0300,26.6315,3115750
2007-02-14,69.0300,69.4000,68.0000,68.9400,26.5968,3076900
2007-02-15,68.9400,68.9400,67.5570,68.2900,26.3460,3305600
2007-02-16,68.2600,68.3100,67.6000,67.7900,26.1531,2655150
2007-02-20,67.3100,67.6900,66.6600,66.7200,25.7403,2875400
2007-02-21,66.5000,67.8500,66.3700,67.8000,26.1570,2980450
2007-02-22,67.6000,69.4900,67.0800,69.1300,26.6701,2714050
2007-02-23,69.6400,70.3900,69.0800,69.8500,26.9479,2762750
2007-02-26,70.0900,71.0300,69.8200,70.3800,27.1524,2367700
2007-02-27,69.0000,70.1500,67.3100,67.8200,26.1647,4435900
2007-02-28,67.8400,69.9900,67.6800,69.6400,26.8669,4870300
2007-03-01,68.4800,71.3500,67.8000,70.4500,27.1794,4495550
2007-03-02,70.3500,70.5900,68.0100,68.5600,26.4502,3246700
2007-03-05,67.0500,69.1600,67.0000,67.7200,26.1261,3533150
2007-03-06,68.6200,71.0000,68.6200,70.5000,27.1987,3745450
2007-03-07,70.4800,73.3000,70.1400,72.3100,27.8969,4315000
2007-03-08,72.7900,74.2600,72.5200,73.5500,28.3753,3847000
2007-03-09,73.7560,73.8000,72.0000,72.6000,28.0088,2741000
2007-03-12,71.9200,72.4700,71.4200,72.4700,27.9587,2845150
2007-03-13,72.9500,74.6700,72.1731,72.4500,27.9510,6359450
2007-03-14,72.8300,75.0000,72.4900,74.3700,28.6917,3756650
2007-03-15,74.2000,74.3500,72.9100,73.3000,28.2789,2756750
2007-03-16,73.4000,74.1400,72.6500,72.9100,28.1284,2935400
2007-03-19,74.0100,75.8200,74.0100,75.3500,29.0698,2643400
2007-03-20,75.0300,76.2400,73.6100,74.7000,28.8190,4841250
2007-03-21,75.1000,77.8900,74.9700,77.1800,29.7758,3535050
2007-03-22,78.0000,78.3200,76.7400,76.9000,29.6678,3854450
2007-03-23,76.9600,77.5700,76.6800,77.3600,29.8452,3039650
2007-03-26,77.8600,78.1800,76.3100,78.0800,30.1230,3104000
2007-03-27,77.7200,78.0000,76.7600,77.8000,30.0150,2330100
2007-03-28,78.3500,78.9900,77.4100,77.8100,30.0188,3086800
2007-03-29,78.6800,79.2800,76.8600,78.7100,30.3660,3420800
2007-03-30,78.7100,78.9300,77.4500,77.7900,30.0111,2207450
2007-04-02,77.6000,78.3400,76.5500,78.2000,30.1693,3781900
2007-04-03,78.2000,78.6200,76.8800,78.5000,30.2850,2404000
2007-04-04,77.7800,79.8100,77.7600,79.3800,30.6245,2712850
2007-04-05,80.9900,80.9900,78.9800,79.8200,30.7943,2423300
2007-04-09,79.6700,81.0000,79.2300,79.6300,30.7210,2149250
2007-04-10,79.5243,81.9800,79.4100,81.9600,31.6199,2782350
2007-04-11,81.9600,81.9600,80.0000,80.4400,31.0335,3207250
2007-04-12,80.7700,83.3800,80.7600,83.0600,32.0443,3410200
2007-04-13,83.1200,83.3600,82.2400,83.1700,32.0867,2664050
2007-04-16,81.5200,84.1000,81.5200,84.0200,32.4146,2454450
2007-04-17,84.2300,84.6900,82.3200,82.8000,31.9440,3112850
2007-04-18,81.2000,81.2800,78.7100,79.4800,30.6631,5600250
2007-04-19,79.9900,79.9900,77.8100,78.3100,30.2117,2558000
2007-04-20,79.4500,79.7200,78.4000,79.2600,30.5782,2489050
2007-04-23,80.2000,81.6900,79.8700,80.6900,31.1299,3260800
2007-04-24,80.0100,80.9700,79.0100,79.5000,30.6708,3313900
2007-04-25,80.3500,82.2300,80.2600,81.4100,31.4077,3748950
2007-04-26,81.8400,83.0800,80.0100,82.8100,31.9478,3880050
2007-04-27,84.7000,87.8600,83.3500,86.6500,33.4293,8517650
2007-04-30,86.7800,87.2600,84.7800,84.8500,32.7348,4619550
2007-05-01,84.7900,87.1500,83.8400,87.1000,33.6029,4400200
2007-05-02,88.0300,89.2500,87.1000,88.5900,34.1777,3669250
2007-05-03,88.5900,90.6600,87.8800,89.8100,34.6484,3171200
2007-05-04,90.2500,90.6500,87.5200,88.0400,33.9655,5238250
2007-05-07,88.0400,88.7900,87.3600,88.4800,34.1353,2175100
2007-05-08,88.0400,90.4600,86.8100,90.2900,34.8336,4038850
2007-05-09,90.2900,90.4200,88.0700,90.4100,34.8799,3612100
2007-05-10,90.6100,90.7000,88.1300,88.3900,34.1006,2678550
2007-05-11,88.9900,91.9300,88.3900,91.7100,35.3814,2976350
2007-05-14,92.0000,92.3900,90.3600,91.3700,35.2502,2677350
2007-05-15,90.9000,92.2500,90.1610,90.6300,34.9647,3195900
2007-05-16,91.1000,91.3800,88.6045,90.3000,34.8374,2711300
2007-05-17,90.0100,92.2400,89.6700,91.9000,35.4547,3077350
2007-05-18,93.4800,94.2800,92.8000,94.2800,36.3729,3267900
2007-05-21,96.0000,96.0000,93.7600,94.6500,36.5156,3292300
2007-05-22,94.0000,95.0000,92.0700,92.2900,35.6052,2777400
2007-05-23,92.7500,94.3200,92.2900,92.7500,35.7826,3377800
2007-05-24,92.9700,94.0400,88.6300,89.2100,34.4169,4322550
2007-05-25,90.2000,91.8300,90.2000,91.7500,35.3968,2782050
2007-05-29,91.0900,92.4100,90.7000,91.2000,35.1846,2276550
2007-05-30,90.4100,93.8400,90.3600,93.6600,36.1337,2802100
2007-05-31,93.6600,96.1000,93.0200,94.4500,36.4385,6270300
2007-06-01,95.2700,96.8800,94.4500,95.7400,36.9362,2550600
2007-06-04,95.7400,98.0500,95.6400,97.7100,37.6962,2596950
2007-06-05,97.9500,99.4300,97.2000,98.1400,37.8621,2974350
2007-06-06,97.7600,98.1400,95.5800,96.7200,37.3142,2498600
2007-06-07,96.3100,98.3200,95.6900,96.1100,37.0789,4153650
2007-06-08,95.5000,96.4100,94.5175,96.3500,37.1715,2648850
2007-06-11,97.0500,99.0300,96.7700,97.6000,37.6537,2428050
2007-06-12,97.6000,99.2600,97.0500,97.2800,37.5303,4085900
2007-06-13,98.1500,102.3900,97.9100,101.8300,39.2857,4920850
2007-06-14,102.6100,106.0400,102.4200,105.6600,40.7633,5348800
2007-06-15,106.8000,107.8100,106.5245,107.0700,41.3072,4511850
2007-06-18,106.8800,107.1500,104.1500,106.6700,41.1529,3182700
2007-06-19,106.6700,108.9100,105.8100,107.6500,41.5310,2646400
2007-06-20,108.2000,109.5700,102.8900,103.1900,39.8103,4834550
2007-06-21,104.0580,107.4500,103.4500,107.3400,41.4114,4316100
2007-06-22,107.3400,108.9300,106.2200,108.9300,42.0248,4339400
2007-06-25,107.5000,107.7300,104.7000,105.5100,40.7054,3401200
2007-06-26,105.4500,105.7200,101.3100,101.9100,39.3165,3719500
2007-06-27,99.8500,105.1200,99.0600,105.1000,40.5472,4420050
2007-06-28,105.8500,106.6400,102.2500,102.9100,39.7023,3051300
2007-06-29,104.5000,106.0000,103.2000,104.2400,40.2154,2505800
2007-07-02,104.2500,109.0000,104.2500,108.9700,42.0402,3700300
2007-07-03,108.9700,109.7300,108.0800,109.1400,42.1058,1991750
2007-07-05,109.6100,109.9800,106.0100,108.2200,41.7509,3495700
2007-07-06,109.4000,111.5700,109.0000,110.1100,42.4801,3144450
2007-07-09,110.2900,111.7500,109.4400,109.8100,42.3643,2894800
2007-07-10,109.5400,110.2400,108.0200,108.9200,42.0210,3161750
2007-07-11,107.7500,109.8000,107.0600,109.6400,42.2987,2558450
2007-07-12,110.0900,111.3500,109.6400,110.7200,42.7154,2756200
2007-07-13,109.7700,112.0000,109.0000,111.8500,43.1513,2311500
2007-07-16,112.2400,113.1700,110.5900,112.7400,43.4947,2866550
2007-07-17,113.3000,114.0400,110.6900,112.5400,43.4175,3894600
2007-07-18,112.0400,115.6500,111.8600,115.5100,44.5634,3643600
2007-07-19,116.4900,117.4900,115.6500,117.2100,45.2192,3549600
2007-07-20,118.0100,118.2900,116.0200,117.7000,45.4082,3426900
2007-07-23,119.1800,119.3500,114.6800,117.0800,45.1691,3487350
2007-07-24,115.7500,116.2500,111.4900,112.3300,43.3365,3586950
2007-07-25,117.1800,124.4000,113.7400,123.8900,47.7963,10084900
2007-07-26,122.9200,125.3600,118.9900,123.1500,47.5108,6462350
2007-07-27,122.8400,124.3100,117.7500,118.0400,45.5394,4257100
2007-07-30,118.5300,120.7700,115.1300,119.9800,46.2879,4359700
2007-07-31,121.0000,124.3500,119.9200,120.1100,46.3380,3670700
2007-08-01,119.7500,122.3900,113.7100,116.7800,45.0533,6234800
2007-08-02,116.8200,118.4500,111.9700,114.4100,44.1390,4955250
2007-08-03,114.0700,115.9900,109.3500,109.7900,42.3566,4434650
2007-08-06,109.7300,110.5000,103.5600,110.3900,42.5881,5007450
2007-08-07,108.5000,118.5000,107.3400,117.3800,45.2848,5802850
2007-08-08,118.4000,119.5000,113.3200,114.1200,44.0271,4289500
2007-08-09,110.9100,114.1090,109.7900,110.9400,42.8003,4229400
2007-08-10,110.4600,116.7000,107.0600,116.3400,44.8836,4133150
2007-08-13,118.1000,120.3800,115.0700,116.8200,45.0687,3041450
2007-08-14,117.6000,119.4500,115.5100,115.6200,44.6058,2674150
2007-08-15,115.6200,116.7000,109.5800,109.8300,42.3720,3817500
2007-08-16,107.6000,109.7100,97.8100,103.1200,39.7833,7521000
2007-08-17,108.6000,109.6900,103.5900,108.6500,41.9168,4348150
2007-08-20,108.7000,112.6000,106.0700,111.4600,43.0009,3438350
2007-08-21,110.4400,113.5700,108.6100,111.3400,42.9546,3410400
2007-08-22,112.5000,113.8400,111.1900,113.4800,43.7802,2377600
2007-08-23,114.0500,117.5500,113.9600,116.7900,45.0572,4224500
2007-08-24,116.6000,121.2800,116.1400,121.0000,46.6814,2896600
2007-08-27,121.0000,121.2299,118.1000,120.0900,46.3303,2574650
2007-08-28,119.5900,120.5500,116.8900,117.5800,45.3620,3125700
2007-08-29,119.0000,123.5523,117.5800,122.7600,47.3604,2977450
2007-08-30,121.3200,124.0000,121.2180,123.3400,47.5841,2788350
2007-08-31,125.5100,131.7300,124.9100,128.0000,49.3820,4317250
2007-09-04,128.4000,133.9700,127.3500,132.4100,51.0833,5105750
2007-09-05,131.6000,132.3900,129.0500,131.4100,50.6975,3499550
2007-09-06,132.0100,134.9000,132.0100,134.1300,51.7469,2990400
2007-09-07,131.0000,132.6000,128.4400,129.8900,50.1111,3323350
2007-09-10,129.6100,132.3000,126.5342,130.6400,50.4005,3387900
2007-09-11,131.2400,137.5000,130.0300,136.9400,52.8310,3924100
2007-09-12,135.9800,137.4500,135.0500,136.1300,52.5185,3044650
2007-09-13,136.0500,137.0800,131.8400,133.4900,51.5000,3465950
2007-09-14,132.0000,134.0000,130.7500,133.6100,51.5463,2985000
2007-09-17,133.4700,134.6100,131.5300,132.4400,51.0949,1966150
2007-09-18,132.9900,135.7700,131.1700,135.5200,52.2831,3484350
2007-09-19,137.0200,137.3200,135.4000,136.2200,52.5532,3030100
2007-09-20,136.3300,140.4600,135.5000,140.1700,54.0771,2824500
2007-09-21,141.9000,145.3600,140.1700,144.6200,55.7939,4212300
2007-09-24,145.0900,145.5800,140.3300,142.6800,55.0454,2617150
2007-09-25,140.1100,142.5000,137.7700,142.2000,54.8603,2187400
2007-09-26,143.5800,147.0000,140.5100,146.7100,56.6002,3492700
2007-09-27,148.5000,149.8900,146.3800,147.3300,56.8394,2897350
2007-09-28,148.4500,150.0900,143.3200,144.5000,55.7476,3233750
2007-10-01,72.5900,73.9300,71.7600,73.4000,56.6349,2559750
2007-10-02,72.0100,73.7200,70.6300,73.4900,56.7044,5439300
2007-10-03,73.5000,73.9400,71.5200,73.1900,56.4729,4040500
2007-10-04,73.2000,74.7800,71.3100,74.6700,57.6148,3804600
2007-10-05,75.0300,77.1900,74.2000,76.7400,59.2120,4978400
2007-10-08,76.0500,76.5900,74.1200,74.2900,57.3216,3983700
2007-10-09,74.9900,75.9100,74.2000,75.7500,58.4482,3498100
2007-10-10,75.2500,77.7400,75.0300,77.4400,59.7522,4564600
2007-10-11,79.1000,81.0800,74.0100,77.0200,59.4281,6949400
2007-10-12,77.5800,78.5800,76.5500,78.4100,60.5006,3906200
2007-10-15,80.8500,82.0000,78.8100,79.2800,61.1719,5053000
2007-10-16,79.3700,79.5100,77.4800,78.0200,60.1997,3989800
2007-10-17,79.1000,79.3500,75.5000,76.0600,58.6874,4651800
2007-10-18,76.0500,77.2800,74.5000,76.8300,59.2815,3988000
2007-10-19,75.8000,75.9000,69.5300,69.8100,53.8649,10722000
2007-10-22,67.7000,71.1700,65.3900,69.5300,53.6489,9734600
2007-10-23,71.2700,75.1500,69.5900,74.7700,57.6920,6775500
2007-10-24,75.5000,77.5000,70.3100,73.4700,56.6889,10758900
2007-10-25,72.8200,75.4500,72.2600,74.2600,57.2985,6287300
2007-10-26,75.8600,76.1200,71.8600,72.5000,55.9405,5789600
2007-10-29,73.1050,74.8000,72.7600,74.4800,57.4682,5891200
2007-10-30,73.8500,74.5000,69.8500,70.0900,54.0810,6388200
2007-10-31,71.5100,73.5900,70.6000,73.2400,56.5115,6759600
2007-11-01,72.0500,73.3500,70.2100,70.3500,54.2816,7481300
2007-11-02,72.0000,74.2400,70.2500,73.9900,57.0902,6123700
2007-11-05,72.9900,73.7000,71.5600,73.2100,56.4883,4401400
2007-11-06,74.5000,78.9800,74.5000,78.8700,60.8555,6284800
2007-11-07,78.5000,79.7700,75.0600,75.0600,57.9158,6503100
2007-11-08,76.2200,76.6700,70.3300,72.5400,55.9714,8419200
2007-11-09,70.2000,72.9800,69.1001,71.1300,54.8834,5849900
2007-11-12,70.8400,70.8400,64.0200,64.0700,49.4360,9110500
2007-11-13,63.2900,65.6000,63.1600,64.9000,50.0764,10291400
2007-11-14,66.8500,68.0000,65.4000,65.8700,50.8248,7332800
2007-11-15,65.7400,65.8300,62.2800,63.0900,48.6798,6921300
2007-11-16,64.3500,64.5800,61.0500,64.4400,49.7215,12082000
2007-11-19,64.0900,66.1300,63.1400,65.3500,50.4236,6945600
2007-11-20,65.6700,68.4900,65.6700,67.9300,52.4143,6426500
2007-11-21,67.0000,68.0000,65.3500,66.1600,51.0486,3988000
2007-11-23,66.7300,68.1700,65.3500,68.0600,52.5146,1826500
2007-11-26,68.2000,69.7800,66.6600,66.9100,51.6273,5676900
2007-11-27,64.6700,66.4200,62.8000,64.6100,49.8526,6143500
2007-11-28,64.9200,67.3200,64.9200,66.3600,51.2029,4858000
2007-11-29,67.3000,70.4900,67.3000,69.5400,53.6566,6240900
2007-11-30,70.5100,70.5100,67.3600,68.1500,52.5841,4710900
2007-12-03,67.7900,70.9700,67.3200,70.7300,54.5748,4621900
2007-12-04,70.5015,71.4500,69.4000,71.0600,54.8294,3939500
2007-12-05,71.9100,73.1000,70.5900,71.7800,55.3849,3946600
2007-12-06,71.9000,73.8400,71.3500,73.5000,56.7121,3781800
2007-12-07,73.0850,73.8700,72.0700,73.5200,56.7275,3236500
2007-12-10,73.5200,74.8360,73.1200,73.9200,57.0362,3104200
2007-12-11,74.6600,75.4000,72.2300,72.3800,55.8479,4804200
2007-12-12,74.2000,75.5400,73.4300,75.0300,57.8926,5454700
2007-12-13,74.7000,76.9200,74.1900,76.6500,59.1426,4782700
2007-12-14,76.4500,78.3400,76.3300,77.3700,59.6982,6135500
2007-12-17,74.7900,74.8000,68.1300,70.6900,54.5439,20477500
2007-12-18,72.3500,73.1400,68.1600,69.7000,53.7800,12494900
2007-12-19,69.9900,71.0000,69.0200,69.2900,53.4637,7531600
2007-12-20,69.9700,70.6000,68.7400,70.3300,54.2661,7169400
2007-12-21,71.5000,72.9800,71.1400,72.7800,56.1565,8322800
2007-12-24,73.0000,74.2200,72.3400,74.0100,57.1056,1434300
2007-12-26,74.1000,75.2800,73.2700,74.9700,57.8463,3193100
2007-12-27,75.0000,75.4800,73.5100,73.7500,56.9050,3761900
2007-12-28,73.9000,75.2800,73.8000,74.3700,57.3834,3281300
2007-12-31,74.8800,74.8800,73.2500,73.4600,56.6812,2636500
2008-01-02,74.2500,75.6200,72.7300,75.3600,58.1472,5088000
2008-01-03,75.8050,77.8400,75.6300,76.8100,59.2661,5001000
2008-01-04,76.0000,76.2900,74.1600,74.3100,57.3371,4920300
2008-01-07,74.9500,75.0000,70.5900,71.9300,55.5007,5444600
2008-01-08,72.3000,74.6700,71.1500,71.1500,54.8988,6270400
2008-01-09,71.0700,73.6100,70.4100,72.8400,56.2028,5461200
2008-01-10,72.2900,72.5700,69.9000,72.1500,55.6704,5972600
2008-01-11,71.6300,72.7500,69.0800,69.8300,53.8803,5531200
2008-01-14,70.5000,72.7500,70.5000,72.6000,56.0177,3999200
2008-01-15,71.5475,71.7200,68.3200,68.3200,52.7152,5838100
2008-01-16,66.7200,67.3500,62.2000,64.1400,49.4900,8525900
2008-01-17,64.7400,65.7200,58.4100,60.0300,46.3187,9612500
2008-01-18,59.9700,61.2900,55.8100,59.5500,45.9484,10980000
2008-01-22,52.5100,60.4200,52.5100,58.1200,44.8450,10661100
2008-01-23,55.4400,58.7300,53.6200,58.3600,45.0302,11402100
2008-01-24,59.4700,65.0000,59.0200,64.7800,49.9838,11874500
2008-01-25,66.2500,67.9100,62.2900,63.5700,49.0502,8125100
2008-01-28,63.9100,65.8100,61.4900,65.0900,50.2230,4838000
2008-01-29,65.7000,65.9000,62.8800,64.1100,49.4668,5650100
2008-01-30,63.7400,65.8500,62.2400,63.8000,49.2276,6621200
2008-01-31,61.7200,61.9100,59.8500,60.2000,46.4499,12273400
2008-02-01,61.2400,63.0100,60.1500,62.6900,48.3712,6419400
2008-02-04,63.6700,65.5900,62.6700,64.3200,49.6289,5179800
2008-02-05,62.5300,63.4400,61.1300,62.0000,47.8388,6792500
2008-02-06,63.0000,64.1500,57.0600,57.8500,44.6367,11873400
2008-02-07,57.5600,59.9900,55.8000,58.7000,45.2925,10281200
2008-02-08,59.4000,60.4200,56.5100,57.2700,44.1891,9124300
2008-02-11,57.5000,60.3200,56.3500,60.1000,46.3727,5527000
2008-02-12,60.0000,62.5100,59.9400,60.8200,46.9283,7970500
2008-02-13,62.3600,64.0000,61.0000,63.9000,49.3048,5059000
2008-02-14,64.8100,64.9800,62.6700,62.9600,48.5795,5463300
2008-02-15,62.8400,63.2300,60.5700,62.0400,47.8696,3720500
2008-02-19,63.8900,65.4100,63.5000,64.1600,49.5054,5292000
2008-02-20,63.3300,66.3300,62.7400,65.7200,50.7091,6776300
2008-02-21,65.6900,66.5000,63.5400,63.7900,49.2199,6677300
2008-02-22,63.9800,65.0300,61.9200,64.8500,50.0378,5125100
2008-02-25,65.0050,66.3500,63.8200,66.0900,50.9946,4762400
2008-02-26,65.9900,67.3500,64.9400,66.9100,51.6273,4829800
2008-02-27,66.7100,66.8800,64.5100,64.9500,50.1150,4986300
2008-02-28,65.3900,66.8300,64.9800,65.9100,50.8557,3902300
2008-02-29,65.8000,65.8000,62.0000,62.3000,48.0702,4983200
2008-03-03,62.8800,64.1500,60.6000,62.0400,47.8696,3936200
2008-03-04,61.3300,62.6000,60.1900,61.7900,47.6767,6084800
2008-03-05,63.4400,64.2300,62.0000,64.1100,49.4668,4900900
2008-03-06,63.6600,65.0900,62.3000,62.4400,48.1783,5168600
2008-03-07,61.9500,61.9800,58.8200,59.9600,46.2647,5714800
2008-03-10,59.6700,60.2000,58.1600,58.2800,44.9684,5904500
2008-03-11,59.4300,61.5000,58.9100,61.3600,47.3449,5608000
2008-03-12,61.8500,62.4040,59.8200,60.4000,46.6042,5092700
2008-03-13,60.1300,61.9300,57.4200,61.5700,47.5070,5624500
2008-03-14,62.0500,62.2000,58.8000,60.1700,46.4268,5048300
2008-03-17,58.0800,58.8600,54.0200,55.6700,42.9546,8050900
2008-03-18,57.2600,58.3900,56.1200,57.9800,44.7370,7000300
2008-03-19,57.8800,57.8800,52.2300,52.2500,40.3157,10454300
2008-03-20,51.2700,52.2500,49.4400,51.4900,39.7293,12722600
2008-03-24,51.8000,54.7500,51.4400,53.8700,41.5657,6488500
2008-03-25,54.0800,56.7400,53.8800,56.4000,43.5178,6167100
2008-03-26,56.2200,59.0500,56.1100,57.5500,44.4052,6782000
2008-03-27,58.3700,58.4500,56.3300,56.5000,43.5950,3983200
2008-03-28,56.1900,58.0000,55.9100,56.7500,43.7879,3158900
2008-03-31,56.7400,58.9500,56.6000,58.3800,45.0456,6230900
2008-04-01,58.3900,60.2900,56.8000,60.1700,46.4268,5921900
2008-04-02,60.5000,62.7000,59.4000,62.2200,48.0085,5501700
2008-04-03,61.9900,64.9000,60.6000,64.4400,49.7215,9661900
2008-04-04,64.9700,67.4300,64.4100,66.2400,51.1103,11601500
2008-04-07,67.0100,67.8700,65.7500,66.1900,51.0717,11372900
2008-04-08,65.7500,68.4600,65.0000,67.8300,52.3372,7567600
2008-04-09,67.8400,70.5000,67.6400,69.6400,53.7337,8956800
2008-04-10,69.3700,70.1800,68.5000,70.1600,54.1350,6588200
2008-04-11,69.1900,69.4900,67.1700,67.4800,52.0671,4536100
2008-04-14,67.5000,69.6300,67.0000,69.5200,53.6411,6006700
2008-04-15,69.7600,70.3500,68.2550,69.9100,53.9421,5422900
2008-04-16,70.5200,73.0100,69.8000,72.6900,56.0871,6112500
2008-04-17,72.3300,73.5100,70.4200,71.8600,55.4467,4482000
2008-04-18,72.6700,75.0000,71.5700,74.0500,57.1365,5884700
2008-04-21,74.9800,75.8300,72.8500,75.6000,58.3324,16711100
2008-04-22,75.3500,75.7500,73.5000,74.4800,57.4682,5447500
2008-04-23,74.9100,75.2500,72.4600,73.6200,56.8047,6377400
2008-04-24,73.0100,73.6000,70.0000,72.9100,56.2568,6436600
2008-04-25,72.2600,74.4600,72.1500,73.1900,56.4729,4631300
2008-04-28,73.6700,73.6700,70.1200,71.3700,55.0686,6193900
2008-04-29,70.2700,70.6400,68.6300,68.7900,53.0779,5605800
2008-04-30,69.2500,70.2400,66.0900,68.4500,52.8155,12835900
2008-05-01,68.2500,68.7400,64.1400,65.7500,50.7322,8401500
2008-05-02,66.4500,67.3600,65.3100,67.2000,51.8510,6414300
2008-05-05,67.5000,67.8100,66.0500,66.7300,51.4884,6534600
2008-05-06,66.8000,69.5800,66.4500,69.0500,53.2785,6234200
2008-05-07,70.1800,70.2800,67.5100,68.8778,53.1456,6147700
2008-05-08,69.4400,75.2500,69.1000,75.1400,57.9775,12296500
2008-05-09,74.9300,78.1000,74.5000,77.4100,59.7290,10739100
2008-05-12,77.1400,77.2600,75.0500,76.0500,58.6796,5309400
2008-05-13,76.7300,76.7300,73.7400,76.2500,58.8340,6330900
2008-05-14,75.0000,76.3000,73.7700,73.9800,57.0825,6413700
2008-05-15,75.1000,76.2200,73.2000,76.2200,58.8108,7428000
2008-05-16,78.6000,79.4600,77.0700,79.0000,60.9558,7604700
2008-05-19,79.6500,79.8400,78.0700,78.5900,60.6395,7340600
2008-05-20,79.8000,81.0000,78.6100,80.8700,62.3987,7719900
2008-05-21,82.0100,86.8900,81.9000,83.2800,64.2583,17068600
2008-05-22,84.3300,85.9700,80.8300,81.9600,63.2398,9087900
2008-05-23,82.4000,83.9400,79.3600,81.3500,62.7691,6005600
2008-05-27,81.4000,81.5800,78.7600,80.6400,62.2213,5299400
2008-05-28,79.9500,83.3000,78.8200,83.1500,64.1580,5700400
2008-05-29,82.9200,83.1200,80.2800,80.8800,62.4064,7383800
2008-05-30,81.6000,84.2000,81.6000,83.3200,64.2891,6764600
2008-06-02,83.1500,86.2500,82.0000,83.8000,64.6595,6608400
2008-06-03,83.9400,85.1300,81.5000,81.7300,63.0623,7118700
2008-06-04,81.7200,83.5500,80.8000,81.2700,62.7074,5155700
2008-06-05,82.5800,86.1700,81.7700,85.9100,66.2876,6570300
2008-06-06,87.0000,89.2500,83.3900,83.5700,64.4820,8678900
2008-06-09,84.3800,87.8100,83.3300,86.5600,66.7891,6055700
2008-06-10,86.5200,86.5200,82.0400,83.4800,64.4126,6213500
2008-06-11,84.2500,85.3600,82.5200,83.3600,64.3200,5599900
2008-06-12,82.3100,82.3100,80.1000,80.4400,62.0669,8400600
2008-06-13,80.9500,83.9000,80.2600,83.1600,64.1657,5997900
2008-06-16,83.8900,84.8500,83.1200,83.5500,64.4666,5253600
2008-06-17,84.1000,85.0000,82.9500,84.8700,65.4851,5017200
2008-06-18,84.1600,85.3800,82.5000,84.6500,65.3153,6141800
2008-06-19,85.6200,86.4800,83.3500,84.4600,65.1687,7474400
2008-06-20,83.8600,86.4600,83.5600,84.4900,65.1919,6908800
2008-06-23,86.0900,92.0000,84.8300,91.5500,70.6393,11439400
2008-06-24,89.0000,91.1500,88.5201,89.2300,68.8492,7353900
2008-06-25,89.7400,91.0000,85.5100,89.9600,69.4125,8883600
2008-06-26,90.4900,92.3800,87.7600,89.3600,68.9496,7399800
2008-06-27,90.4300,91.0200,88.0900,88.4100,68.2165,8920800
2008-06-30,88.7200,89.8500,88.0500,88.7200,68.4557,6394900
2008-07-01,88.5100,91.1800,86.7200,90.4300,69.7752,8446300
2008-07-02,90.9300,92.7000,85.4900,85.5800,66.0329,8547800
2008-07-03,85.7300,86.8900,81.0401,85.1200,65.6780,6065800
2008-07-07,84.4800,87.1400,81.2700,82.5700,63.7104,6915400
2008-07-08,81.1700,82.2200,77.1100,80.2200,61.8972,10247400
2008-07-09,80.7800,83.2100,78.2600,78.3000,60.4157,6142400
2008-07-10,79.2400,82.1700,77.8000,82.0000,63.2706,5715000
2008-07-11,82.5700,84.5000,81.4300,83.1200,64.1348,6786000
2008-07-14,85.5400,88.0400,84.0400,87.5900,67.5838,7776200
2008-07-15,87.9900,87.9900,82.1200,82.2700,63.4790,7246800
2008-07-16,81.3900,82.9999,78.6300,79.5300,61.3648,9445000
2008-07-17,80.2100,82.1700,75.0800,76.5000,59.0269,10821500
2008-07-18,77.0700,80.8523,75.0000,78.9500,60.9173,6707600
2008-07-21,80.3800,82.8500,77.2400,82.6700,63.7876,5768500
2008-07-22,82.2400,84.2500,78.6100,79.5000,61.3416,5649700
2008-07-23,79.0600,79.4900,73.4100,75.7700,58.4636,9682100
2008-07-24,76.0200,76.9600,70.9500,72.6800,56.0794,13317200
2008-07-25,73.0000,75.8100,72.4200,74.7400,57.6689,5998900
2008-07-28,75.3500,77.3500,74.0600,74.1100,57.1828,5584100
2008-07-29,73.8700,76.6000,73.0000,75.0500,57.9081,9350000
2008-07-30,75.4800,83.0000,74.9100,82.8800,63.9496,12880600
2008-07-31,81.5000,81.8500,78.4500,78.6300,60.6704,8865000
2008-08-01,79.1600,80.9000,78.6300,79.4700,61.3185,6531000
2008-08-04,79.4300,79.4300,72.2400,73.0700,56.3803,9004400
2008-08-05,72.5100,75.9700,71.0600,72.7500,56.1334,8389800
2008-08-06,72.7500,75.5600,72.0900,75.3500,58.1395,7689000
2008-08-07,76.5200,77.7700,73.0300,73.2600,56.5269,5930300
2008-08-08,72.3700,72.4200,69.9100,70.5200,54.4127,7598000
2008-08-11,70.7600,72.1800,65.8200,68.4600,52.8233,9184600
2008-08-12,68.8200,70.0000,67.0900,68.7500,53.0470,6477900
2008-08-13,69.3000,72.7500,68.0100,72.5400,55.9714,7830300
2008-08-14,72.4600,72.4600,69.5000,70.8700,54.6828,6583000
2008-08-15,70.6000,70.6000,67.5000,68.4600,52.8233,9847900
2008-08-18,69.0600,69.6600,66.2500,66.9800,51.6813,8063000
2008-08-19,66.4600,70.8100,66.1700,69.9100,53.9421,6779100
2008-08-20,71.4700,74.9600,70.7500,74.6500,57.5994,11818900
2008-08-21,76.3100,78.6500,74.5800,77.6300,59.8988,9966300
2008-08-22,76.8900,77.4800,75.0700,76.0000,58.6411,5641300
2008-08-25,76.4700,77.0900,74.0000,74.9000,57.7923,5007200
2008-08-26,75.3300,77.1800,74.4500,75.2300,58.0469,4898200
2008-08-27,76.2700,77.6200,75.3200,76.6800,59.1658,4591000
2008-08-28,77.2700,77.5100,74.3600,75.9200,58.5793,5626800
2008-08-29,76.4700,76.7600,73.4800,73.7300,56.8896,5146200
2008-09-02,71.7000,72.4000,66.7800,66.8000,51.5424,11760100
2008-09-03,67.0700,67.6800,61.4600,63.2400,48.7955,14882100
2008-09-04,63.0000,64.1300,60.4300,62.2700,48.0471,11120200
2008-09-05,62.1400,63.3600,60.0500,61.8600,47.7307,7859900
2008-09-08,63.0900,63.7000,58.6900,59.8200,46.1567,8717400
2008-09-09,58.0500,58.5400,52.6500,52.9200,40.8327,16305100
2008-09-10,54.1400,55.5250,51.9300,55.4100,42.7540,14497100
2008-09-11,54.9700,57.1200,53.0300,56.3200,43.4561,11545400
2008-09-12,56.2100,59.2200,55.3000,58.4800,45.1228,11487600
2008-09-15,54.0100,55.1900,49.6900,50.7700,39.1738,12722700
2008-09-16,47.5800,54.3800,46.2100,54.3700,41.9515,19339300
2008-09-17,54.9900,55.6700,50.0100,51.5900,39.8065,14788300
2008-09-18,53.6800,55.4000,49.5000,52.7300,40.6861,12984500
2008-09-19,56.0100,65.0000,56.0100,60.0900,46.3650,12598100
2008-09-22,61.5300,61.6000,58.0000,60.0200,46.3110,8434100
2008-09-23,59.0100,59.5000,54.0000,54.3900,41.9669,9363600
2008-09-24,56.0600,56.4800,53.8100,54.4300,41.9978,9254100
2008-09-25,54.9500,56.3700,53.7200,56.0900,43.2787,8015200
2008-09-26,53.6000,54.9500,51.6900,54.5700,42.1058,9153100
2008-09-29,50.9200,51.7300,42.7800,45.6100,35.1924,16205400
2008-09-30,46.7200,50.5600,45.8800,50.2300,38.7571,11620100
2008-10-01,49.4800,49.4800,45.8300,47.0600,36.3112,10184300
2008-10-02,46.9000,46.9300,40.2500,41.1500,31.7511,14354700
2008-10-03,42.1800,44.7400,40.3500,41.2500,31.8282,10469800
2008-10-06,37.0000,38.9000,32.7100,37.0200,28.5644,21994400
2008-10-07,38.4900,39.6000,32.4500,32.7500,25.2697,15907500
2008-10-08,30.4200,34.6900,28.0000,34.0400,26.2650,25386000
2008-10-09,35.1500,35.8400,28.7000,28.7000,22.1447,15770000
2008-10-10,25.1200,27.7540,20.1600,23.4200,18.0707,37055500
2008-10-13,26.1900,29.9000,24.4400,29.1400,22.4842,22795100
2008-10-14,31.7600,34.7500,28.0000,29.8700,23.0475,20536200
2008-10-15,28.1800,28.2500,23.5000,24.0700,18.5722,19482400
2008-10-16,25.3700,26.0000,22.0000,23.5300,18.1556,22744400
2008-10-17,22.4900,29.3000,22.4100,25.5800,19.7373,20274300
2008-10-20,27.5700,31.5800,27.0400,31.2600,24.1200,15814100
2008-10-21,29.6000,32.7500,29.2000,30.6800,23.6725,14807300
2008-10-22,28.3800,28.4900,23.2300,24.4800,18.8886,22818500
2008-10-23,26.2600,26.9500,24.0200,26.7800,20.6633,22016900
2008-10-24,22.2500,26.0000,21.8700,25.5000,19.6756,15909200
2008-10-27,24.6000,26.4900,23.3500,23.5000,18.1324,14664200
2008-10-28,25.0500,25.5100,22.1200,25.4900,19.6679,16488800
2008-10-29,25.8600,28.7900,25.8000,26.4100,20.3778,18342200
2008-10-30,28.1500,31.0400,26.5200,30.8300,23.7882,15776700
2008-10-31,29.4600,32.0000,28.9300,29.8900,23.0629,14643200
2008-11-03,29.2000,31.2700,29.1000,29.7100,22.9240,11603100
2008-11-04,31.0700,33.8800,31.0700,32.9200,25.4008,11779400
2008-11-05,31.5600,33.4000,29.6500,29.9200,23.0861,10627000
2008-11-06,29.1800,29.6000,25.8100,27.7200,21.3886,14682200
2008-11-07,28.1500,28.9700,26.5100,27.9500,21.5660,9683200
2008-11-10,29.6300,30.3700,26.3700,27.6900,21.3654,9837900
2008-11-11,26.0000,26.9700,25.0800,25.9800,20.0460,9049400
2008-11-12,24.8700,25.5800,24.2700,24.7500,19.0969,11177300
2008-11-13,25.0700,27.7900,22.4400,27.6400,21.3268,16627900
2008-11-14,26.1500,27.8300,25.4500,25.8100,19.9148,11577800
2008-11-17,25.6400,26.5100,24.7100,24.7600,19.1046,7188800
2008-11-18,24.7800,25.6300,23.8000,25.3500,19.5599,9440400
2008-11-19,25.0100,25.4664,22.5700,22.7200,17.5306,10066500
2008-11-20,22.0000,22.2200,17.6000,17.8600,13.7807,19765700
2008-11-21,18.7500,21.5500,17.8500,21.5200,16.6047,17567700
2008-11-24,22.3000,26.0500,22.3000,25.1200,19.3824,16477000
2008-11-25,25.5400,26.8500,23.9900,26.6000,20.5244,12482500
2008-11-26,26.5500,29.1996,26.0000,28.7600,22.1910,10906900
2008-11-28,28.4500,29.2800,27.3900,28.2900,21.8284,4904400
2008-12-01,26.5900,26.6800,23.0000,23.1500,17.8624,11441300
2008-12-02,23.9800,24.9800,22.1000,23.2600,17.9473,13038000
2008-12-03,22.4300,24.2300,21.6000,22.5300,17.3840,12850500
2008-12-04,22.0000,22.6500,19.3400,19.7600,15.2467,16464400
2008-12-05,19.4200,20.8800,18.8000,20.8600,16.0954,13023800
2008-12-08,22.5000,23.4800,20.8600,22.3700,17.2605,11230000
2008-12-09,21.8700,24.7400,21.5200,23.7600,18.3330,10417700
2008-12-10,24.7600,25.7700,24.0600,25.2500,19.4827,7228900
2008-12-11,25.5900,27.7400,24.8400,25.2400,19.4750,9916100
2008-12-12,23.6000,25.7500,23.2800,25.2000,19.4441,7281700
2008-12-15,26.2100,26.4700,24.0700,24.6000,18.9812,7324700
2008-12-16,25.0700,25.7600,23.8400,25.3100,19.5290,8267900
2008-12-17,24.5800,26.8600,24.5000,26.0900,20.1309,7379200
2008-12-18,26.0000,26.1900,22.8000,22.8600,17.6386,8810900
2008-12-19,23.5800,24.1000,22.7000,23.4700,18.1093,7824500
2008-12-22,23.9300,23.9600,22.2500,22.7400,17.5460,7582900
2008-12-23,22.8600,23.5600,21.8200,22.0800,17.0368,6752800
2008-12-24,21.8700,22.9300,21.5100,22.7100,17.5229,2273900
2008-12-26,22.9200,23.3000,22.4100,23.1700,17.8778,2143300
2008-12-29,23.8300,24.0800,22.6400,23.8800,18.4256,5864700
2008-12-30,23.9900,24.4900,23.2500,24.3900,18.8192,6235500
2008-12-31,24.0400,25.1200,23.9400,24.4400,18.8577,6635800
2009-01-02,24.5400,27.1500,24.5000,26.8300,20.7018,7314900
2009-01-05,26.8200,28.9600,26.2500,28.4000,21.9132,12406100
2009-01-06,29.2800,31.4500,29.1900,30.4000,23.4564,14515500
2009-01-07,29.7200,29.9300,28.3700,29.0800,22.4379,9888500
2009-01-08,28.4100,29.4200,28.1500,29.2500,22.5691,9268700
2009-01-09,29.0200,29.2300,26.9100,27.0600,20.8793,7154300
2009-01-12,26.1400,26.8900,25.2900,25.7100,19.8377,7706400
2009-01-13,25.7000,26.9500,25.1000,26.4600,20.4164,7446900
2009-01-14,25.4800,25.7500,23.6000,24.0300,18.5414,8637400
2009-01-15,23.8400,24.4900,22.7800,23.9700,18.4951,10190500
2009-01-16,24.3700,24.7300,23.4200,24.2500,18.7111,9764200
2009-01-20,23.8900,24.8600,22.1900,22.3500,17.2451,8414200
2009-01-21,23.1400,24.8600,22.7100,24.7700,19.1124,8942100
2009-01-22,24.5000,24.9550,23.3100,24.1700,18.6494,8433100
2009-01-23,23.3800,26.5000,23.1000,25.6300,19.7759,8321300
2009-01-26,26.3700,27.6500,25.5900,26.3500,20.3315,9558900
2009-01-27,26.4800,27.3400,25.3800,26.8000,20.6787,9606500
2009-01-28,27.5700,29.1000,27.0800,28.9500,22.3376,12050600
2009-01-29,27.8800,28.5000,27.0300,27.3200,21.0799,9904300
2009-01-30,27.9900,28.1700,26.2300,26.4400,20.4009,8590500
2009-02-02,25.7500,26.6400,25.4400,25.9600,20.0306,8693100
2009-02-03,26.2700,26.3200,24.7100,25.6200,19.7682,11341300
2009-02-04,26.5900,28.1300,26.1500,27.3400,21.0954,11610500
2009-02-05,27.0400,28.4500,26.0700,28.0200,21.6200,10388300
2009-02-06,27.6400,29.7500,27.4000,29.1900,22.5228,9875200
2009-02-09,29.4200,31.7700,29.4100,30.0900,23.2172,12925400
2009-02-10,30.4600,31.2600,27.7000,28.3900,21.9055,12913500
2009-02-11,28.7700,29.4200,27.3400,28.2700,21.8129,8938700
2009-02-12,27.4200,28.2000,26.8200,28.0800,21.6663,8986400
2009-02-13,27.9400,29.0700,26.4800,28.4300,21.9364,7531200
2009-02-17,27.7700,27.7700,25.2000,25.3200,19.5367,10380000
2009-02-18,25.7400,25.9800,25.1800,25.7700,19.8840,10734500
2009-02-19,26.3200,27.7300,25.6900,26.8300,20.7018,11559200
2009-02-20,25.6300,26.5200,25.0000,25.9600,20.0306,10811100
2009-02-23,26.8900,26.8900,24.2900,24.3300,18.7729,8926700
2009-02-24,24.4600,26.5200,24.4000,26.3700,20.3469,11663900
2009-02-25,26.4100,27.7200,25.5300,26.6800,20.5861,11205700
2009-02-26,27.1800,28.3900,26.7300,26.8100,20.6864,10508900
2009-02-27,25.7600,27.9400,25.5000,26.7300,20.6247,12232900
2009-03-02,25.8800,25.9500,23.7900,23.9700,18.4951,13220500
2009-03-03,24.5000,25.2500,23.9400,24.3100,18.7574,11284200
2009-03-04,25.8100,27.1400,25.5100,26.3500,20.3315,10072000
2009-03-05,25.3800,26.3500,24.1200,24.6300,19.0043,10274100
2009-03-06,25.1400,25.7500,24.0000,24.9600,19.2590,10466300
2009-03-09,24.7900,26.7700,24.5000,25.9600,20.0306,10168100
2009-03-10,26.6700,29.1900,26.6600,28.3000,21.8361,14434000
2009-03-11,28.7200,29.1900,27.6300,28.1600,21.7281,9204400
2009-03-12,28.3600,29.6900,27.8400,29.5700,22.8160,9678400
2009-03-13,29.5100,29.7700,28.0600,28.9000,22.2990,9537400
2009-03-16,28.9000,29.9500,28.5800,29.4700,22.7388,11821600
2009-03-17,29.4500,30.1600,29.1100,30.1600,23.2712,9957500
2009-03-18,29.8600,30.8200,28.7800,29.8800,23.0552,13625800
2009-03-19,31.0000,32.9700,30.9900,31.3200,24.1663,15327600
2009-03-20,31.5000,31.5900,30.1300,30.2500,23.3407,12420700
2009-03-23,31.8100,33.7200,31.1700,33.6400,25.9564,12942800
2009-03-24,33.0000,33.7900,32.3300,33.0200,25.4780,8577000
2009-03-25,32.7600,33.6900,31.6301,32.9400,25.4163,10669700
2009-03-26,33.5600,34.4800,32.9900,33.3000,25.6940,12215500
2009-03-27,32.5500,32.5600,30.7900,31.2700,24.1277,9280900
2009-03-30,30.1300,30.4900,28.9200,29.5700,22.8160,9861300
2009-03-31,30.4100,30.4100,28.5900,28.7100,22.1524,10444800
2009-04-01,28.0600,29.8300,27.5200,29.3700,22.6617,8056400
2009-04-02,30.6100,32.0900,30.6100,31.1500,24.0351,9659400
2009-04-03,31.0700,32.7800,30.7600,32.4200,25.0150,8186700
2009-04-06,31.8700,31.8700,30.4900,31.5000,24.3052,7754100
2009-04-07,30.8700,30.8700,30.0100,30.2700,23.3561,6222700
2009-04-08,30.3900,31.6000,29.6800,31.1300,24.0197,6639700
2009-04-09,32.4200,33.7400,32.1500,33.4500,25.8098,9200400
2009-04-13,32.6600,34.5800,32.0500,34.0300,26.2573,8221700
2009-04-14,33.5000,35.5500,33.1500,34.6600,26.7434,9706500
2009-04-15,34.4100,34.9200,33.3300,34.0700,26.2882,7917000
2009-04-16,34.5300,35.0000,33.3500,34.7300,26.7974,6637300
2009-04-17,34.9000,35.7100,34.7500,34.9800,26.9903,8533400
2009-04-20,34.2400,34.2400,31.7100,31.9200,24.6292,9030000
2009-04-21,31.6500,33.0198,31.0000,32.5900,25.1462,9850800
2009-04-22,31.9600,34.0000,31.6100,32.9500,25.4240,10099800
2009-04-23,31.9300,32.2100,28.0000,29.2700,22.5845,24636400
2009-04-24,30.7000,31.8600,30.0100,31.5000,24.3052,18010700
2009-04-27,30.5900,30.5900,29.4700,30.1600,23.2712,9771500
2009-04-28,29.1800,29.9200,28.8000,29.5800,22.8237,8553600
2009-04-29,30.2000,31.3100,29.5500,30.7600,23.7342,8532500
2009-04-30,31.1100,31.3000,29.3700,30.2800,23.3638,8008300
2009-05-01,30.3200,31.6900,29.9800,31.2200,24.0891,8523600
2009-05-04,31.5600,32.8000,31.2300,32.7500,25.2697,8369100
2009-05-05,32.3100,32.8000,31.6600,32.5500,25.1154,6804500
2009-05-06,33.4600,35.0700,33.1010,34.2300,26.4116,11128500
2009-05-07,35.7800,35.8600,33.4200,33.9600,26.2033,11523800
2009-05-08,34.6500,36.4900,34.6100,36.0400,27.8082,8549600
2009-05-11,35.0100,35.6500,34.3520,34.8500,26.8900,8358100
2009-05-12,35.3500,35.6900,34.2000,35.2700,27.2141,9078900
2009-05-13,34.6100,35.2100,33.2000,33.5700,25.9024,11717100
2009-05-14,33.0100,34.6600,32.6900,34.1400,26.3422,9085100
2009-05-15,33.8100,34.6400,32.2400,32.6700,25.2079,12338700
2009-05-18,33.5100,34.7500,33.3600,34.6500,26.7357,8675600
2009-05-19,34.8500,35.5800,33.9300,35.0700,27.0598,6725600
2009-05-20,35.8400,37.6600,35.8000,36.5300,28.1863,11646300
2009-05-21,35.6700,35.6700,34.5000,35.1500,27.1215,6953800
2009-05-22,35.6400,36.2500,35.1500,35.3500,27.2758,4555000
2009-05-26,34.9800,36.8500,34.6100,36.6500,28.2789,5898200
2009-05-27,36.8600,37.9700,36.5800,36.6700,28.2943,6121500
2009-05-28,37.1000,38.7700,36.5100,38.3900,29.6215,6710400
2009-05-29,39.1800,39.5100,38.0800,38.6200,29.7989,7101700
2009-06-01,39.7200,40.6900,39.3300,40.0300,30.8869,7666800
2009-06-02,39.7600,40.6900,39.2800,40.0800,30.9254,8894800
2009-06-03,39.5000,39.5000,36.1500,37.2200,28.7187,10716800
2009-06-04,38.1500,39.8300,37.6400,39.1800,30.2310,9121400
2009-06-05,40.0600,40.1100,37.6600,37.9600,29.2897,8697800
2009-06-08,37.5500,38.2850,36.7600,37.8800,29.2279,6297600
2009-06-09,38.7800,39.1800,37.9300,38.2300,29.4980,6613500
2009-06-10,39.1100,39.1100,37.1600,37.7400,29.1199,9389300
2009-06-11,37.9800,39.7200,37.5100,39.2100,30.2542,8925000
2009-06-12,38.2100,38.8400,37.8900,38.6900,29.8529,5307600
2009-06-15,37.8900,37.8900,36.9300,37.5300,28.9579,5492900
2009-06-16,38.1000,38.5000,36.1500,36.2600,27.9780,6590500
2009-06-17,36.0000,36.1000,34.6200,34.8700,26.9054,8359800
2009-06-18,34.6900,36.0700,34.4100,35.0900,27.0752,7099600
2009-06-19,35.8400,35.8500,34.1000,34.3300,26.4888,9600100
2009-06-22,33.3100,33.3100,31.8600,31.9600,24.6601,7596200
2009-06-23,32.5200,32.8003,31.4800,32.1700,24.8221,7329800
2009-06-24,32.5500,32.7701,31.5100,31.7200,24.4749,8694000
2009-06-25,31.6000,33.5400,31.6000,33.1900,25.6092,9301500
2009-06-26,33.0100,33.6100,32.7100,33.1000,25.5397,11247100
2009-06-29,33.5100,34.1400,33.1700,33.2800,25.6786,6231500
2009-06-30,33.2800,33.9000,32.2600,32.6600,25.2002,7303000
2009-07-01,33.0100,33.4100,32.2600,32.3400,24.9533,5456600
2009-07-02,31.6100,31.6100,30.2900,30.7100,23.6956,5442300
2009-07-06,29.7600,30.6500,29.1700,30.6400,23.6416,9367100
2009-07-07,30.5700,30.7100,29.3000,29.5500,22.8006,9412000
2009-07-08,29.4300,30.2400,28.7600,29.5900,22.8314,9632200
2009-07-09,30.0600,31.2500,29.5400,30.6300,23.6339,8871300
2009-07-10,30.0900,30.8400,29.6000,30.4700,23.5104,7281900
2009-07-13,30.3700,31.2400,29.2700,31.1700,24.0506,8228200
2009-07-14,31.8900,32.2300,31.4500,32.1300,24.7913,6931000
2009-07-15,32.9000,33.5800,32.5500,33.4000,25.7712,6105900
2009-07-16,33.1200,34.0800,32.5500,33.8300,26.1030,5253400
2009-07-17,33.8400,34.5500,33.3200,34.1600,26.3576,6278300
2009-07-20,34.8000,35.4800,34.3900,35.3900,27.3067,7456300
2009-07-21,35.7800,36.6100,35.0700,35.9600,27.7465,6551600
2009-07-22,35.2600,35.9100,34.8100,35.3900,27.3067,4499700
2009-07-23,35.3800,36.6500,35.0000,36.5600,28.2094,5547100
2009-07-24,36.2100,37.6100,35.9000,37.6000,29.0119,7495700
2009-07-27,37.6500,38.0000,36.9000,37.4400,28.8884,9479300
2009-07-28,36.1500,36.8000,35.0800,36.5500,28.2017,10356500
2009-07-29,35.5900,35.5900,34.2500,34.9400,26.9595,7133100
2009-07-30,35.6300,36.3700,35.1900,35.9200,27.7156,6473100
2009-07-31,35.5100,36.1800,35.1299,35.9400,27.7311,6138400
2009-08-03,37.0100,38.1500,36.8400,38.0400,29.3514,8700900
2009-08-04,37.5800,37.8300,36.5100,37.0100,28.5567,6946600
2009-08-05,36.8400,37.0100,35.5400,36.2600,27.9780,8426400
2009-08-06,36.4700,36.5000,35.6200,36.2300,27.9548,4896900
2009-08-07,36.7700,37.0000,35.8000,36.5900,28.2326,5059100
2009-08-10,36.4400,37.2600,36.2600,37.1000,28.6261,5091900
2009-08-11,36.8500,36.9600,35.7600,36.2000,27.9317,5041400
2009-08-12,36.2100,37.4600,35.8500,37.0100,28.5567,4846400
2009-08-13,37.3800,38.3400,37.0300,38.2900,29.5443,5444900
2009-08-14,38.1600,38.1600,36.0900,36.4400,28.1168,6025400
2009-08-17,35.3500,35.6700,34.6500,35.3800,27.2990,6211700
2009-08-18,35.6500,36.8600,35.5100,36.6200,28.2557,5829600
2009-08-19,36.0200,37.6500,35.8600,37.3500,28.8190,6272600
2009-08-20,37.3000,38.1500,37.1200,38.0500,29.3591,4800400
2009-08-21,38.5100,39.6000,38.5100,39.3900,30.3930,6136200
2009-08-24,39.9300,40.5000,39.3100,39.6300,30.5782,5106100
2009-08-25,39.8300,40.0500,38.2600,38.5000,29.7063,5185000
2009-08-26,38.0400,38.5600,37.8100,38.2200,29.4903,5436900
2009-08-27,37.9600,38.0700,37.0000,37.9600,29.2897,4907400
2009-08-28,38.4500,38.6399,37.1000,37.2300,28.7264,6545200
2009-08-31,36.4000,36.6900,35.9500,36.3500,28.0474,5762600
2009-09-01,36.2100,37.4000,35.5900,35.7300,27.5690,6636700
2009-09-02,35.5700,36.4200,35.5300,35.8800,27.6848,4865800
2009-09-03,36.1700,36.7100,35.9600,36.6600,28.2866,3678900
2009-09-04,36.5900,37.4100,36.2900,37.4100,28.8653,3572800
2009-09-08,37.9900,38.5300,37.7800,38.1500,29.4363,4894900
2009-09-09,38.4600,38.6700,37.4700,38.1500,29.4363,3892500
2009-09-10,38.3800,39.0000,37.8800,38.9000,30.0150,3922300
2009-09-11,39.3200,39.6300,37.9621,39.1700,30.2233,8205800
2009-09-14,38.5800,41.0900,38.5000,41.0100,31.6430,7995900
2009-09-15,41.3400,42.9000,40.9000,42.8300,33.0473,9026900
2009-09-16,43.0400,44.5700,42.9000,44.3800,34.2433,8034400
2009-09-17,43.5400,44.1700,43.3400,43.5100,33.5720,6339700
2009-09-18,43.8000,43.9800,42.7500,43.6800,33.7032,6412700
2009-09-21,42.7300,43.2500,42.2200,43.0500,33.2171,5225900
2009-09-22,44.0000,44.5000,43.6500,44.2100,34.1121,5256700
2009-09-23,44.3500,44.4300,42.8200,43.2700,33.3868,5816600
2009-09-24,43.0800,43.2500,41.3300,41.6100,32.1060,5648200
2009-09-25,41.3500,42.3800,41.1300,41.9400,32.3606,6885900
2009-09-28,42.1400,43.2400,41.8000,43.2400,33.3637,4315700
2009-09-29,42.7800,43.6400,42.7600,43.1100,33.2634,4292100
2009-09-30,43.5600,43.7500,42.1700,43.1300,33.2788,7048400
2009-10-01,42.9800,43.1700,41.2100,41.2200,31.8051,6543200
2009-10-02,40.4700,41.5100,40.0901,40.8900,31.5504,5966100
2009-10-05,41.2400,42.3500,41.0200,42.1000,32.4841,4165300
2009-10-06,42.8500,44.0000,42.8000,43.4500,33.5257,5247100
2009-10-07,43.4500,44.1800,43.2000,43.9400,33.9038,6210000
2009-10-08,44.2800,46.1300,44.2300,45.7500,35.3004,7522800
2009-10-09,45.4800,46.1350,44.6800,45.2500,34.9146,4554200
2009-10-12,46.0000,46.7200,45.8200,46.1100,35.5782,3632300
2009-10-13,46.2100,46.4900,45.0500,46.0500,35.5319,4763300
2009-10-14,47.0000,47.1500,46.2500,46.7600,36.0797,4154300
2009-10-15,46.3700,48.7600,46.3700,48.7400,37.6074,6459900
2009-10-16,48.3300,48.6400,47.3300,48.2300,37.2139,5046500
2009-10-19,48.5100,50.1700,48.3600,49.8200,38.4408,6552100
2009-10-20,49.4500,49.7000,46.6600,48.8400,37.6846,9065600
2009-10-21,48.4300,49.7900,47.9100,48.2100,37.1985,6753000
2009-10-22,48.3200,48.6900,46.9600,48.6000,37.4994,5812400
2009-10-23,49.0200,49.0200,46.3300,46.8900,36.1800,6454200
2009-10-26,46.2500,48.5900,43.7300,44.3400,34.2124,16941100
2009-10-27,43.8900,44.5100,42.6900,43.0800,33.2402,11872200
2009-10-28,42.8800,43.0100,41.2300,41.3600,31.9131,9944300
2009-10-29,42.4400,43.5400,42.2400,42.9200,33.1168,7648100
2009-10-30,42.7200,42.7200,40.4500,40.9900,31.6276,7246800
2009-11-02,41.5300,42.7600,40.8100,41.3800,31.9285,7975800
2009-11-03,40.6000,43.1300,40.4000,42.8100,33.0319,6548300
2009-11-04,43.3200,43.8200,42.3700,42.5900,32.8621,5058400
2009-11-05,42.9300,43.5900,42.4700,43.5400,33.5952,3579900
2009-11-06,42.8000,44.1000,42.7200,43.6800,33.7032,4595100
2009-11-09,44.6300,45.7300,44.5300,45.6700,35.2387,6125600
2009-11-10,45.5900,45.7300,44.4300,45.1300,34.8220,4364700
2009-11-11,45.7600,46.1600,45.0800,45.6000,35.1846,4377600
2009-11-12,45.3400,45.6300,43.8700,44.1700,34.0813,4955900
2009-11-13,44.1600,44.8200,43.3700,44.1700,34.0813,4170200
2009-11-16,44.7600,45.7900,44.6900,45.4600,35.0766,5204600
2009-11-17,45.5600,46.2450,45.2700,46.1300,35.5936,5076800
2009-11-18,46.1600,46.4600,45.1200,45.5900,35.1769,4704000
2009-11-19,45.3000,45.3800,43.5000,43.8300,33.8189,5230600
2009-11-20,43.2700,43.6800,42.3500,42.7900,33.0165,5613600
2009-11-23,43.9500,44.3600,43.3600,43.5300,33.5874,5055400
2009-11-24,43.5000,44.0900,42.9100,44.0000,33.9501,4650900
2009-11-25,43.0100,43.7000,42.7800,43.3000,33.4100,2490951
2009-11-27,43.0000,43.7000,42.7900,43.3000,33.4100,911000
2009-11-30,42.5700,43.3000,42.4000,43.0200,34.0427,6716200
2009-12-01,43.7300,44.4150,43.6600,44.0800,34.8815,5342100
2009-12-02,43.9600,44.2200,43.2900,43.8600,34.7074,5001400
2009-12-03,43.8600,43.9100,42.7400,42.8200,33.8844,6008100
2009-12-04,43.6000,44.2695,41.7300,42.2800,33.4571,6530500
2009-12-07,42.0100,42.9700,42.0000,42.2300,33.4175,4900600
2009-12-08,41.6900,42.3100,40.9900,41.4000,32.7607,7861900
2009-12-09,41.5600,41.9100,40.9200,41.6800,32.9823,4465300
2009-12-10,42.3600,43.9500,42.0700,43.8200,34.6757,8892600
2009-12-11,43.5100,43.9600,43.2300,43.9400,34.7707,5307000
2009-12-14,44.6100,44.6500,44.0300,44.3000,35.0556,3985400
2009-12-15,44.1400,45.3000,44.0000,44.7300,35.3958,3960800
2009-12-16,45.0400,45.7800,44.6700,44.8600,35.4987,5370800
2009-12-17,44.5000,45.0500,44.2400,44.4500,35.1743,4545900
2009-12-18,44.6100,44.8300,42.9900,43.2800,34.2484,9687400
2009-12-21,43.7400,44.5400,43.5300,43.9200,34.7549,3642000
2009-12-22,44.0000,44.3946,43.6500,43.8300,34.6837,3539400
2009-12-23,44.1400,44.9300,43.9000,44.7700,35.4275,3498800
2009-12-24,44.7300,45.2500,44.7000,44.9700,35.5858,1002100
2009-12-28,45.4400,45.6800,45.0100,45.2600,35.8152,2635300
2009-12-29,45.4500,45.5100,44.7900,44.8500,35.4908,2923500
2009-12-30,44.6300,44.8000,44.1800,44.6000,35.2930,2388000
2009-12-31,45.0000,45.0400,44.0900,44.0900,34.8894,1883500
2010-01-04,44.9100,46.1399,44.9000,46.0900,36.4720,5385900
2010-01-05,46.2900,47.2600,46.0900,46.8900,37.1051,4680500
2010-01-06,46.8300,47.7000,46.1100,47.5600,37.6353,5213600
2010-01-07,47.3000,47.5000,46.7000,47.1000,37.2713,4111600
2010-01-08,46.7300,47.8900,46.6000,47.1100,37.2792,6855900
2010-01-11,47.6000,47.7000,46.1900,46.6500,36.9152,5479600
2010-01-12,46.1900,46.6000,45.5000,46.3600,36.6857,5615300
2010-01-13,46.5000,46.8300,45.5000,46.3500,36.6778,5629200
2010-01-14,46.2600,47.2300,46.1600,46.9600,37.1605,4252200
2010-01-15,46.9500,47.2400,45.7800,46.2400,36.5907,4960100
2010-01-19,46.1000,47.1700,46.0000,47.0800,37.2555,4368600
2010-01-20,46.3900,46.3900,45.4600,45.9300,36.3454,4885100
2010-01-21,46.0200,46.4300,44.1700,44.3900,35.1268,6846200
2010-01-22,44.1400,44.2500,42.4000,42.5300,33.6549,7319800
2010-01-25,42.8900,43.5900,42.5200,43.1000,34.1060,5419100
2010-01-26,42.6300,43.7000,42.1000,42.6700,33.7657,5052800
2010-01-27,42.4900,43.0300,41.6600,42.9200,33.9636,6435300
2010-01-28,43.3200,43.4900,41.2600,41.4900,32.8320,8969300
2010-01-29,42.0800,43.4400,40.7100,40.9000,32.3651,10605600
2010-02-01,41.3900,42.1300,41.1200,42.0900,33.3068,6463300
2010-02-02,42.5300,42.8767,42.0000,42.6500,33.7499,5514900
2010-02-03,43.5000,44.9100,43.1001,43.9700,34.7944,9895500
2010-02-04,44.0800,44.3800,42.4800,42.5400,33.6628,8707600
2010-02-05,42.5500,43.2700,41.0200,42.3000,33.4729,8604100
2010-02-08,42.2900,42.6290,41.5000,41.5300,32.8636,6766200
2010-02-09,42.2500,43.5800,42.1800,42.6800,33.7736,8487000
2010-02-10,42.6600,43.0100,41.5600,42.5500,33.6708,6103700
2010-02-11,42.6300,43.4500,42.1500,43.4100,34.3513,6481200
2010-02-12,42.4600,43.4100,42.2600,43.3600,34.3117,6449100
2010-02-16,44.1600,44.2600,43.6700,44.0700,34.8736,5782400
2010-02-17,44.2100,44.6000,44.0000,44.3300,35.0793,5664700
2010-02-18,44.2200,44.8500,43.9150,44.7200,35.3879,4898200
2010-02-19,44.6400,45.1500,44.1000,45.1100,35.6965,6513400
2010-02-22,45.8400,45.9500,44.0300,44.4000,35.1347,6535100
2010-02-23,44.0700,44.4100,42.9300,43.1300,34.1297,6006900
2010-02-24,43.1600,43.8000,43.0700,43.4900,34.4146,5675300
2010-02-25,42.6000,43.2500,41.9500,43.1700,34.1614,6541400
2010-02-26,43.3800,43.5500,42.8600,43.4700,34.3988,4310000
2010-03-01,43.6800,43.8600,43.3400,43.6600,34.5491,4748700
2010-03-02,43.8200,44.6100,43.7200,44.0300,34.8419,5287000
2010-03-03,44.2400,44.7000,44.1600,44.3400,35.0872,4916500
2010-03-04,44.3400,44.5800,42.9700,43.1500,34.1456,6200100
2010-03-05,43.8200,43.8200,43.0800,43.6600,34.5491,7042200
2010-03-08,43.7000,43.9900,43.1800,43.6300,34.5254,3821900
2010-03-09,43.6300,43.6300,43.6300,43.6300,34.5254,3779300
2010-03-10,43.3600,44.0400,42.9500,43.7100,34.6678,3704600
2010-03-11,43.5000,43.9900,43.2500,43.8900,34.8106,3099000
2010-03-12,44.1300,44.3900,43.7900,43.9400,34.8502,2629200
2010-03-15,43.7800,43.9600,42.8600,43.2600,34.3109,3001000
2010-03-16,43.5200,44.1500,43.1800,44.1000,34.9771,3338200
2010-03-17,44.2900,45.2000,44.2100,44.6600,35.4213,4321300
2010-03-18,44.4900,44.9650,43.4150,43.7200,34.6758,4241800
2010-03-19,43.7700,43.7700,42.0400,42.4600,33.6764,7436100
2010-03-22,42.0800,42.7100,41.6000,42.3200,33.5654,4790300
2010-03-23,42.5400,42.9400,42.1600,42.4800,33.6923,5048400
2010-03-24,42.1000,42.7400,42.0300,42.2500,33.5099,4630600
2010-03-25,42.5300,42.7700,40.7800,40.9000,32.4391,5850400
2010-03-26,40.9100,41.2000,39.4000,39.9200,31.6619,9840000
2010-03-29,40.2400,40.8500,40.1800,40.6000,32.2012,6036600
2010-03-30,40.7000,40.7600,40.2500,40.4600,32.0901,5947900
2010-03-31,40.8200,40.9800,40.4000,40.5800,32.1853,7160300
2010-04-01,41.0000,41.6700,40.7700,41.6200,33.0102,6334900
2010-04-05,42.1200,42.9400,41.6300,42.6100,33.7954,4928700
2010-04-06,42.5300,43.2600,42.3100,43.2200,34.2792,5181900
2010-04-07,43.2200,43.2200,42.4700,42.9400,34.0571,8028500
2010-04-08,42.4500,42.4500,41.6600,42.4300,33.6526,6487400
2010-04-09,42.6300,42.9400,42.1900,42.9300,34.0492,4112300
2010-04-12,43.0100,43.4600,42.7600,42.8900,34.0175,4176200
2010-04-13,42.7000,42.7000,41.4400,41.8900,33.2243,7081600
2010-04-14,42.2100,42.8800,41.7600,42.2500,33.5099,7903600
2010-04-15,42.0800,42.9700,42.0300,42.8800,34.0095,6626900
2010-04-16,42.4700,43.3000,41.9400,42.4800,33.6923,9709400
2010-04-19,42.1600,42.6200,41.8500,42.5400,33.7399,5779100
2010-04-20,42.9400,44.5300,42.7500,44.0400,34.9296,5586700
2010-04-21,44.0600,44.9400,44.0200,44.4500,35.2547,6865000
2010-04-22,43.8800,44.7100,43.4450,44.6000,35.3737,4862300
2010-04-23,44.8300,46.4000,44.8100,46.2600,36.6903,8112100
2010-04-26,46.4800,46.7500,45.9400,46.4500,36.8410,8144600
2010-04-27,46.8000,46.8700,43.2600,43.3800,34.4061,13170400
2010-04-28,43.7300,44.4000,43.3000,44.3200,35.1516,8778600
2010-04-29,44.7600,45.2400,43.8700,44.7600,35.5006,8367000
2010-04-30,44.9200,45.0900,43.1300,44.0300,34.9216,11209900
2010-05-03,43.7100,44.9800,43.5100,44.5100,35.3023,7467600
2010-05-04,43.9000,44.0800,42.9600,43.4700,34.4775,6701200
2010-05-05,42.7300,44.1000,42.3900,42.8200,33.9619,7523900
2010-05-06,42.4700,43.4000,37.5400,41.0200,32.5343,10218200
2010-05-07,40.7500,40.9900,38.7800,39.1100,31.0194,11171800
2010-05-10,41.0100,41.7100,40.7100,41.3500,32.7960,10034100
2010-05-11,40.8400,41.7500,40.4500,40.5600,32.1695,10906800
2010-05-12,40.8400,41.2300,40.3300,41.0900,32.5898,4979100
2010-05-13,40.9500,41.4300,40.1800,40.6400,32.2329,6029100
2010-05-14,40.1600,40.2300,39.1100,39.9100,31.6539,7478100
2010-05-17,40.2800,40.4900,38.3300,39.1600,31.0591,6430600
2010-05-18,39.8600,40.4800,38.3900,38.6200,30.6308,5927200
2010-05-19,38.4100,38.5100,36.8730,37.5600,29.7901,7905000
2010-05-20,36.5000,36.5500,35.2500,35.3900,28.0690,10428700
2010-05-21,34.7500,37.1800,34.6500,36.8900,29.2587,9422500
2010-05-24,36.8400,36.9800,36.0700,36.0700,28.6083,8995500
2010-05-25,34.9900,36.9200,34.5100,36.8200,29.2031,9136500
2010-05-26,37.3300,38.8200,36.8400,38.0500,30.1787,11116800
2010-05-27,39.1300,40.3300,38.9900,40.0700,31.7808,9879400
2010-05-28,39.8900,39.9000,37.6900,38.1300,30.2421,10637600
2010-06-01,36.9800,37.2100,33.8700,33.9000,26.8872,19001300
2010-06-02,33.8900,35.4300,33.5000,35.3600,28.0452,12102000
2010-06-03,35.7800,35.9500,34.7321,35.6700,28.2910,8440900
2010-06-04,34.5000,36.2400,34.4400,34.6600,27.4900,6856100
2010-06-07,35.5600,36.1400,34.9300,35.0000,27.7596,8668700
2010-06-08,35.0000,35.5200,34.3100,35.4000,28.0769,8350400
2010-06-09,35.8000,37.2300,34.8900,35.1500,27.9579,10206800
2010-06-10,36.1100,37.5000,36.1000,37.4200,29.7635,5957300
2010-06-11,36.8700,37.7100,36.4500,37.5300,29.8510,5135000
2010-06-14,38.0700,38.3700,36.7175,36.8500,29.3101,7323800
2010-06-15,37.0300,38.8100,37.0300,38.7800,30.8452,4801500
2010-06-16,38.2500,38.9100,37.9400,38.2400,30.4157,5817400
2010-06-17,38.3500,38.4400,37.1800,37.6600,29.9544,6130000
2010-06-18,37.6300,38.1500,37.1100,38.1000,30.3043,6407200
2010-06-21,38.5400,38.8100,37.0200,37.3400,29.6998,7381800
2010-06-22,36.9500,37.2500,35.6150,35.8600,28.5227,10251400
2010-06-23,35.9600,35.9600,34.9500,35.7500,28.4352,8247300
2010-06-24,35.5300,36.2000,35.2700,35.3800,28.1409,9319800
2010-06-25,35.6200,36.0400,35.0000,35.3000,28.0772,10369700
2010-06-28,35.5200,35.6300,34.6800,34.6900,27.5920,7156000
2010-06-29,34.1400,34.1800,32.7475,33.0200,26.2637,9315300
2010-06-30,33.1900,33.6300,32.7600,33.0700,26.3035,10564600
2010-07-01,32.9100,33.5700,32.1800,33.2400,26.4387,8653500
2010-07-02,33.3600,33.9900,32.9300,33.3500,26.5262,4299100
2010-07-06,33.8400,34.4800,33.2600,33.7500,26.8444,5864500
2010-07-07,33.8400,35.1700,33.7600,35.1600,27.9659,6563500
2010-07-08,35.5400,35.7900,34.8750,35.6300,28.3397,5014300
2010-07-09,35.6400,35.9600,35.2700,35.5100,28.2443,4998000
2010-07-12,35.3400,35.8600,34.9900,35.5700,28.2920,4567700
2010-07-13,36.1100,36.5200,35.7700,35.9100,28.5624,4232700
2010-07-14,35.6200,36.2700,35.3800,35.8800,28.5386,4434000
2010-07-15,35.9700,36.4600,35.0500,36.2900,28.8647,5185200
2010-07-16,36.0200,36.0200,35.0600,35.2600,28.0454,5805300
2010-07-19,35.7200,36.2000,35.3300,36.0900,28.7056,5338100
2010-07-20,35.5700,37.5200,35.4900,37.3900,29.7396,6012000
2010-07-21,37.7300,37.9000,36.3100,36.6100,29.1192,5200500
2010-07-22,37.1900,38.1000,36.9300,37.8600,30.1134,5788000
2010-07-23,37.7900,38.1500,37.0000,38.0400,30.2566,4066700
2010-07-26,38.2600,38.2600,37.5600,37.9600,30.1930,3840700
2010-07-27,38.0000,38.2700,37.0400,37.3800,29.7316,4540700
2010-07-28,37.2000,38.0000,37.0200,37.3300,29.6919,5802300
2010-07-29,37.7500,39.0600,37.5700,38.8800,30.9247,8775100
2010-07-30,38.2700,39.2888,37.9000,39.1600,31.1474,6779900
2010-08-02,39.8100,41.4900,39.8100,41.1300,32.7144,7484600
2010-08-03,40.8500,41.3100,40.5400,40.9500,32.5712,4541500
2010-08-04,40.9400,42.0300,40.9400,41.8600,33.2950,6974100
2010-08-05,41.3900,41.9200,41.0000,41.4900,33.0007,3847100
2010-08-06,41.1500,41.8200,40.8900,41.6300,33.1120,4356900
2010-08-09,41.7900,41.7900,40.6500,41.0700,32.6666,4771300
2010-08-10,40.5200,40.9800,39.9700,40.7600,32.4201,4928000
2010-08-11,40.0000,40.0289,39.1000,39.3800,31.3224,4847500
2010-08-12,38.7400,39.5900,38.5200,39.4800,31.4020,5367300
2010-08-13,39.4100,40.0400,39.1300,39.4900,31.4099,3705200
2010-08-16,39.2700,39.5200,38.9700,39.3800,31.3224,3687300
2010-08-17,39.8600,40.4800,39.7100,40.1700,31.9508,3802100
2010-08-18,40.0500,40.0700,39.3500,39.5400,31.4497,4100100
2010-08-19,39.3900,39.5000,38.4300,38.6900,30.7736,2872300
2010-08-20,38.4200,38.6000,37.5900,38.2300,30.4077,4400100
2010-08-23,38.4000,38.7700,38.1900,38.3100,30.4714,3702000
2010-08-24,37.7600,38.6000,37.5000,38.1600,30.3520,5063900
2010-08-25,37.8300,37.9700,37.1400,37.3900,29.7396,7138900
2010-08-26,37.5400,37.9100,36.6100,36.7500,29.2305,4598400
2010-08-27,37.0800,37.9900,36.2500,37.9700,30.2009,4490600
2010-08-30,38.0400,38.4100,37.6400,37.6500,29.9464,3289300
2010-08-31,37.2700,37.7400,37.0000,37.6300,29.9305,5073200
2010-09-01,38.2800,39.4100,38.1400,39.1900,31.1713,3631600
2010-09-02,39.2100,39.8800,39.1500,39.7900,31.6485,4362800
2010-09-03,40.2800,40.7300,40.0500,40.5500,32.2530,3866600
2010-09-07,40.0400,40.0700,39.2875,39.5500,31.4576,3861200
2010-09-08,39.4800,40.3100,39.4600,39.8600,31.7837,3118700
2010-09-09,40.4700,40.5900,39.5675,39.9100,31.8236,2376000
2010-09-10,40.2800,41.2800,40.2600,41.1000,32.7725,3789900
2010-09-13,41.8700,42.0000,41.2300,41.3200,32.9479,3523200
2010-09-14,41.1900,41.8100,40.9000,41.4500,33.0516,3771400
2010-09-15,41.1400,41.2800,40.5700,41.1300,32.7964,3471700
2010-09-16,41.0800,41.3100,40.5900,40.9000,32.6130,3210700
2010-09-17,41.1000,41.4200,40.7500,41.2800,32.9160,4068600
2010-09-20,41.4600,42.3700,41.1500,42.2100,33.6576,3784700
2010-09-21,42.3100,43.5000,42.3100,42.9900,34.2796,6519300
2010-09-22,43.0800,43.6200,42.6600,42.8800,34.1918,5004500
2010-09-23,42.2500,43.2800,42.1000,42.7700,34.1041,4649600
2010-09-24,43.4300,44.6800,43.3700,44.2100,35.2524,6369700
2010-09-27,44.4000,44.5900,43.5700,43.6500,34.8058,5006400
2010-09-28,43.8700,44.4600,43.3800,44.3100,35.3321,4188200
2010-09-29,44.1500,45.1000,43.8900,44.8500,35.7627,5705100
2010-09-30,45.1700,45.2400,44.0000,44.4700,35.4597,5304500
2010-10-01,45.0200,45.7000,44.8700,45.1800,36.0258,4808700
2010-10-04,44.9300,45.0700,43.3600,43.9400,35.0371,6050100
2010-10-05,44.5700,46.1600,44.5500,46.1300,36.7833,6419800
2010-10-06,45.8800,46.5800,45.7400,46.2100,36.8471,5191900
2010-10-07,46.5500,46.6000,45.0400,45.6400,36.3926,5199700
2010-10-08,45.8100,46.8400,45.5700,46.6100,37.1661,3401000
2010-10-11,46.4300,47.0000,46.2400,46.6400,37.1900,3645000
2010-10-12,46.5200,47.1995,45.8300,46.8200,37.3335,3783500
2010-10-13,47.2000,48.6000,47.2000,48.1500,38.3941,5394800
2010-10-14,48.2000,48.9100,47.6200,48.1400,38.3861,5506700
2010-10-15,48.4200,48.6100,47.5000,48.6000,38.7529,4731300
2010-10-18,48.5000,48.6800,47.6300,48.3100,38.5216,4210100
2010-10-19,47.2500,47.8800,46.7400,47.4700,37.8518,5909500
2010-10-20,47.6900,48.8700,47.6600,48.8100,38.9203,4418700
2010-10-21,48.9600,49.0200,47.4100,47.9500,38.2346,7078200
2010-10-22,48.1700,48.7900,48.1700,48.5900,38.7449,5267100
2010-10-25,49.1500,49.9300,47.7800,47.9700,38.2505,9749000
2010-10-26,49.9200,52.6300,49.9200,52.0300,41.4879,14880100
2010-10-27,51.2700,54.5900,51.1100,54.0000,43.0588,12717700
2010-10-28,54.7400,54.7400,52.5800,53.4800,42.6441,7659200
2010-10-29,52.9700,55.0000,52.9700,53.7600,42.8674,7612100
2010-11-01,54.6600,55.1300,53.9000,54.3200,43.3139,5551900
2010-11-02,54.9300,56.0300,54.6775,55.4700,44.2309,5136900
2010-11-03,55.7200,55.7500,54.0000,55.7200,44.4303,6404700
2010-11-04,56.6500,58.4000,56.5700,58.2600,46.4556,7501400
2010-11-05,58.5900,59.3800,58.3110,58.7700,46.8623,7587100
2010-11-08,58.5200,58.7200,57.5000,58.2900,46.4795,6126800
2010-11-09,58.6500,59.7300,57.9600,58.3300,46.5114,6298300
2010-11-10,58.3100,59.3200,57.6000,59.0900,47.1175,7104500
2010-11-11,58.4100,59.8700,58.4100,59.5600,47.4922,4910500
2010-11-12,58.7800,59.4700,56.9150,57.6500,45.9692,8023600
2010-11-15,57.8800,58.1200,57.0000,57.4900,45.8416,4569300
2010-11-16,56.7100,57.7600,56.4100,57.6300,45.9533,7634800
2010-11-17,57.4400,59.6050,57.3000,59.1900,47.1972,6472600
2010-11-18,59.9600,63.1100,59.7800,61.8700,49.3342,14344900
2010-11-19,61.2800,61.7500,60.2900,61.7300,49.2225,6865200
2010-11-22,61.5100,61.5400,59.6000,60.9500,48.6006,4850900
2010-11-23,60.0200,60.9500,59.4300,60.8700,48.5368,4508400
2010-11-24,61.7300,63.8800,61.6900,63.3000,50.4744,5656100
2010-11-26,61.6900,62.7300,61.4100,61.5200,49.0551,2747700
2010-11-29,61.1900,61.5100,60.0100,61.3900,48.9514,6900200
2010-11-30,61.3900,61.3900,61.3900,61.3900,48.9514,7478100
2010-12-01,62.0000,62.5000,61.4900,61.9900,49.5176,6808200
2010-12-02,61.9400,62.5000,61.2500,62.3400,49.7972,5005200
2010-12-03,61.9900,63.3100,61.9900,63.0000,50.3244,4804700
2010-12-06,62.9400,63.6100,62.7000,63.3100,50.5720,3791400
2010-12-07,64.0500,64.7401,62.2800,62.5700,49.9809,5035300
2010-12-08,62.5600,62.9100,60.8800,61.6700,49.2620,6452500
2010-12-09,62.2900,63.1700,61.9600,62.8900,50.2365,4088400
2010-12-10,62.6700,63.3050,62.6000,62.6600,50.0528,4131900
2010-12-13,63.6200,66.1100,63.5500,63.9900,51.1152,6374400
2010-12-14,64.0400,65.3840,63.4200,63.5200,50.7397,5065200
2010-12-15,63.2500,64.3500,62.2100,62.2200,49.7013,4906300
2010-12-16,62.1800,63.1350,61.0800,63.0500,50.3643,4435100
2010-12-17,62.9500,63.8700,62.5100,63.5800,50.7877,4708800
2010-12-20,63.8200,64.5000,63.1200,64.0600,51.1711,3008600
2010-12-21,64.1500,65.7300,63.9800,65.3800,52.2255,4908200
2010-12-22,65.6400,65.8700,65.0200,65.7500,52.5211,2932000
2010-12-23,65.6000,65.9500,65.3300,65.8100,52.5690,1722300
2010-12-27,65.6400,65.8600,64.5500,65.0700,51.9779,2183600
2010-12-28,65.2000,65.5700,64.7700,65.0200,51.9379,1928600
2010-12-29,65.2200,66.4900,64.8100,66.3100,52.9684,2305900
2010-12-30,66.3900,67.1500,66.1200,66.8900,53.4317,2629900
2010-12-31,66.8100,67.7200,66.4300,67.2500,53.7193,2231600
2011-01-03,68.1400,68.6100,66.7700,66.8700,53.4157,4244100
2011-01-04,67.4000,67.4300,65.6100,66.8000,53.3598,6322300
2011-01-05,66.0200,66.4300,64.8900,66.0700,52.7767,5896100
2011-01-06,66.2000,66.2000,63.4600,63.7200,50.8995,6353500
2011-01-07,63.7600,65.8800,63.5800,65.0400,51.9539,6302800
2011-01-10,64.5600,65.8000,63.8300,65.2000,52.0817,4971300
2011-01-11,65.7200,66.9599,65.6600,66.4000,53.0403,4588200
2011-01-12,66.7200,67.4500,65.6900,67.3800,53.8231,5471500
2011-01-13,67.4700,68.1900,66.8500,67.1300,53.6234,3726200
2011-01-14,67.0300,69.3300,66.5200,69.3100,55.3648,5138000
2011-01-18,69.7000,69.9900,68.8000,69.8500,55.7961,3567300
2011-01-19,69.7300,70.0000,67.9200,68.2600,54.5261,4454300
2011-01-20,67.5400,68.1200,65.6500,67.7600,54.1267,5060800
2011-01-21,68.8800,69.6600,67.1300,67.5100,53.9270,4899900
2011-01-24,67.2400,68.8200,66.6000,68.2500,54.5181,3707700
2011-01-25,67.9400,68.1700,66.5200,68.1300,54.4222,5138000
2011-01-26,68.3500,71.9000,68.3500,71.5200,57.1301,6004500
2011-01-27,71.7500,71.8800,69.7000,70.8700,56.6109,4027100
2011-01-28,70.5200,72.0000,70.2500,71.4600,57.0822,3916100
2011-01-31,72.3600,74.1400,71.5000,73.9000,59.0313,5190900
2011-02-01,74.2600,74.7300,72.4500,74.1000,59.1910,5402400
2011-02-02,73.8300,75.6500,73.3100,74.6400,59.6224,5827200
2011-02-03,75.0800,76.6700,73.5200,75.9300,60.6528,7980000
2011-02-04,76.7100,77.5900,75.8000,76.4500,61.0682,7327200
2011-02-07,76.8400,79.2800,76.6700,77.7100,62.0747,6732500
2011-02-08,78.1700,78.3600,76.2900,77.3700,61.8031,4288400
2011-02-09,76.9500,78.6100,75.8900,76.8000,61.3478,4327100
2011-02-10,75.9700,79.6300,75.8900,79.4500,63.4646,5318100
2011-02-11,79.1300,79.4500,77.4300,77.8600,62.1945,4809100
2011-02-14,78.1000,79.8900,77.8600,79.6000,63.5844,3945000
2011-02-15,79.3300,79.6400,77.8000,78.9500,63.0652,3941700
2011-02-16,79.4100,81.9800,79.0000,80.7000,64.4631,6429000
2011-02-17,80.4000,81.9000,79.6100,81.4000,65.0223,4548600
2011-02-18,81.3100,81.6400,79.7000,80.1800,64.0477,4942900
2011-02-22,80.6300,81.9300,79.2000,79.8000,63.7442,5641200
2011-02-23,79.9600,80.9900,79.3100,79.3900,63.4167,4600400
2011-02-24,79.3900,79.3900,76.9400,77.8900,62.2185,5453100
2011-02-25,78.4200,79.8500,78.1000,79.8300,63.7682,4244900
2011-02-28,79.9700,80.4990,77.6100,79.5700,63.5605,4823500
2011-03-01,80.6800,80.6800,76.6900,77.0300,61.5315,5164800
2011-03-02,77.0100,79.6400,76.8400,79.5600,63.5525,5395300
2011-03-03,80.0600,81.9500,79.7600,81.8600,65.3897,5690700
2011-03-04,81.6100,82.3650,80.2700,80.7400,64.4951,4044400
2011-03-07,81.4000,81.8400,79.5100,79.8800,63.8081,3812100
2011-03-08,80.0100,80.3800,78.3100,79.8200,63.7602,3457600
2011-03-09,79.6400,80.4900,78.0100,78.3200,62.6498,3232200
2011-03-10,76.6900,77.9300,73.6400,73.7500,58.9942,6799100
2011-03-11,73.1200,76.6300,72.5400,76.0500,60.8340,4499100
2011-03-14,75.4500,76.3000,74.3700,76.0300,60.8180,4417900
2011-03-15,73.0500,75.9500,72.3500,75.4400,60.3461,5803500
2011-03-16,75.0200,75.9500,73.0700,74.4100,59.5221,7892600
2011-03-17,75.8600,78.6600,75.6700,78.2800,62.6178,4740900
2011-03-18,79.1500,79.7000,76.7000,76.8100,61.4420,5460300
2011-03-21,78.3500,79.3900,77.5500,79.3900,63.5058,2583700
2011-03-22,79.1700,79.6700,78.2500,78.6100,62.8818,2918400
2011-03-23,78.8300,79.7500,77.8800,79.5600,63.6417,3218100
2011-03-24,79.9700,80.2000,78.1500,80.2000,64.1537,3509900
2011-03-25,79.9900,81.1200,79.3400,80.6500,64.5137,3287000
2011-03-28,80.5500,81.9000,79.4700,80.7200,64.5697,3523100
2011-03-29,80.3700,82.6100,80.1200,82.2600,65.8015,3690100
2011-03-30,82.7600,82.8000,79.7400,79.9000,63.9137,5670300
2011-03-31,80.7600,81.4300,79.1900,79.2700,63.4098,4257000
2011-04-01,80.0000,81.3300,80.0000,80.6800,64.5377,3651300
2011-04-04,81.0400,81.9900,80.6800,81.4600,65.1616,3355100
2011-04-05,81.0600,81.7500,80.2500,80.4800,64.3777,3602300
2011-04-06,80.9900,81.5500,77.9600,78.5700,62.8498,4312500
2011-04-07,78.3200,78.7500,77.0600,78.5100,62.8018,4340700
2011-04-08,78.7400,80.3000,78.7200,79.6300,63.6977,3875400
2011-04-11,79.8000,80.4800,77.1400,77.5100,62.0019,3688500
2011-04-12,76.5900,76.6700,73.3400,74.6400,59.7061,7214600
2011-04-13,75.1000,75.6400,74.1400,75.0700,60.0501,5191900
2011-04-14,74.4300,76.2500,74.2600,76.0000,60.7940,4483700
2011-04-15,75.7000,76.5700,75.4300,76.5000,61.1940,3802800
2011-04-18,75.6700,77.0300,74.4600,76.2200,60.9700,4093000
2011-04-19,76.3300,77.8400,76.2600,77.5100,62.0019,2955900
2011-04-20,78.6900,78.9300,77.1500,78.6300,62.8978,3412700
2011-04-21,79.0100,79.6600,78.0100,79.2300,63.3778,2764700
2011-04-25,78.9300,79.7300,78.3900,79.4000,63.5138,2234900
2011-04-26,79.4300,80.6500,78.7100,80.6000,64.4737,4325100
2011-04-27,80.5400,80.5400,74.8900,76.8800,61.4980,11030100
2011-04-28,77.6750,77.9800,75.6900,76.9800,61.5779,5943200
2011-04-29,76.9200,77.9300,76.1500,76.6900,61.3460,4299500
2011-05-02,77.0200,77.8100,74.1400,74.7300,59.7781,4511700
2011-05-03,74.2600,74.7300,71.8100,72.3800,57.8983,6865400
2011-05-04,72.1300,72.3200,68.3200,69.9200,55.9305,11420800
2011-05-05,68.5100,70.2300,67.6200,68.7000,54.9546,8361500
2011-05-06,69.6600,71.1900,68.1200,68.6000,54.8746,5619300
2011-05-09,69.2600,71.0650,69.2500,70.6700,56.5304,4250100
2011-05-10,70.6600,72.0800,69.8200,71.4900,57.1864,4884600
2011-05-11,70.9300,70.9300,67.9800,68.3000,54.6346,7096600
2011-05-12,67.3900,69.0700,66.1150,68.1700,54.5306,8181200
2011-05-13,68.5400,69.3100,67.5500,68.0200,54.4107,5556000
2011-05-16,67.8200,69.0500,66.6200,66.8600,53.4827,6946100
2011-05-17,66.4000,67.2900,65.0850,65.4000,52.3149,9471500
2011-05-18,65.8600,68.8200,65.2200,67.7400,54.1867,8032800
2011-05-19,68.0800,68.4000,66.5700,67.9300,54.3387,5646600
2011-05-20,68.2600,68.5600,67.0600,67.7600,54.2027,5865400
2011-05-23,66.5100,67.2500,65.5000,66.7700,53.4107,5102600
2011-05-24,67.2400,68.5000,67.0400,68.4700,54.7706,7366000
2011-05-25,67.8800,73.1100,67.7400,72.3400,57.8663,11553000
2011-05-26,72.0200,72.7800,71.4600,72.5500,58.0343,4956200
2011-05-27,72.9400,74.0000,72.2900,72.8600,58.2823,4072800
2011-05-31,73.9900,74.0000,71.9800,72.5800,58.0583,5205500
2011-06-01,72.2900,72.6600,71.4700,71.5400,57.2264,5307500
2011-06-02,71.7300,73.1900,71.3800,72.3600,57.8823,3360300
2011-06-03,71.2100,73.9100,70.7400,73.3400,58.6662,4723200
2011-06-06,73.0400,73.6800,71.1800,71.1900,56.9464,3741100
2011-06-07,71.7800,72.4100,71.0500,71.2200,56.9704,3372600
2011-06-08,71.2200,72.2000,70.6100,71.3500,57.1624,3578300
2011-06-09,72.1600,73.5700,71.6300,73.0000,58.4843,3674200
2011-06-10,72.2500,72.2500,70.4600,70.7400,56.6737,4830100
2011-06-13,70.9300,71.6300,68.0500,69.0800,55.3438,4383000
2011-06-14,70.3500,72.2100,70.1700,71.6300,57.3867,4027000
2011-06-15,70.8400,71.7700,69.8300,70.1200,56.1770,5027800
2011-06-16,70.0000,70.7900,68.8500,69.9800,56.0648,3920000
2011-06-17,70.4800,70.7400,68.7600,69.0500,55.3197,5389100
2011-06-20,68.9700,70.3400,68.5000,69.9000,56.0007,3228600
2011-06-21,70.4300,72.1300,70.2800,71.7200,57.4588,2855600
2011-06-22,71.8600,73.4600,71.5600,72.1000,57.7632,2903000
2011-06-23,70.4100,71.9800,69.3200,71.8100,57.5309,5021200
2011-06-24,71.8200,72.1300,70.1000,70.1000,56.1609,5117700
2011-06-27,69.8200,71.1300,69.4100,70.7000,56.6416,3140200
2011-06-28,71.6200,74.8200,71.1500,74.5600,59.7341,4633300
2011-06-29,75.0300,77.0700,74.2000,75.8000,60.7275,6808900
2011-06-30,76.1900,78.3900,76.0110,78.2100,62.6583,5443600
2011-07-01,77.5900,78.3400,76.5700,78.3100,62.7384,3385300
2011-07-05,77.9700,80.5700,77.5400,80.0500,64.1324,5009800
2011-07-06,79.5600,80.5600,78.7800,80.1600,64.2206,3642700
2011-07-07,81.2200,81.9000,79.4000,80.9500,64.8535,4848200
2011-07-08,79.1900,80.4000,78.7900,80.2100,64.2606,3007500
2011-07-11,79.0300,79.2400,76.3300,77.2900,61.9212,4509200
2011-07-12,76.8300,77.8300,76.1600,76.4300,61.2322,4156900
2011-07-13,77.0700,79.3000,76.8700,77.3000,61.9293,3752600
2011-07-14,77.8200,78.5900,76.0500,76.4100,61.2162,3620700
2011-07-15,77.0000,78.8500,76.8200,78.5600,62.9387,3223000
2011-07-18,78.3200,78.9200,77.3400,77.9100,62.4180,2845400
2011-07-19,78.6900,80.1200,78.2300,80.0700,64.1484,3405100
2011-07-20,79.9200,80.1000,78.3500,78.9400,63.2431,2930100
2011-07-21,79.4300,81.7300,79.3700,81.4700,65.2701,6065500
2011-07-22,81.5300,83.3400,81.3200,83.3100,66.7442,6519300
2011-07-25,81.5600,83.3600,81.4050,82.3100,65.9430,4054100
2011-07-26,83.2600,86.7100,81.9000,81.9600,65.6626,7855700
2011-07-27,81.0300,82.1800,79.2700,80.0000,64.0924,6650700
2011-07-28,80.1200,82.2330,80.0200,81.2500,65.0938,6054800
2011-07-29,80.0900,81.1900,79.5900,80.5700,64.5490,4481000
2011-08-01,81.9300,82.2800,78.8300,79.9100,64.0203,4233400
2011-08-02,79.0200,80.7700,78.0700,78.1200,62.5862,5283200
2011-08-03,78.1700,78.2400,75.0300,77.5800,62.1536,6040900
2011-08-04,76.3600,76.3600,68.1000,68.3600,54.7669,10074700
2011-08-05,70.5000,71.6900,63.0250,67.4800,54.0619,10266900
2011-08-08,62.2400,66.8300,60.0000,60.2600,48.2776,11258200
2011-08-09,63.4500,66.4600,60.7300,66.3900,53.1887,10866000
2011-08-10,65.6400,66.6900,63.2400,63.3900,50.7852,10535100
2011-08-11,64.1800,67.2200,62.7500,66.1300,52.9804,6551300
2011-08-12,66.9900,67.8700,65.8500,66.7800,53.5011,5340700
2011-08-15,69.4700,70.9500,68.3800,70.2900,56.3132,7825000
2011-08-16,69.3300,70.3100,67.7100,68.3700,54.7749,6827000
2011-08-17,69.4000,70.2400,67.5700,68.3100,54.7269,4774800
2011-08-18,65.5400,65.8600,62.4200,63.2500,50.6730,8161400
2011-08-19,61.6100,63.9300,60.5000,60.7100,48.6381,7200500
2011-08-22,62.7500,62.9700,60.1400,60.3700,48.3657,6843400
2011-08-23,60.6400,63.7100,59.9900,63.6500,50.9935,5118800
2011-08-24,63.4100,64.4200,62.2400,64.3900,51.5863,4821600
2011-08-25,65.1000,65.6500,62.2400,62.6200,50.1683,5105900
2011-08-26,62.0300,64.3900,61.2300,63.7300,51.0576,4901900
2011-08-29,65.0000,66.6300,64.7000,66.5900,53.3489,4158800
2011-08-30,65.9600,67.6500,64.8900,67.0100,53.6854,5043200
2011-08-31,67.7300,68.3900,65.2100,66.1200,52.9723,5923500
2011-09-01,66.3400,66.8600,64.9300,65.1800,52.2193,4269000
2011-09-02,63.6200,64.6200,62.5000,63.6400,50.9855,3566500
2011-09-06,61.2300,63.7500,61.0700,63.6800,51.0175,4091200
2011-09-07,64.9600,66.0979,64.4200,65.9700,52.9403,4705400
2011-09-08,65.6400,66.9200,64.6400,65.0900,52.2341,3718600
2011-09-09,63.6600,65.0253,61.6000,62.6600,50.2841,5408500
2011-09-12,61.5300,63.4000,60.8400,63.2700,50.7736,5328200
2011-09-13,62.8000,64.3500,62.0400,63.8200,51.2149,4598000
2011-09-14,64.1200,65.8500,62.5640,64.8200,52.0174,4532600
2011-09-15,65.8800,66.4700,65.0800,65.7300,52.7477,4215900
2011-09-16,65.9700,66.5000,64.0800,65.0300,52.1860,4280300
2011-09-19,63.5300,64.1300,62.1800,63.4700,50.9341,4045700
2011-09-20,63.9700,64.3500,61.5900,61.6900,49.5056,6140200
2011-09-21,61.4200,61.6400,57.9200,58.0400,46.5765,8273700
2011-09-22,55.4400,55.9300,53.0600,54.4100,43.6635,11732900
2011-09-23,53.1200,54.2300,52.0900,53.2300,42.7166,11154100
2011-09-26,53.9100,55.2100,50.9800,55.0500,44.1771,8102200
2011-09-27,57.3900,58.3500,56.2500,56.7500,45.5413,7811500
2011-09-28,55.8200,56.2400,53.6700,53.9500,43.2944,6938700
2011-09-29,55.2700,55.5300,51.4600,52.7800,42.3554,7876600
2011-09-30,51.5400,52.9050,49.5700,51.2200,41.1036,9414700
2011-10-03,50.6200,52.6300,50.1300,50.2300,40.3091,7712100
2011-10-04,48.6600,52.8300,47.9700,52.7800,42.3554,8203200
2011-10-05,52.5300,55.1400,51.7400,55.1100,44.2252,8791900
2011-10-06,55.4200,59.5900,55.2900,59.4700,47.7241,12337100
2011-10-07,60.1200,60.2200,57.8300,58.8100,47.1945,8313800
2011-10-10,60.3600,62.0200,60.2300,61.4300,49.2970,5913700
2011-10-11,61.0000,63.6300,60.4900,62.7400,50.3483,6933200
2011-10-12,63.1100,64.6400,62.4300,62.8500,50.4365,7079700
2011-10-13,62.5200,63.3300,61.2100,62.9600,50.5248,5384700
2011-10-14,64.4600,66.5000,64.2800,66.4100,53.2934,4677400
2011-10-17,65.9900,66.0100,62.5700,62.7300,50.3402,4285200
2011-10-18,62.8600,66.5600,61.8000,65.7300,52.7477,6319000
2011-10-19,65.6200,66.6500,63.7200,64.1500,51.4798,4914200
2011-10-20,64.4400,65.7800,63.3100,65.1300,52.2662,5223700
2011-10-21,65.9300,67.1100,64.7500,65.7200,52.7397,5293400
2011-10-24,66.2600,68.6400,66.2600,68.4100,54.8984,6737300
2011-10-25,71.0500,71.1516,64.9800,67.9900,54.5613,7845500
2011-10-26,69.4100,70.2000,67.3800,69.4500,55.7330,5903000
2011-10-27,72.2600,76.0500,72.2400,74.7200,59.9621,8433700
2011-10-28,73.9600,75.8500,73.6500,75.7300,60.7726,5888800
2011-10-31,74.4900,74.7500,71.2800,71.3300,57.2416,5664900
2011-11-01,66.7300,69.6200,65.0000,68.3800,54.8743,8751200
2011-11-02,70.4900,70.5600,68.5000,70.1500,56.2947,5987200
2011-11-03,70.9800,73.0300,69.7700,72.7600,58.3892,4939200
2011-11-04,72.0000,72.8300,70.2300,71.0800,57.0410,5847600
2011-11-07,70.9300,72.4500,69.7600,71.1100,57.0651,4492900
2011-11-08,71.7800,72.9500,70.4300,72.6500,58.3009,3898700
2011-11-09,68.2200,70.0400,66.9000,67.0500,53.8070,6452400
2011-11-10,68.8000,69.2100,66.7600,68.8000,55.2113,5900900
2011-11-11,69.9300,71.3600,69.4600,71.0500,57.0169,3436200
2011-11-14,70.5900,70.7000,68.8818,69.9400,56.1262,2904200
2011-11-15,69.7000,71.3500,69.0650,70.6500,56.6960,2955200
2011-11-16,69.9200,73.1497,69.8100,70.7800,56.8003,4903600
2011-11-17,70.4000,70.5600,67.0600,67.8700,54.4650,6416600
2011-11-18,68.9700,69.2600,66.6400,67.5000,54.1681,5324600
2011-11-21,66.4000,66.5200,64.7900,65.7200,52.7397,6028400
2011-11-22,65.6000,66.1400,63.5700,64.6100,51.8489,5875800
2011-11-23,63.4300,64.6400,62.9052,63.7600,51.1668,5607500
2011-11-25,63.4100,65.4600,63.0500,64.5200,51.7767,2334800
2011-11-28,66.7000,67.0000,65.0700,65.8100,52.8119,7023300
2011-11-29,66.0800,69.0900,65.6700,67.6500,54.2885,5718700
2011-11-30,70.6700,72.0200,70.1300,71.7000,57.6349,6245600
2011-12-01,71.3500,72.6800,70.9200,71.4300,57.4178,3885900
2011-12-02,72.3900,73.0900,70.8200,71.0500,57.1124,4516300
2011-12-05,72.9000,73.3800,72.2300,73.1400,58.7924,4965500
2011-12-06,73.4500,74.0000,71.8500,73.1000,58.7602,4350500
2011-12-07,72.9500,73.3500,71.8600,72.7400,58.4709,4493300
2011-12-08,72.3600,73.4200,70.6700,71.0300,57.0963,4984800
2011-12-09,71.2300,73.8400,71.0300,73.4000,59.0014,3612300
2011-12-12,72.1400,72.1800,69.3500,70.7500,56.8712,4911200
2011-12-13,71.3700,72.6800,68.3600,68.9500,55.4243,4937200
2011-12-14,67.6200,68.4400,65.5800,65.9700,53.0289,5966500
2011-12-15,67.2200,67.3300,63.8700,64.2300,51.6302,5446700
2011-12-16,64.9200,66.0300,64.0700,65.5300,52.6752,6022600
2011-12-19,65.8700,65.9300,63.6300,63.8400,51.3167,3714900
2011-12-20,65.8200,67.6900,65.7900,67.3600,54.1462,4163900
2011-12-21,67.3700,67.9000,65.3900,67.3400,54.1302,4070500
2011-12-22,67.5600,68.6300,66.8600,68.2900,54.8938,3682500
2011-12-23,68.5200,68.7900,68.1500,68.4700,55.0385,2399200
2011-12-27,68.4000,69.1000,68.0200,68.6400,55.1751,2457800
2011-12-28,68.7800,68.7900,66.7300,66.8300,53.7202,2452800
2011-12-29,67.0900,68.2400,66.9880,67.8700,54.5562,2388800
2011-12-30,67.8300,68.6700,67.5300,67.9900,54.6526,1818400
2012-01-03,69.9500,71.6000,69.8400,70.8700,56.9677,3714900
2012-01-04,70.4700,71.7500,69.9000,70.9400,57.0240,3937200
2012-01-05,70.3900,70.8700,69.3000,70.7500,56.8712,3571600
2012-01-06,71.0100,71.6800,70.1500,70.8100,56.9195,4483800
2012-01-09,71.0300,71.9000,70.7200,71.5500,57.5143,3172200
2012-01-10,72.9600,74.2200,72.8100,73.8900,59.3953,4019600
2012-01-11,73.5700,74.1400,73.1800,73.6400,59.1943,3748600
2012-01-12,74.0300,74.4500,73.0100,73.3000,58.9210,4006800
2012-01-13,72.4600,73.3500,71.9100,73.1100,58.7683,2848800
2012-01-17,74.4000,74.7000,73.5100,74.1200,59.5801,3635900
2012-01-18,73.8900,75.6800,73.7500,75.4700,60.6653,4679300
2012-01-19,74.9800,75.9800,74.4400,75.8000,60.9306,3725900
2012-01-20,75.6300,76.5000,74.1100,74.8000,60.1267,3921500
2012-01-23,74.9900,76.1700,74.6300,75.9800,61.0753,2906900
2012-01-24,75.0300,76.0200,74.5000,75.9800,61.0753,3696700
2012-01-25,75.8000,77.4600,74.1900,77.2000,62.0560,4968200
2012-01-26,77.8300,78.4500,75.6600,75.9900,61.0833,4097100
2012-01-27,76.0300,77.9000,75.8800,77.4000,62.2167,3619300
2012-01-30,76.3700,76.3700,74.9150,75.4500,60.6492,4429600
2012-01-31,75.9300,76.1300,73.9100,73.9800,59.4676,6438000
2012-02-01,74.4600,75.2400,73.6000,74.6800,60.0303,5019100
2012-02-02,73.4400,77.6200,73.4200,77.0800,61.9595,6293500
2012-02-03,78.7200,82.2000,78.7200,82.1400,66.0269,8429700
2012-02-06,82.4400,83.7000,81.0000,83.6500,67.2407,5627500
2012-02-07,82.8700,83.2300,81.2100,82.1100,66.0028,5052200
2012-02-08,82.3500,83.0000,81.5500,81.7700,65.7295,4302000
2012-02-09,82.0700,83.3500,81.5800,82.4600,66.2841,4192100
2012-02-10,82.1700,83.5900,81.9200,82.6600,66.4449,5651900
2012-02-13,83.4100,83.5000,81.9550,82.6000,66.3967,3628300
2012-02-14,82.2900,83.9600,81.9900,83.9300,67.4657,5281200
2012-02-15,83.9300,83.9800,82.4400,82.8600,66.6056,4743900
2012-02-16,82.8500,84.6400,82.3200,84.5500,67.9641,5473200
2012-02-17,85.6500,85.8900,83.5000,83.8000,67.3613,4071500
2012-02-21,83.8100,85.2100,83.5000,84.5800,67.9882,3692200
2012-02-22,84.4000,87.7200,84.2000,87.1800,70.0782,5581500
2012-02-23,86.9000,87.1800,85.2500,86.2300,69.3146,3576600
2012-02-24,86.1100,86.8300,85.5500,86.0400,69.1618,3355400
2012-02-27,85.6300,85.7500,84.5200,85.2300,68.5107,3257600
2012-02-28,85.3900,85.7300,83.8600,84.5300,67.9481,2661400
2012-02-29,84.8600,84.9000,82.1600,82.5300,66.3404,4090300
2012-03-01,82.9700,84.3900,82.5100,84.0900,67.5944,2847500
2012-03-02,83.6600,84.6900,81.6700,82.2400,66.1073,3584800
2012-03-05,81.7700,81.8900,79.2800,79.9400,64.2585,4541700
2012-03-06,78.4200,78.4200,76.6100,77.5400,62.3293,5376400
2012-03-07,78.0600,80.2100,77.8100,79.9900,64.2986,4253000
2012-03-08,80.9400,82.0200,80.4700,81.5000,65.5124,3942700
2012-03-09,81.6200,82.7900,81.1400,81.3800,65.4160,3249700
2012-03-12,81.2900,81.4600,79.5200,80.0800,64.3710,2270500
2012-03-13,80.7700,82.0100,79.7300,81.8600,65.8018,3147800
2012-03-14,81.7900,82.2000,79.9000,80.1700,64.5398,2726100
2012-03-15,80.5200,80.8500,79.1200,80.2300,64.5881,2603800
2012-03-16,81.1700,84.2800,81.0100,83.5600,67.2689,6589300
2012-03-19,83.3300,83.5400,82.0000,82.9300,66.7617,3560300
2012-03-20,82.0500,82.0500,80.5400,81.8600,65.9003,4745200
2012-03-21,81.2800,81.4600,79.9500,80.4700,64.7813,4111300
2012-03-22,79.2700,80.0600,78.3000,78.9400,63.5496,4539700
2012-03-23,79.2900,81.1600,78.7200,80.5800,64.8699,3596900
2012-03-26,81.4500,81.8600,79.5700,80.0800,64.4673,4063400
2012-03-27,80.1000,80.2900,77.9600,78.2100,62.9619,5034700
2012-03-28,77.8900,78.6800,76.6000,78.5300,63.2195,4824900
2012-03-29,77.8800,79.0900,77.2200,78.6600,63.3242,3119100
2012-03-30,79.1800,79.8600,78.1420,79.4700,63.9763,3424800
2012-04-02,78.0500,81.4700,77.5400,80.2700,64.6203,3644300
2012-04-03,80.2500,81.6100,79.8000,80.6700,64.9423,3535900
2012-04-04,79.4100,79.9500,78.2100,79.2400,63.7911,2702900
2012-04-05,78.9100,81.3900,78.7300,79.7200,64.1775,3164800
2012-04-09,78.4500,79.4200,77.9800,78.2100,62.9619,2625600
2012-04-10,78.0000,78.4100,75.7800,76.0000,61.1828,4050200
2012-04-11,77.1800,77.8200,76.7700,76.9700,61.9637,3165000
2012-04-12,77.2800,80.7500,77.2700,80.4600,64.7733,4990100
2012-04-13,80.0200,80.3100,78.4500,78.5200,63.2115,3058100
2012-04-16,79.2200,79.5700,77.4700,77.9100,62.7204,2466700
2012-04-17,78.7700,79.9700,78.6040,79.5200,64.0165,2446800
2012-04-18,79.0100,80.3500,78.6350,79.0300,63.6221,2928800
2012-04-19,79.0600,79.7700,77.6500,78.1400,62.9056,3366900
2012-04-20,78.1400,79.7200,77.5300,77.6800,62.5353,3973300
2012-04-23,76.3900,77.8200,75.7700,77.2900,62.2213,2962600
2012-04-24,77.5400,78.9400,76.8800,78.0200,62.8090,4746300
2012-04-25,78.8900,78.8900,74.4900,76.8300,61.8510,7885000
2012-04-26,76.2100,77.5700,75.8700,76.7400,61.7785,3791300
2012-04-27,77.1200,77.3800,75.5000,75.5900,60.8527,4427300
2012-04-30,75.4600,76.1900,75.1500,75.7600,60.9896,4079800
2012-05-01,75.8200,77.1000,75.2400,75.4100,60.7078,5484300
2012-05-02,74.7200,74.7900,73.8700,74.3000,59.8142,7109800
2012-05-03,74.2700,74.3400,72.3601,72.7400,58.5584,4618800
2012-05-04,72.1000,72.1000,70.5500,71.1300,57.2623,5469700
2012-05-07,70.9700,71.0400,69.2200,70.3100,56.6021,5895600
2012-05-08,69.4200,69.5500,67.5300,69.2400,55.7407,8052900
2012-05-09,67.7300,68.9799,66.7600,67.7600,54.5493,5787500
2012-05-10,69.0100,69.5100,67.9600,68.3900,55.0565,6495000
2012-05-11,67.6400,69.0600,67.2200,68.4300,55.0887,6432400
2012-05-14,67.2200,67.4500,66.1500,67.1000,54.0180,5887900
2012-05-15,67.2400,67.2500,64.8550,65.1600,52.4562,4711700
2012-05-16,65.4100,65.5400,63.5800,63.6200,51.2164,8183900
2012-05-17,63.8300,65.2000,63.4400,63.6500,51.2406,5861600
2012-05-18,63.9400,65.7700,63.1500,63.4200,51.0554,7731600
2012-05-21,64.0900,67.3600,63.5200,67.1700,54.0743,5822700
2012-05-22,67.2500,68.4050,66.1400,66.7300,53.7201,5903400
2012-05-23,65.9600,68.0000,65.3635,67.9500,54.7022,4121200
2012-05-24,68.5900,68.5900,66.8600,67.8500,54.6217,4227000
2012-05-25,68.0000,68.8500,67.5800,68.1000,54.8230,3798800
2012-05-29,68.6900,70.3500,68.6200,69.9800,56.3365,4647400
2012-05-30,68.9200,68.9200,67.0100,67.1900,54.0904,4805000
2012-05-31,67.5100,67.5699,64.7400,66.7500,53.7362,7362000
2012-06-01,64.6600,65.9450,64.6200,65.0000,52.3274,5014000
2012-06-04,65.1800,65.9300,63.3300,64.1200,51.6190,5192300
2012-06-05,63.9800,66.0900,63.8500,65.6900,52.8829,3615800
2012-06-06,66.2900,68.0900,66.2900,68.0700,54.7989,6417200
2012-06-07,69.4300,70.6300,67.2500,67.4200,54.2756,5376100
2012-06-08,66.5700,67.1200,65.0200,66.5900,53.6074,3517600
2012-06-11,67.7400,67.9400,65.5700,65.6400,52.8426,3180500
2012-06-12,66.3600,67.0000,65.2000,66.9200,53.8731,3119400
2012-06-13,66.2100,67.5000,65.6304,66.1800,53.3739,3436800
2012-06-14,66.3300,67.9500,65.7900,66.8100,53.8820,3964300
2012-06-15,67.6400,67.9700,66.5500,67.8500,54.7208,4379700
2012-06-18,67.1700,67.6600,66.1000,66.8700,53.9304,4543500
2012-06-19,67.5000,67.5900,66.3000,66.6900,53.7852,6123200
2012-06-20,66.7400,67.7000,66.0800,67.0500,54.0756,8223000
2012-06-21,66.8100,67.8100,64.1900,64.2800,51.8416,5873200
2012-06-22,64.6800,64.7800,62.6300,63.0900,50.8819,8165900
2012-06-25,61.3100,62.1100,59.0800,60.0000,48.3898,7485600
2012-06-26,60.3100,60.9750,59.0700,60.9000,49.1156,6288000
2012-06-27,60.9200,62.4350,60.5800,62.0900,50.0754,5651800
2012-06-28,61.5700,62.6600,61.1618,62.1400,50.1157,4395000
2012-06-29,64.5700,64.9200,63.3400,64.4400,51.9706,5233000
2012-07-02,64.2400,65.1600,63.6300,64.4000,51.9384,3327300
2012-07-03,65.0500,67.7800,65.0500,67.6500,54.5595,3122100
2012-07-05,67.1900,67.7900,66.5800,66.9100,53.9627,4119500
2012-07-06,65.7600,66.8600,65.3000,66.6600,53.7611,4209000
2012-07-09,66.2600,67.3100,66.0200,66.9900,54.0272,2989200
2012-07-10,67.4000,67.9700,65.6700,66.0700,53.2852,4230400
2012-07-11,66.1400,67.7200,66.1400,66.8800,53.9385,4671300
2012-07-12,66.1700,67.4100,65.0600,66.8400,53.9062,4686700
2012-07-13,67.2100,67.9500,67.0524,67.6600,54.5676,3303300
2012-07-16,67.2400,69.2700,67.1600,68.6000,55.3257,3567000
2012-07-17,68.8500,69.6400,67.1300,68.1400,54.9547,4503900
2012-07-18,67.8700,69.2500,67.6000,69.0100,55.6563,3167100
2012-07-19,69.3200,70.7200,69.1700,70.4700,56.8338,3741700
2012-07-20,69.8600,70.3500,68.3900,69.2100,55.8176,4438100
2012-07-23,67.8600,68.7800,67.0400,68.5700,55.3015,3295800
2012-07-24,68.7400,68.8780,67.0400,67.7700,54.6563,3218900
2012-07-25,68.2200,68.7400,67.0000,67.3300,54.3014,3709800
2012-07-26,68.8900,73.5000,68.8900,73.3100,59.1243,7535000
2012-07-27,73.5200,74.3600,72.4200,73.6600,59.4065,6845300
2012-07-30,73.5000,74.2600,72.9500,74.0400,59.7130,3283200
2012-07-31,73.9000,74.1500,71.9800,72.3000,58.3097,4036400
2012-08-01,72.6600,74.1500,72.0000,73.7000,59.4388,4231100
2012-08-02,72.6300,73.6400,71.5800,72.7400,58.6646,3550200
2012-08-03,74.3500,76.2000,74.1700,75.3600,60.7776,3854800
2012-08-06,75.3300,76.0400,75.2000,75.5400,60.9227,2662900
2012-08-07,76.1500,78.5000,76.1500,76.7500,61.8986,4961100
2012-08-08,76.2000,77.1300,76.0000,76.3400,61.5679,3027800
2012-08-09,76.3000,77.5000,76.0500,76.9800,62.0841,3238900
2012-08-10,76.6000,77.4000,76.4500,77.3600,62.3906,2327900
2012-08-13,76.8400,76.8400,75.6600,76.4700,61.6728,2583000
2012-08-14,77.1500,77.2500,75.9100,76.2600,61.5034,2441000
2012-08-15,77.8500,78.0600,76.5000,76.6200,61.7938,4206700
2012-08-16,76.7400,78.3400,76.6100,78.2100,63.0761,4105300
2012-08-17,78.2700,78.5700,77.2950,78.5100,63.3180,3482700
2012-08-20,78.3600,78.3900,77.5900,77.8000,62.7454,3009600
2012-08-21,78.2300,78.9500,77.7200,78.1600,63.0358,3083800
2012-08-22,77.6800,78.4500,77.1500,78.1500,63.0277,2388900
2012-08-23,78.0100,78.4100,77.0300,77.3200,62.3583,1893100
2012-08-24,77.0000,77.2900,76.2800,77.0300,62.1244,2710300
2012-08-27,77.6900,78.8700,77.1200,78.1200,63.0035,2637300
2012-08-28,78.0100,78.1400,77.0300,77.2100,62.2696,2443200
2012-08-29,77.2500,77.4400,76.7500,77.1500,62.2212,3013200
2012-08-30,76.7500,76.7500,75.4300,76.2000,61.4550,3006300
2012-08-31,77.1400,79.0200,77.0700,78.8000,63.5519,4103200
2012-09-04,78.5500,78.6100,77.1600,78.0700,62.9632,3334500
2012-09-05,78.1000,79.7900,77.8700,78.5700,63.3664,2927300
2012-09-06,79.2400,80.1700,79.0600,79.6600,64.2455,4050100
2012-09-07,80.0400,82.0000,80.0400,81.9200,66.0682,3195600
2012-09-10,81.9300,82.8100,80.9800,81.0200,65.3423,2615900
2012-09-11,81.4200,83.2100,81.3500,83.1300,67.0441,4127000
2012-09-12,83.5300,84.7400,83.0810,83.5600,67.4876,4221200
2012-09-13,83.4100,84.9000,82.2538,84.3900,68.1580,3552800
2012-09-14,85.0000,86.0300,84.5650,84.8300,68.5133,3513500
2012-09-17,84.2900,84.7400,83.6200,83.8000,67.6815,3864300
2012-09-18,83.7900,89.9500,80.6500,82.7600,66.8415,7287600
2012-09-19,83.3500,83.4900,81.5500,82.0300,66.2519,3964800
2012-09-20,80.7000,81.2800,79.9200,80.6000,65.0970,4651100
2012-09-21,81.9100,82.1000,81.3800,81.7200,66.0015,4197900
2012-09-24,80.8000,81.5400,80.2412,80.9300,65.3635,2103000
2012-09-25,81.1700,81.4600,80.1600,80.1900,64.7658,3540300
2012-09-26,79.8400,79.8400,78.1100,78.3800,63.3040,4851400
2012-09-27,79.0300,80.3999,78.8100,80.1400,64.7254,2809400
2012-09-28,79.8800,80.4900,79.2900,80.1100,64.7012,2629500
2012-10-01,80.8400,81.5300,80.1800,80.5500,65.0566,2484000
2012-10-02,81.0200,81.0200,79.9500,80.7300,65.2020,2403000
2012-10-03,80.6900,80.7200,78.7900,79.4900,64.2005,3166500
2012-10-04,80.1100,80.5500,79.4900,80.3400,64.8870,2159200
2012-10-05,80.8500,80.8700,79.6100,79.9200,64.5478,2113800
2012-10-08,79.5400,80.5474,79.1600,80.4200,64.9516,1587900
2012-10-09,80.4600,81.1200,80.0600,80.0900,64.6851,2509100
2012-10-10,79.9500,80.0900,78.1400,78.2900,63.2313,2596600
2012-10-11,79.2000,79.5000,78.4600,78.9700,63.7805,2406000
2012-10-12,78.9400,78.9500,76.9720,78.2200,63.1747,3327100
2012-10-15,78.1800,78.7200,77.3900,78.6200,63.4978,1945000
2012-10-16,79.3300,80.2800,79.1500,79.6500,64.3297,2579900
2012-10-17,80.0200,81.4100,79.3500,81.2100,65.5896,2192300
2012-10-18,80.2700,82.3400,80.1800,82.0300,66.2519,3514400
2012-10-19,82.4700,82.4700,80.1100,80.7000,65.1777,2858600
2012-10-22,81.0600,81.6800,80.0000,80.9300,65.3635,2427200
2012-10-23,79.3200,79.6700,77.6050,78.7400,63.5947,3676800
2012-10-24,79.0800,79.3000,76.5000,76.7700,62.0036,3914500
2012-10-25,75.9500,76.0000,73.3000,74.8800,60.4772,10716400
2012-10-26,74.9400,75.8300,74.4600,74.5700,60.2268,3853000
2012-10-31,75.2100,75.7200,72.9200,73.7000,59.5241,5325500
2012-11-01,73.3100,74.0700,72.6600,73.1100,59.0476,5809100
2012-11-02,73.7500,73.8200,71.3600,71.6500,57.8685,5745600
2012-11-05,71.9900,72.2700,71.2800,71.6300,57.8523,5282400
2012-11-06,71.8900,73.2500,71.5800,72.9800,58.9426,3732900
2012-11-07,71.6300,71.8200,70.4400,71.1000,57.4242,3908600
2012-11-08,71.1800,71.5300,69.4700,69.4800,56.1158,3194400
2012-11-09,69.0000,70.2000,68.7800,68.9700,55.7039,4544900
2012-11-12,69.1400,70.9300,68.5800,70.7900,57.1739,4453100
2012-11-13,69.9200,71.7950,69.3500,70.7300,57.1254,4635200
2012-11-14,71.2100,71.2100,69.4400,69.5500,56.1724,3983500
2012-11-15,69.8400,71.0200,69.5700,70.4400,56.8912,3466600
2012-11-16,70.6300,70.7900,69.0000,70.6100,57.0285,5098200
2012-11-19,71.7800,73.4200,71.7800,73.2900,59.1930,3844000
2012-11-20,72.8600,72.8900,71.1800,71.6300,57.8523,4037900
2012-11-21,72.0300,72.0300,71.1500,71.6000,57.8281,1954500
2012-11-23,72.1500,72.6500,71.4200,72.6000,58.6357,1152600
2012-11-26,72.1100,72.1400,70.8900,71.1300,57.4485,2923100
2012-11-27,70.7000,71.2100,69.9000,70.0200,56.5520,4083300
2012-11-28,69.6200,70.2500,68.8500,70.1800,56.6812,4032700
2012-11-29,70.8300,70.9200,69.9600,70.3500,56.8185,3256400
2012-11-30,70.0200,70.2500,68.0000,68.3000,55.1628,7273200
2012-12-03,69.3700,69.7000,67.7200,67.9600,54.8882,5511200
2012-12-04,67.9600,68.9800,67.7100,68.7900,55.5586,4092800
2012-12-05,68.7000,69.6800,68.4900,68.6100,55.5182,3685300
2012-12-06,68.4700,69.0000,67.7550,68.0600,55.0731,4109500
2012-12-07,68.4000,68.6900,68.0400,68.2800,55.2512,4502900
2012-12-10,68.2600,68.5300,67.7600,67.8900,54.9356,2971800
2012-12-11,68.1300,68.4600,67.6000,67.9900,55.0165,3953000
2012-12-12,67.7200,68.1700,66.4200,66.4800,53.7946,7325300
2012-12-13,66.6400,66.7150,65.0200,65.5800,53.0664,13623000
2012-12-14,64.9000,65.3200,64.8200,64.8700,52.4918,10438200
2012-12-17,65.0100,66.3600,64.9000,66.3000,53.6490,6083500
2012-12-18,66.3600,68.8300,66.3000,68.7100,55.5991,6250400
2012-12-19,69.1200,69.4400,68.6100,68.6900,55.5829,5407400
2012-12-20,68.7300,69.6170,68.5800,69.5400,56.2707,3957600
2012-12-21,68.3300,68.5400,67.6800,68.3300,55.2916,5104600
2012-12-24,68.4700,68.4700,67.3500,67.8200,54.8789,1117200
2012-12-26,68.1600,68.3600,66.7500,66.7800,54.0374,2547000
2012-12-27,67.0000,67.1300,65.5000,66.9700,54.1911,3418400
2012-12-28,66.4600,66.4900,65.8000,65.8800,53.3091,2378300
2012-12-31,65.8500,68.4500,65.6789,68.3500,55.3078,4291700
2013-01-02,70.0800,70.2100,68.8599,70.0400,56.6753,3161500
2013-01-03,69.8900,71.0200,69.1900,69.6700,56.3759,4312500
2013-01-04,70.0000,71.9300,69.8600,71.7500,58.0590,3413300
2013-01-07,71.1200,71.4800,70.6100,71.3500,57.7353,3061200
2013-01-08,70.0200,70.3690,69.0200,69.4000,56.1574,4102500
2013-01-09,69.8800,69.9500,69.2300,69.8600,56.5297,3252100
2013-01-10,70.3500,70.5800,70.0500,70.4100,56.9747,2614000
2013-01-11,70.3400,70.8900,70.0900,70.8900,57.3631,2364900
2013-01-14,70.9900,70.9900,70.1300,70.3400,56.9181,2868900
2013-01-15,69.9600,70.7400,69.8400,70.2400,56.8372,3542000
2013-01-16,69.9800,70.7700,69.8600,70.4200,56.9828,2837600
2013-01-17,70.9800,71.8500,70.5100,71.7300,58.0428,3386200
2013-01-18,72.3300,72.7800,71.9737,72.7600,58.8763,3876700
2013-01-22,72.8100,74.1200,72.7800,73.7900,59.7098,3411500
2013-01-23,73.5100,73.9300,73.0300,73.6700,59.6127,3081800
2013-01-24,73.7600,74.3600,73.1600,73.7600,59.6855,2751400
2013-01-25,74.2700,75.0000,73.8200,74.0000,59.8797,3400000
2013-01-28,74.3600,74.5700,72.8700,73.6200,59.5722,3580200
2013-01-29,73.7000,74.2000,73.1801,74.1200,59.9768,2193900
2013-01-30,74.3500,74.5200,73.2300,73.6600,59.6046,3400100
2013-01-31,73.3500,74.5000,73.2200,74.1400,59.9930,4812000
2013-02-01,72.9800,72.9800,69.5200,71.2600,57.6625,13993400
2013-02-04,71.0000,71.7500,70.0900,70.1700,56.7805,5077100
2013-02-05,70.0600,70.5099,67.9700,68.2100,55.1945,11049200
2013-02-06,67.9000,67.9800,66.0000,66.5700,53.8674,11944500
2013-02-07,66.9300,68.5000,66.8000,68.1000,55.1055,10728600
2013-02-08,68.3400,69.2700,68.3200,69.0800,55.8985,4955600
2013-02-11,69.3200,69.5300,68.0200,68.2600,55.2350,4301600
2013-02-12,68.5400,69.1400,68.3000,68.9200,55.7690,3344900
2013-02-13,69.0200,69.1000,68.6500,68.9600,55.8014,3981500
2013-02-14,68.4400,71.1200,68.1600,70.2900,56.8776,5633900
2013-02-15,70.7100,70.8900,68.9200,69.3300,56.1008,4897100
2013-02-19,69.7900,70.2100,69.3600,69.4800,56.2222,4035500
2013-02-20,69.5000,69.7200,67.7700,67.8400,54.8951,5133300
2013-02-21,67.4900,67.4900,66.1300,66.7800,54.0374,4690300
2013-02-22,67.1900,68.1400,66.7650,68.1000,55.1055,3834800
2013-02-25,68.5700,68.9300,66.2100,66.2600,53.6166,4815600
2013-02-26,66.5400,67.1800,66.0200,66.8400,54.0859,4881500
2013-02-27,66.7600,68.7700,66.7500,68.5100,55.4373,3405300
2013-02-28,68.6000,69.0310,68.1300,68.1300,55.1298,3258200
2013-03-01,67.7800,67.7800,66.5500,66.9600,54.1830,4398200
2013-03-04,67.0000,67.0400,65.5600,66.3300,53.6732,4774100
2013-03-05,67.2100,67.8000,66.8600,67.0300,54.2397,3323000
2013-03-06,67.4400,67.7200,66.6400,67.5900,54.6928,3288400
2013-03-07,67.7500,68.0200,67.4000,67.7600,54.8304,3021700
2013-03-08,68.1900,68.4900,67.6400,68.1900,55.1783,3644200
2013-03-11,68.0500,68.1799,67.2700,67.6800,54.7656,4163900
2013-03-12,67.7300,67.8000,66.6300,67.6300,54.7252,5701700
2013-03-13,67.6550,67.9200,67.3200,67.5200,54.7414,3472500
2013-03-14,67.7000,68.9000,67.6200,68.7900,55.7710,4236700
2013-03-15,68.9200,71.0900,68.7400,70.5300,57.1817,7694200
2013-03-18,69.6400,70.2900,68.9500,69.3300,56.2088,5134100
2013-03-19,69.5800,69.6500,67.3125,68.0300,55.1548,6142300
2013-03-20,68.2100,68.8800,68.0000,68.7400,55.7305,4001800
2013-03-21,68.4400,69.0000,67.8000,67.8100,54.9765,4091400
2013-03-22,68.0100,68.4199,67.8600,68.2600,55.3413,3632300
2013-03-25,68.7200,69.2550,68.1700,68.5100,55.5440,3459900
2013-03-26,69.2600,70.8100,69.0700,69.4700,56.3223,6449700
2013-03-27,69.1400,70.9100,69.0400,70.6900,57.3114,3964600
2013-03-28,70.8200,71.3050,70.4500,70.7500,57.3601,3651800
2013-04-01,70.7600,71.0900,69.0400,69.7700,56.5655,3164300
2013-04-02,69.9200,70.0000,69.1500,69.5500,56.3872,3254800
2013-04-03,69.4200,69.5100,67.5650,67.9800,55.1143,3954100
2013-04-04,67.8400,68.0500,66.2600,66.8300,54.1820,5032000
2013-04-05,66.1300,67.7700,65.9500,67.6200,54.8224,3621900
2013-04-08,67.7200,68.5990,67.4900,67.8300,54.9927,2746200
2013-04-09,67.9500,68.6500,67.6700,68.3600,55.4224,2614000
2013-04-10,68.5600,70.1900,68.2900,69.1600,56.0710,3713300
2013-04-11,69.5500,70.6800,69.0000,70.1400,56.8655,4233500
2013-04-12,69.5500,69.6500,68.3400,68.8600,55.8278,2775900
2013-04-15,67.7600,68.0900,65.8500,65.8500,53.3874,5762100
2013-04-16,66.7800,66.8500,65.6700,66.6800,54.0603,3719500
2013-04-17,66.2000,66.2000,63.7800,64.1400,52.0011,5836200
2013-04-18,64.4700,65.2300,63.0800,64.6100,52.3821,4903000
2013-04-19,65.1900,65.4700,63.8600,64.3100,52.1389,4415700
2013-04-22,64.7800,65.4150,64.5200,65.0400,52.7307,3847000
2013-04-23,65.1300,66.3200,64.7500,66.2000,53.6712,4180200
2013-04-24,66.5400,67.9300,66.4900,67.1700,54.4576,4288700
2013-04-25,67.2200,68.0500,66.8900,67.2100,54.4900,3402200
2013-04-26,65.3100,66.4200,65.1000,66.3200,53.7685,8110000
2013-04-29,66.6500,66.9200,65.6000,65.9200,53.4442,4402000
2013-04-30,66.0000,66.2500,64.9600,65.2200,52.8767,7052200
2013-05-01,64.6800,65.4200,64.0000,65.0900,52.7713,4708300
2013-05-02,65.1400,66.2300,63.2500,65.6100,53.1928,3136100
2013-05-03,66.2500,67.2000,66.1700,66.8800,54.2225,4118500
2013-05-06,67.1600,68.7400,66.9400,68.0400,55.1630,3762200
2013-05-07,68.5800,69.4800,67.8000,68.5500,55.5764,3606500
2013-05-08,68.6100,68.8800,68.2100,68.8000,55.7791,4190800
2013-05-09,68.2800,68.7200,67.6900,68.3000,55.3737,3544000
2013-05-10,68.0000,68.2600,67.1700,68.2200,55.3089,3211300
2013-05-13,67.6800,67.9900,66.7500,67.6400,54.8387,4686300
2013-05-14,67.6900,68.3142,67.5100,68.0400,55.1630,4092100
2013-05-15,67.6100,68.2100,66.7300,68.1900,55.2846,5351900
2013-05-16,68.0000,68.1900,66.5400,66.7000,54.0766,6160900
2013-05-17,67.6600,68.9078,67.2200,68.5300,55.5602,5524500
2013-05-20,68.5900,70.2400,68.3900,70.1700,56.8898,6530900
2013-05-21,70.2400,70.7200,69.7500,70.4300,57.1006,4656400
2013-05-22,70.2600,71.0000,68.6948,69.1700,56.0791,4711300
2013-05-23,68.1800,69.0900,67.3400,68.9000,55.8602,6078900
2013-05-24,68.4300,70.0200,68.2400,69.9800,56.7358,4768800
2013-05-28,70.9900,71.8200,70.4900,71.4900,57.9600,5087600
2013-05-29,71.1300,71.9000,70.8100,71.5700,58.0249,3845200
2013-05-30,71.2500,71.5300,70.9000,71.0100,57.5709,4279100
2013-05-31,70.8600,70.9200,70.3000,70.3000,56.9952,4621600
2013-06-03,70.5600,70.8925,70.0500,70.7400,57.3520,3131700
2013-06-04,70.3700,71.1100,69.6700,69.9000,56.6709,4491200
2013-06-05,69.7600,69.7600,68.9200,68.9900,55.9332,4485100
2013-06-06,69.1300,70.0200,68.5600,70.0200,56.7682,2910000
2013-06-07,70.4500,70.5200,69.5100,70.2000,56.9142,3875300
2013-06-10,70.5300,70.7500,70.0500,70.2000,56.9142,2216900
2013-06-11,69.3600,69.6600,69.0100,69.1700,56.0791,2655100
2013-06-12,69.6500,70.0300,68.8500,69.2100,56.3223,4493300
2013-06-13,69.2100,70.1800,69.1300,70.1000,57.0466,2565400
2013-06-14,70.1700,70.4800,69.3000,69.5800,56.6234,2611400
2013-06-17,70.1400,70.9600,69.9800,70.4400,57.3233,3161100
2013-06-18,70.5500,71.9700,70.5500,71.4900,58.1778,3733600
2013-06-19,71.3300,72.0000,70.8900,70.9700,57.7546,4311300
2013-06-20,70.0400,70.0600,68.3975,68.5500,55.7852,5831000
2013-06-21,69.1500,69.2700,67.6800,68.2100,55.5085,4663900
2013-06-24,67.4000,67.8790,66.0100,67.0600,54.5727,4401300
2013-06-25,67.7200,68.3900,67.6200,67.6700,55.0691,3294800
2013-06-26,68.2100,68.5900,67.5200,68.2800,55.5655,2635500
2013-06-27,68.7500,68.9800,68.2150,68.4600,55.7120,2414800
2013-06-28,68.4300,69.2600,67.9500,68.9000,56.0700,4759900
2013-07-01,69.4300,69.7900,69.2900,69.6500,56.6804,4011800
2013-07-02,69.7500,70.7700,69.5100,70.0300,56.9896,3317500
2013-07-03,69.7900,70.4580,69.5000,70.3100,57.2175,1480400
2013-07-05,71.0300,72.0150,70.8700,71.8500,58.4707,3881900
2013-07-08,72.2500,73.1000,72.0600,72.7900,59.2357,4530900
2013-07-09,73.3700,73.5900,72.5800,73.1400,59.5205,4505000
2013-07-10,73.2400,73.5000,72.3796,72.6900,59.1543,3269400
2013-07-11,73.7700,73.8600,72.6300,73.3300,59.6751,2952300
2013-07-12,73.1500,73.4200,72.3950,72.9600,59.3740,2748400
2013-07-15,73.0200,73.6600,72.8500,72.9700,59.3822,2476100
2013-07-16,73.0000,73.4000,72.1900,72.6400,59.1136,2608700
2013-07-17,72.9400,73.0000,71.9500,72.0800,58.6579,3054100
2013-07-18,72.1200,73.3000,72.1200,72.9300,59.3496,2589700
2013-07-19,73.1000,74.0800,72.7750,74.0500,60.2611,5362800
2013-07-22,73.8500,74.3700,73.5250,73.6700,59.9518,2374000
2013-07-23,73.5900,74.0200,72.4400,72.7400,59.1950,3511300
2013-07-24,72.9000,72.9600,71.8600,72.3700,58.8939,2262600
2013-07-25,72.1800,72.3000,71.0300,71.9100,58.5195,3209300
2013-07-26,71.6500,72.0000,71.2500,71.5800,58.2510,4299300
2013-07-29,71.3300,71.5700,70.5500,71.1400,57.8929,3366800
2013-07-30,69.4900,70.3900,68.0700,69.4000,56.4769,8640400
2013-07-31,69.6600,70.6900,69.0900,70.1700,57.1036,4700100
2013-08-01,70.8900,71.7000,70.5400,71.2000,57.9418,4615900
2013-08-02,71.2000,72.4600,70.9273,72.3100,58.8451,5044600
2013-08-05,72.0100,72.4700,71.7400,71.9200,58.5277,2148500
2013-08-06,71.8500,72.8000,71.7500,72.0800,58.6579,3382100
2013-08-07,71.8500,72.8250,71.5000,72.4600,58.9671,3210900
2013-08-08,72.6700,73.2800,72.4800,72.7800,59.2275,2917400
2013-08-09,72.8100,73.2100,71.9800,72.4900,58.9915,2274000
2013-08-12,72.0200,73.0400,71.7500,72.8600,59.2926,2765100
2013-08-13,73.0800,73.6240,72.9000,73.4700,59.7891,2621200
2013-08-14,73.5000,73.8900,73.1000,73.4000,59.7321,2401700
2013-08-15,73.3500,74.0700,73.0500,73.6200,59.9111,2857700
2013-08-16,73.5700,73.7200,72.5200,72.7300,59.1868,3149600
2013-08-19,72.6700,72.7300,70.7700,70.9800,57.7627,3584600
2013-08-20,70.8700,72.0800,70.3800,71.6000,58.2673,3010800
2013-08-21,71.3600,71.5560,70.6400,70.6700,57.5104,2428500
2013-08-22,71.0000,72.2400,70.9800,72.0000,58.5928,2400300
2013-08-23,72.1600,72.8850,71.7200,72.5400,59.0322,2176100
2013-08-26,72.8000,73.5400,72.7500,73.3400,59.6833,3233800
2013-08-27,72.6600,73.9000,72.5100,73.1500,59.5286,3301400
2013-08-28,73.1000,74.8700,72.9500,74.4600,60.5947,3546200
2013-08-29,74.3000,74.6400,73.8800,74.3300,60.4889,3038100
2013-08-30,74.2800,74.4400,73.8400,74.3000,60.4645,3076400
2013-09-03,75.0900,76.5400,75.0900,75.6800,61.5875,5093000
2013-09-04,75.6300,76.9800,75.4200,76.0900,61.9212,3319100
2013-09-05,76.3100,77.6900,76.1900,77.5200,63.0849,4261900
2013-09-06,77.9700,78.3700,77.0800,78.0100,63.4837,3497800
2013-09-09,78.1800,78.5800,78.0800,78.4200,63.8173,2929500
2013-09-10,79.1400,79.1400,78.2300,78.6300,63.9882,4014200
2013-09-11,78.6800,78.9000,77.7900,78.7300,64.2812,2070400
2013-09-12,78.3500,78.5200,77.5400,77.9500,63.6443,2807400
2013-09-13,77.8500,78.3000,77.5301,78.2400,63.8811,2954000
2013-09-16,78.8600,79.1800,78.3700,78.7300,64.2812,2755800
2013-09-17,78.9300,79.1000,78.5500,78.9000,64.4200,2618700
2013-09-18,78.8200,79.7500,78.1300,79.5100,64.9180,2348900
2013-09-19,79.5200,79.9900,79.3400,79.8300,65.1793,2273100
2013-09-20,79.9100,80.2700,78.6000,78.8100,64.3465,4418400
2013-09-23,78.4700,79.1700,78.2800,78.5000,64.0934,1638800
2013-09-24,79.9800,80.0200,78.0100,78.6800,64.2403,3731800
2013-09-25,78.6600,79.8800,78.6600,79.1000,64.5833,2589700
2013-09-26,79.3000,79.4300,78.8500,79.1200,64.5996,2468200
2013-09-27,78.6500,78.6900,77.8110,78.0100,63.6933,3111300
2013-09-30,77.3400,78.5251,77.2000,78.1100,63.7750,3976900
2013-10-01,78.0000,79.0900,78.0000,78.8000,64.3383,2184000
2013-10-02,78.4700,79.4900,78.2700,79.3900,64.8200,2269100
2013-10-03,79.2000,79.4600,78.3100,78.8200,64.3546,2212300
2013-10-04,78.8200,79.9500,78.4800,79.5400,64.9425,1968400
2013-10-07,79.1100,79.4200,78.5100,78.5600,64.1424,3116000
2013-10-08,78.5300,79.2200,78.1500,78.1800,63.8321,2762100
2013-10-09,78.1800,78.2200,77.4600,77.7700,63.4973,2849000
2013-10-10,78.4900,79.2600,78.3600,79.2600,64.7139,2441200
2013-10-11,78.9100,79.4700,78.3000,79.3200,64.7629,2463600
2013-10-14,78.8300,80.2601,78.6400,80.0800,65.3834,2597200
2013-10-15,79.5900,80.4000,79.3700,79.9500,65.2773,2829700
2013-10-16,80.3100,81.3300,80.3100,81.1500,66.2570,3432500
2013-10-17,81.0000,81.3800,80.6200,80.9900,66.1264,2196200
2013-10-18,81.7000,82.4300,81.6900,82.1600,67.0817,3224200
2013-10-21,81.9800,82.4000,81.6000,81.8700,66.8449,2512700
2013-10-22,82.1000,82.3400,81.1900,81.4000,66.4612,2896400
2013-10-23,80.8400,80.8400,78.5100,78.8100,64.3465,5142000
2013-10-24,78.4800,79.3700,78.2500,79.1300,64.6078,5422600
2013-10-25,82.0300,82.7500,81.1300,82.7200,67.5389,6942600
2013-10-28,82.6500,83.0700,82.1100,82.9100,67.6940,4149300
2013-10-29,82.6000,82.6300,81.3800,81.8000,66.7877,3997400
2013-10-30,82.0000,82.3300,81.2600,81.7800,66.7714,2617400
2013-10-31,81.6700,82.1000,80.8600,81.1800,66.2815,3128600
2013-11-01,81.2000,81.4500,79.8000,80.8300,65.9958,3306800
2013-11-04,81.1500,81.2800,80.4200,80.9100,66.0611,1824600
2013-11-05,80.5700,81.1500,79.8100,80.3200,65.5794,2603800
2013-11-06,80.6700,81.4370,80.1500,81.4000,66.4612,2793000
2013-11-07,81.7500,81.7800,80.1100,80.4100,65.6528,3135100
2013-11-08,80.3200,82.2500,80.3200,82.2000,67.1143,3215200
2013-11-11,82.5900,83.1900,81.9500,82.9700,67.7430,2897300
2013-11-12,82.3600,83.1900,82.0798,82.5500,67.4001,2424400
2013-11-13,82.5000,82.6197,81.7700,82.4200,67.2940,2511800
2013-11-14,82.4000,83.6000,81.5700,83.5600,68.2247,3471800
2013-11-15,83.9800,84.7050,83.8400,84.3000,68.8289,3679100
2013-11-18,84.3800,84.5900,83.0701,83.4500,68.1349,3772200
2013-11-19,83.5000,83.6800,82.7200,83.1600,67.8982,3080200
2013-11-20,83.2900,83.9950,83.0600,83.3600,68.0615,2301700
2013-11-21,83.8200,84.1800,83.1750,83.8600,68.4697,3122300
2013-11-22,83.9400,84.0200,83.0600,83.6600,68.3064,2522800
2013-11-25,83.1200,83.5000,82.1800,82.6100,67.4491,2958400
2013-11-26,82.6000,82.7500,80.8200,81.7500,66.7469,3296700
2013-11-27,81.5100,82.1490,80.8900,81.4600,66.5101,2287400
2013-11-29,81.7500,82.2400,81.4000,81.5000,66.5428,1437900
2013-12-02,81.7400,82.5250,81.0200,81.6900,66.6979,2795200
2013-12-03,81.3700,82.6600,81.0000,82.6200,67.4573,3135500
2013-12-04,82.1700,82.6500,81.0500,81.8500,67.0409,2173300
2013-12-05,81.5500,81.8615,81.1225,81.6100,66.8443,2176500
2013-12-06,82.4500,82.5500,81.4100,81.5900,66.8279,2091000
2013-12-09,81.2500,81.3500,80.0250,80.1900,65.6812,4880700
2013-12-10,79.7000,79.7000,78.8000,79.1400,64.8212,4516500
2013-12-11,79.3600,79.4615,78.2500,78.3700,64.1905,3101000
2013-12-12,78.4100,79.1300,78.1000,78.5400,64.3297,3883300
2013-12-13,78.6800,79.2590,78.3000,78.7400,64.4935,3100200
2013-12-16,79.0200,79.1000,78.0150,78.9200,64.6410,4425700
2013-12-17,79.1600,79.1600,78.0650,78.1400,64.0021,3008600
2013-12-18,77.7900,77.9600,76.6000,77.9100,63.8137,5552000
2013-12-19,77.5400,77.9500,77.1700,77.7800,63.7072,2728000
2013-12-20,78.0400,78.7000,77.7600,78.3700,64.1905,3832800
2013-12-23,78.7100,78.7400,77.6700,77.7700,63.6991,2799400
2013-12-24,77.9200,78.6300,77.7700,78.5300,64.3215,1293500
2013-12-26,78.8500,78.9900,78.6200,78.7700,64.5181,1700800
2013-12-27,79.0000,79.6570,78.9000,79.4400,65.0669,2410000
2013-12-30,79.6600,79.7290,78.6000,78.6800,64.4444,2074500
2013-12-31,78.7500,79.6100,78.4000,79.5300,65.1406,2050400
2014-01-02,79.4000,80.2600,78.7300,79.0200,64.7229,2778500
2014-01-03,79.0500,79.8400,78.7400,78.7500,64.5017,2125300
2014-01-06,80.3100,80.3200,79.0000,79.4900,65.1079,3997600
2014-01-07,79.5500,79.8800,79.1500,79.8100,65.3700,3116200
2014-01-08,79.4100,79.4300,77.8000,78.1700,64.0267,4731200
2014-01-09,78.2700,78.2700,77.0100,77.7700,63.6991,3748800
2014-01-10,77.8100,78.3900,77.4100,78.0500,63.9284,2899100
2014-01-13,77.9000,78.1700,76.5500,76.7400,62.8554,4459800
2014-01-14,76.7900,77.6400,76.5700,77.5300,63.5025,3468200
2014-01-15,77.7000,77.9000,76.8900,77.1800,63.2158,3766500
2014-01-16,77.3300,77.4600,76.8300,77.1600,63.1994,2069000
2014-01-17,77.6000,77.6000,76.7900,76.9700,63.0438,3135900
2014-01-21,77.5400,77.9800,76.3700,77.1500,63.1912,4060800
2014-01-22,77.3000,77.7200,77.0900,77.5800,63.5434,2420800
2014-01-23,77.1500,77.1500,75.8100,76.1200,62.3476,8823200
2014-01-24,75.4300,75.5300,73.9800,74.0000,60.6112,8932100
2014-01-27,73.9200,74.2000,73.1900,73.3100,60.0460,5944200
2014-01-28,73.4600,73.6100,72.9400,73.3100,60.0460,4722000
2014-01-29,73.0300,73.7300,72.6700,73.0300,59.8167,4274200
2014-01-30,73.2400,74.0900,73.1100,73.6500,60.3245,5357500
2014-01-31,74.8000,75.6600,73.1400,75.0100,61.4384,10605000
2014-02-03,75.1900,75.1900,73.3300,73.7500,60.4064,8287700
2014-02-04,74.1700,74.7300,74.0100,74.5100,61.0289,4148000
2014-02-05,74.2000,74.3500,73.1000,73.3000,60.0378,5730600
2014-02-06,73.6400,74.5000,73.3400,74.0600,60.6603,4600800
2014-02-07,74.5300,75.1700,74.1000,75.0700,61.4876,4708400
2014-02-10,74.9600,75.0200,74.1900,75.0000,61.4302,3957200
2014-02-11,74.9300,75.7600,74.8500,75.6000,61.9217,4878500
2014-02-12,76.1000,76.1900,75.6900,76.0200,62.2657,3374800
2014-02-13,75.6400,76.1325,75.3300,75.9400,62.2002,5764500
2014-02-14,76.0500,76.7800,75.6600,76.4200,62.5933,5616600
2014-02-18,76.5200,76.5500,75.2500,76.4000,62.5769,3467100
2014-02-19,76.2500,77.2500,76.0300,76.4600,62.6261,4256000
2014-02-20,76.4600,76.6699,75.9100,76.3800,62.5605,4133100
2014-02-21,76.0700,76.1000,74.6500,74.8000,61.2664,5837900
2014-02-24,74.9800,76.8100,74.9800,75.9400,62.2002,7012900
2014-02-25,75.5100,75.5500,73.8500,74.8300,61.2910,6238700
2014-02-26,74.5300,74.7900,73.8600,74.3400,60.8896,4070100
2014-02-27,74.5000,75.0140,74.2700,74.7000,61.1845,5921400
2014-02-28,74.9600,77.4000,74.8700,77.0400,63.1011,7119000
2014-03-03,76.5800,77.5900,76.3201,77.0200,63.0847,4378400
2014-03-04,77.7500,78.1500,77.1300,77.8400,63.7564,3249800
2014-03-05,77.7500,78.1500,77.1000,77.4800,63.4615,3349400
2014-03-06,77.4500,78.3500,77.2800,78.2300,64.0758,2069000
2014-03-07,78.6600,79.0800,78.2600,79.0600,64.7557,4011800
2014-03-10,78.8300,79.0200,78.2300,78.9100,64.6328,2701000
2014-03-11,79.0100,79.1200,77.7300,78.0800,63.9530,3541400
2014-03-12,77.2900,77.6400,76.6100,77.3100,63.5352,5366200
2014-03-13,77.2600,77.3200,74.5300,75.1800,61.7848,8685900
2014-03-14,75.2600,75.6500,74.3500,74.6000,61.3081,4384200
2014-03-17,74.2800,74.9570,73.0950,74.0700,60.8725,6680800
2014-03-18,74.4100,75.0900,74.1400,74.2900,61.0533,3863000
2014-03-19,74.2300,74.5200,73.5900,73.9900,60.8068,4549600
2014-03-20,73.8700,74.3000,73.3100,73.7200,60.5849,5436800
2014-03-21,74.5100,75.0200,74.1200,74.4700,61.2013,6220200
2014-03-24,74.5500,75.1000,73.8700,74.1500,60.9383,3407000
2014-03-25,74.6900,74.9600,74.4250,74.7800,61.4560,2964700
2014-03-26,75.1400,75.4900,74.6000,74.7700,61.4478,3350100
2014-03-27,74.7500,76.2100,74.6900,76.0300,62.4833,4880200
2014-03-28,76.5900,77.7000,76.0400,77.6700,63.8311,4223600
2014-03-31,77.9000,78.0000,77.3100,77.8700,63.9955,4029200
2014-04-01,77.8200,78.2500,77.2900,78.0600,64.1516,3250400
2014-04-02,78.2300,78.6100,77.9800,78.4500,64.4721,3623800
2014-04-03,78.4500,78.9100,78.0500,78.1600,64.2338,3157400
2014-04-04,78.6300,79.4500,78.2900,78.9600,64.8912,4082200
2014-04-07,78.5400,78.7200,77.1100,77.1900,63.4366,4294400
2014-04-08,77.0000,78.5000,76.9403,78.1200,64.2009,3946000
2014-04-09,78.3600,78.8700,77.7100,78.7600,64.7269,2948800
2014-04-10,78.7500,79.4800,78.1700,78.6100,64.6036,3511400
2014-04-11,78.2000,78.8700,77.7000,78.1600,64.2338,3969900
2014-04-14,78.4000,79.9150,78.1700,79.5100,65.3433,4695700
2014-04-15,79.5800,81.1100,79.3400,80.7100,66.3294,4652400
2014-04-16,81.1800,81.7460,80.6400,81.2900,66.8061,3898600
2014-04-17,81.5300,82.7500,81.1500,82.3700,67.6937,5142100
2014-04-21,82.2200,82.5500,81.8400,82.4400,67.7512,2544400
2014-04-22,82.0000,82.6550,81.6200,82.2300,67.5786,2188200
2014-04-23,82.1500,83.1500,82.1000,82.6500,67.9238,3708300
2014-04-24,83.0000,83.0000,82.0400,82.8800,68.1128,5842000
2014-04-25,82.7400,83.8200,82.3200,83.4700,68.5977,5376500
2014-04-28,80.3400,80.4900,77.0700,77.3100,63.5352,12013800
2014-04-29,78.0600,79.7100,77.3400,78.1100,64.1927,8038100
2014-04-30,78.0000,78.8300,77.5100,78.5300,64.5379,4195800
2014-05-01,78.6200,79.2500,78.2500,78.8000,64.7598,4120900
2014-05-02,78.9700,80.4700,78.7500,79.4000,65.2529,3772200
2014-05-05,79.2600,80.4300,79.0000,79.8800,65.6473,3155100
2014-05-06,80.1800,80.6400,79.8000,80.0700,65.8035,2346900
2014-05-07,80.3700,81.0100,80.0003,80.6800,66.3048,2193200
2014-05-08,80.5400,80.9200,80.2300,80.3100,66.0007,2833500
2014-05-09,80.4800,80.5900,79.7200,80.0100,65.7542,2871900
2014-05-12,80.2300,80.9800,79.9900,80.4200,66.0911,2564100
2014-05-13,80.5600,81.4200,80.5000,81.3300,66.8390,3399600
2014-05-14,81.2100,81.5900,80.8150,81.0300,66.5924,3861200
2014-05-15,80.7700,81.0100,79.9000,80.4400,66.1075,5217500
2014-05-16,80.5000,81.8900,80.3200,81.6300,67.0855,5016900
2014-05-19,81.2500,82.4500,81.1500,82.3000,67.6361,3470000
2014-05-20,82.1400,82.4800,81.9400,82.0700,67.4471,4097600
2014-05-21,82.2000,83.2200,82.1000,82.3600,67.6855,3145800
2014-05-22,82.3900,82.7400,81.8800,82.4000,67.7183,2307900
2014-05-23,82.7300,83.0000,81.6400,81.9000,67.3074,2721900
2014-05-27,82.2600,82.3900,81.6600,81.9300,67.3321,2493800
2014-05-28,82.0000,82.2100,81.3500,81.8700,67.2828,2387900
2014-05-29,82.2400,82.3001,81.5900,82.0800,67.4553,3833000
2014-05-30,81.8000,82.0120,81.5100,81.8700,67.2828,3980500
2014-06-02,74.7000,75.3000,73.7900,74.1900,67.6176,4134100
2014-06-03,74.2700,76.0500,73.9000,76.0200,69.2855,4755900
2014-06-04,75.9000,76.5500,75.2500,76.3100,69.5498,4764200
2014-06-05,76.7100,76.7800,76.0000,76.2500,69.4952,2808600
2014-06-06,76.7000,77.2100,76.5201,77.1400,70.3063,2023900
2014-06-09,77.1600,78.4850,77.1600,78.0600,71.1448,3126300
2014-06-10,77.9300,78.6450,77.8300,78.4600,71.5094,2952500
2014-06-11,76.9100,76.9100,75.8850,76.3800,70.0329,4928500
2014-06-12,76.7100,77.4200,76.5800,77.0600,70.6564,3664000
2014-06-13,77.5200,77.5900,76.7800,77.5400,71.0965,2617300
2014-06-16,77.5000,78.2520,77.3700,77.8400,71.3716,2522500
2014-06-17,77.5600,78.2000,77.4000,77.9200,71.4449,2199900
2014-06-18,77.6100,78.0300,77.0000,77.9700,71.4908,2899000
2014-06-19,78.0800,78.4800,77.3600,78.2700,71.7658,2838800
2014-06-20,78.1300,79.5800,78.0300,79.5800,72.9670,3972600
2014-06-23,79.6000,80.5000,79.5600,80.3700,73.6913,2470700
2014-06-24,80.1300,80.9165,79.4400,79.5400,72.9303,4290100
2014-06-25,79.5900,80.8700,79.2880,80.8000,74.0856,3538100
2014-06-26,80.8000,81.1900,80.4250,80.9500,74.2231,2687400
2014-06-27,80.8800,82.6900,80.7000,82.6300,75.7635,4374300
2014-06-30,82.6100,82.7500,82.0100,82.3500,75.5068,3411900
2014-07-01,82.6600,82.7700,81.8000,82.4100,75.5618,2738200
2014-07-02,82.3900,82.8700,82.1600,82.6100,75.7452,2360300
2014-07-03,82.4800,83.0400,82.1800,83.0200,76.1211,1430800
2014-07-07,82.8100,83.2300,82.6100,83.1400,76.2311,2342800
2014-07-08,82.5600,83.3200,82.5000,83.1400,76.2311,2889000
2014-07-09,83.1400,84.6700,83.0800,84.5000,77.4781,3297800
2014-07-10,83.5600,83.7700,82.7600,83.3600,76.4329,3699100
2014-07-11,83.2800,83.3000,82.0900,82.7500,75.8736,2824400
2014-07-14,83.1200,83.7600,83.0700,83.7500,76.7905,1919200
2014-07-15,83.4400,84.1000,82.9000,83.8800,76.9096,3391900
2014-07-16,84.2500,85.4700,84.1350,85.3600,78.2667,3563900
2014-07-17,85.0700,85.7300,84.4100,84.6000,77.5698,682010
2014-07-18,84.5000,85.4500,84.4300,85.4500,78.3492,1107539
2014-07-21,85.1600,85.7600,85.1100,85.5800,78.4684,2507900
2014-07-22,85.8500,86.3400,85.8000,86.0300,78.8810,2536000
2014-07-23,86.1200,86.3000,85.0600,86.1800,79.0185,3123900
2014-07-24,86.1300,86.4100,85.0700,85.4500,78.3492,3306900
2014-07-25,85.0000,85.3900,84.7800,85.1700,78.0925,2611400
2014-07-28,85.1700,85.2000,83.7863,84.7000,77.6615,4034800
2014-07-29,85.7400,85.7900,82.9200,83.4100,76.4787,4670700
2014-07-30,83.0000,83.4500,81.7300,81.7300,74.9383,5051000
2014-07-31,81.3000,81.9300,80.9000,81.0400,74.3056,4249200
2014-08-01,80.5300,81.6000,80.3000,81.0900,74.3515,761768
2014-08-04,81.0900,82.9800,80.5900,82.8700,75.9836,763975
2014-08-05,82.5600,82.5600,80.7600,81.5600,74.7824,3580300
2014-08-06,81.1700,82.7100,81.1400,82.0100,75.1950,2724900
2014-08-07,82.1800,82.7200,81.3050,81.6400,74.8558,2496000
2014-08-08,81.7600,82.3800,81.4100,82.3100,75.4701,4121000
2014-08-11,82.5000,82.8900,81.8700,81.9700,75.1584,2452000
2014-08-12,81.7400,82.4500,81.5700,81.8900,75.0850,2081900
2014-08-13,82.3500,82.8300,82.1000,82.2200,75.3876,1637200
2014-08-14,82.2900,82.7000,80.5500,80.7700,74.0581,2745300
2014-08-15,81.1400,82.2000,81.1400,82.1100,75.2867,2780500
2014-08-18,82.7000,82.8600,82.0100,82.4900,75.6352,2124500
2014-08-19,82.5300,84.1400,82.4500,83.6200,76.6713,3039000
2014-08-20,83.1000,83.8700,82.4800,83.8400,76.8730,2279600
2014-08-21,84.0000,84.6400,83.3000,84.4100,77.3956,2543600
2014-08-22,84.1800,84.3200,83.5150,84.0000,77.0197,2246800
2014-08-25,84.2000,84.7900,83.7601,84.6700,77.6340,2097300
2014-08-26,84.8200,85.9550,84.7800,84.9100,77.8541,2193000
2014-08-27,85.1400,85.7500,84.3000,85.6200,78.5051,1736700
2014-08-28,85.1700,85.7300,84.6900,85.4200,78.3217,1847800
2014-08-29,85.5500,86.4600,85.2100,86.4300,79.2477,2116900
2014-09-02,86.5000,86.5500,84.1993,84.6300,77.5973,3297100
2014-09-03,85.3400,85.7100,85.0700,85.1300,78.0558,2095900
2014-09-04,85.1600,85.2500,83.1900,83.6300,76.6804,3715400
2014-09-05,83.6300,83.8900,82.2500,83.5500,76.6071,2911900
2014-09-08,83.2000,83.2000,81.8000,82.6300,75.7635,2562800
2014-09-09,82.5000,82.6900,81.2100,81.7500,74.9566,3812200
2014-09-10,81.2700,81.5100,80.1400,81.4900,75.1400,4836700
2014-09-11,80.9600,82.5300,80.8000,82.4900,76.0621,3131200
2014-09-12,82.1500,82.1700,80.3100,80.6400,74.3563,3220100
2014-09-15,80.7800,81.5300,80.3000,81.3000,74.9648,2816000
2014-09-16,81.3000,82.8600,81.1800,82.3500,75.9330,2713700
2014-09-17,82.7300,82.7700,80.4300,80.9100,74.6052,3451200
2014-09-18,81.1200,81.3547,80.2700,80.5900,74.3102,2435700
2014-09-19,80.9800,81.1900,80.1600,80.2300,73.9782,4738600
2014-09-22,80.1500,80.3300,78.1200,78.7000,72.5674,4007937
2014-09-23,78.6500,79.0500,78.2400,78.8200,72.6781,3385370
2014-09-24,78.8400,79.3999,77.6500,78.8600,72.7150,3639346
2014-09-25,78.8500,78.9200,77.3000,77.9300,71.8574,3492998
2014-09-26,78.1400,78.8300,77.5800,78.5000,72.3830,2792893
2014-09-29,77.7400,78.2600,77.0500,78.1000,72.0142,2641360
2014-09-30,78.2100,78.4100,75.2300,76.1000,70.1700,8969900
2014-10-01,76.2000,76.7255,74.0900,74.5400,68.7316,6559159
2014-10-02,74.7200,75.2100,72.8900,74.1900,68.4089,6760338
2014-10-03,74.4100,74.4200,72.9400,73.5000,67.7726,4436811
2014-10-06,73.6300,74.2500,73.1150,73.5400,67.8095,4300648
2014-10-07,73.2700,74.9325,73.1700,73.6900,67.9478,4801320
2014-10-08,73.0600,73.9700,71.2500,73.9300,68.1691,6261405
2014-10-09,73.4900,73.6900,71.0250,71.3400,65.7810,5254153
2014-10-10,71.4400,72.1500,69.7700,70.3200,64.8404,5695308
2014-10-13,70.3100,71.2600,67.9300,68.0500,62.7473,5222854
2014-10-14,68.1100,70.0800,67.5700,68.5000,63.1623,5534003
2014-10-15,67.6700,70.2050,67.2500,69.9700,64.5177,6767806
2014-10-16,68.2600,71.6302,67.9400,71.2100,65.6611,5472319
2014-10-17,71.6700,72.9000,69.4600,70.4400,64.9511,5420872
2014-10-20,70.5000,71.0850,69.5100,70.9800,65.4490,3580260
2014-10-21,71.8000,73.5400,71.4600,73.3500,67.6343,3668999
2014-10-22,73.5900,73.8100,71.3400,71.4400,65.8732,3324922
2014-10-23,72.6300,74.4300,71.9900,73.6500,67.9109,4212173
2014-10-24,73.4200,73.9300,72.3100,73.5200,67.7911,2736658
2014-10-27,72.2300,72.2400,70.3500,71.0300,65.4951,4565499
2014-10-28,71.8000,73.3300,71.1000,73.0800,67.3854,3259114
2014-10-29,73.9700,74.6500,71.9700,72.7300,67.0626,3899197
2014-10-30,70.8500,72.7300,69.7500,70.7600,65.2461,6963525
2014-10-31,71.3000,72.7200,69.9000,72.6400,66.9797,5631103
2014-11-03,71.9700,72.6000,70.3500,70.7200,65.2093,5806957
2014-11-04,69.8100,69.9100,68.2300,69.1400,63.7524,4450431
2014-11-05,69.6100,71.8600,69.1400,71.5600,65.9838,4789329
2014-11-06,70.7500,72.9200,70.5000,72.8700,67.1917,5430727
2014-11-07,72.7400,74.3700,72.6100,73.2600,67.5513,4938585
2014-11-10,74.1000,74.6500,72.9500,73.5200,67.7911,5213813
2014-11-11,73.4900,73.6000,72.2700,73.1000,67.4038,5481193
2014-11-12,72.5400,73.9700,72.1600,73.0000,67.3116,3691173
2014-11-13,72.7500,72.7800,70.2600,71.5200,65.9469,5734548
2014-11-14,71.9000,72.2400,70.0350,71.3400,65.7810,4540272
2014-11-17,71.1300,72.2600,71.0500,71.8200,66.2235,4461491
2014-11-18,71.8400,72.5800,71.4700,72.0500,66.4356,3271838
2014-11-19,72.0000,72.7100,71.2400,71.4900,65.9193,4450301
2014-11-20,71.6200,72.5900,71.4300,72.3600,66.7215,3239604
2014-11-21,73.5500,74.0500,72.5600,73.8200,68.0677,3617282
2014-11-24,73.8600,74.2000,73.0800,73.5500,67.8187,3827104
2014-11-25,73.8700,74.1900,72.2600,72.4600,66.8137,3495156
2014-11-26,72.1600,72.4400,71.2300,71.2900,65.7348,4598755
2014-11-28,67.7600,67.9800,65.6100,67.0400,61.8160,7648482
2014-12-01,66.0900,66.9000,65.0000,66.4600,61.2812,8213655
2014-12-02,66.1700,67.4400,65.7900,66.6000,61.4103,4871436
2014-12-03,66.5700,67.7400,66.0000,67.5800,62.7381,4359374
2014-12-04,66.7900,67.9200,65.3200,67.3500,62.5246,6546605
2014-12-05,66.7100,67.6200,66.0200,66.8900,62.0975,4511741
2014-12-08,65.9900,66.0000,63.6300,63.7800,59.2104,7594672
2014-12-09,63.7500,65.1500,63.4000,64.9300,60.2780,6015710
2014-12-10,63.8400,63.9400,62.5600,63.0800,58.5605,5462136
2014-12-11,62.9800,64.6200,62.6902,63.0100,58.4955,4628278
2014-12-12,62.3200,62.5000,60.8800,61.5500,57.1401,5578259
2014-12-15,62.1500,62.9400,61.6300,61.9300,57.4929,4882157
2014-12-16,61.5600,64.1200,60.9114,62.3400,57.8735,7542855
2014-12-17,62.3700,65.0400,62.3100,64.0200,59.4332,6257767
2014-12-18,65.6900,65.8800,63.7700,65.2700,60.5936,4923044
2014-12-19,66.1500,67.1000,65.0300,67.0700,62.2646,7265840
2014-12-22,66.1400,66.3000,64.8200,66.2800,61.5312,4588758
2014-12-23,66.9600,67.2100,66.0000,66.4800,61.7169,4092107
2014-12-24,66.3900,66.7700,65.2200,66.1800,61.4384,2434300
2014-12-26,66.7100,67.2700,66.3700,66.7000,61.9211,2273296
2014-12-29,67.2300,67.5900,66.5700,66.8000,62.0140,3379690
2014-12-30,66.6300,67.0100,65.9500,66.2500,61.5034,2568599
2014-12-31,65.8500,66.3600,64.9000,65.5300,60.8350,2868121
2015-01-02,64.9700,66.0200,64.6400,65.4900,60.7978,3239124
2015-01-05,64.6000,64.6000,61.3900,62.5000,58.0221,6708133
2015-01-06,62.2300,63.0000,61.1500,61.7300,57.3072,5654469
2015-01-07,62.3600,62.7200,61.1700,61.7900,57.3629,4634711
2015-01-08,62.2800,63.6600,61.9550,63.6300,59.0711,6686541
2015-01-09,63.9600,64.2000,61.7100,61.8800,57.4465,4948244
2015-01-12,60.8000,61.0300,58.1800,58.6000,54.4015,7612816
2015-01-13,58.3400,59.0500,57.1800,57.9700,53.8166,8961301
2015-01-14,57.6500,57.8400,56.4200,57.7900,53.6495,7870074
2015-01-15,58.7500,58.9700,56.7300,56.7900,52.7212,5227852
2015-01-16,57.3300,58.3250,57.2500,58.2800,54.1044,7132920
2015-01-20,58.1900,58.4000,57.0500,58.3100,54.1323,5783278
2015-01-21,58.5900,59.7700,58.3100,59.7300,55.4505,3090077
2015-01-22,59.4600,59.8200,58.1400,58.8200,54.6057,4658485
2015-01-23,58.7800,59.1600,57.0700,57.1500,53.0554,6212939
2015-01-26,56.6600,57.7800,56.6500,57.7400,53.6031,6088605
2015-01-27,57.3400,57.8500,56.7300,57.7000,53.5660,4818774
2015-01-28,57.2900,57.4700,53.4400,53.5300,49.6947,11017907
2015-01-29,54.1500,54.1600,52.1400,53.2600,49.4441,9604212
2015-01-30,52.9000,55.4000,52.6400,54.4300,50.5303,7953746
2015-02-02,55.1600,56.4000,54.3400,56.3900,52.3498,7454496
2015-02-03,57.5300,57.6600,53.1400,54.0800,50.2053,17343910
2015-02-04,52.9500,53.4900,51.7300,52.3300,48.5807,12116494
2015-02-05,53.1200,53.5799,52.3600,53.2400,49.4255,6543189
2015-02-06,53.7500,53.7500,49.2500,51.4300,47.7452,15010579
2015-02-09,51.5600,53.2500,51.4900,52.7800,48.9985,9154175
2015-02-10,52.7900,52.9600,51.6800,52.3500,48.5993,8193257
2015-02-11,51.7700,52.4400,51.3400,51.8900,48.1722,6927406
2015-02-12,52.7800,53.6300,52.2300,52.5600,48.7942,6955962
2015-02-13,53.2000,53.6200,52.4400,53.3600,49.5369,6960060
2015-02-17,53.3200,55.1600,52.7800,55.1300,51.1801,8032522
2015-02-18,54.6000,55.9200,54.3500,55.8400,51.8392,9429198
2015-02-19,53.4800,55.0497,52.8800,54.2400,50.3539,10179365
2015-02-20,54.1100,54.5600,53.5200,54.4700,50.5674,5417592
2015-02-23,53.5000,54.8000,53.2200,54.3000,50.4096,5512257
2015-02-24,54.6800,54.7500,53.8150,54.6800,50.7623,5802994
2015-02-25,54.7200,55.0000,54.0700,54.7400,50.8180,3748772
2015-02-26,54.3000,54.5000,52.8000,53.2700,49.4534,5113427
2015-02-27,53.5000,54.5000,53.2138,54.3500,50.4560,5206630
2015-03-02,54.2500,55.8200,53.9000,55.7900,51.7928,9182786
2015-03-03,55.8400,56.1650,54.2300,54.4400,50.5395,6267487
2015-03-04,54.6000,54.9500,53.9000,54.7800,50.8552,4327888
2015-03-05,54.5500,54.5500,53.5300,53.6000,49.7597,5107024
2015-03-06,53.1000,53.3300,52.3701,52.5400,48.7757,5153106
2015-03-09,52.5200,52.9300,51.6500,51.6500,47.9494,6198812
2015-03-10,51.1200,51.4900,50.3000,50.6800,47.0489,6891920
2015-03-11,50.8700,50.8700,49.8700,50.1600,46.9932,4501441
2015-03-12,50.2500,50.3200,49.7800,49.8000,46.6560,5869831
2015-03-13,49.3400,49.5900,48.0700,49.0700,45.9720,7428674
2015-03-16,48.7100,48.8450,47.7900,48.6700,45.5973,6963252
2015-03-17,48.1800,48.4800,47.3700,47.4600,44.4637,9078717
2015-03-18,47.2100,48.7850,46.0800,48.5900,45.5223,11927060
2015-03-19,47.9000,48.4500,47.7800,47.8900,44.8665,6668800
2015-03-20,48.3400,49.9400,48.3000,49.6600,46.5248,15174344
2015-03-23,49.6600,50.3400,49.3500,49.3600,46.2437,4996354
2015-03-24,49.4800,49.6300,48.4800,48.5100,45.4474,5745883
2015-03-25,49.0500,49.4300,48.6900,49.0400,45.9439,5571008
2015-03-26,49.6900,49.8100,48.7300,48.9500,45.8596,4492238
2015-03-27,48.9900,49.6500,48.4800,49.2500,46.1407,6237849
2015-03-30,49.1900,50.0350,48.7500,49.8400,46.6934,5763613
2015-03-31,49.4000,50.1700,49.2000,49.9900,46.8340,11090504
2015-04-01,50.1900,50.4700,49.8700,49.9200,46.7684,4704045
2015-04-02,49.6200,51.1400,49.6000,51.0100,47.7896,5401622
2015-04-06,51.3300,53.0600,51.2700,52.7000,49.3729,8068076
2015-04-07,52.7100,53.1900,52.3300,52.7700,49.4385,4545094
2015-04-08,52.9900,53.2500,52.2400,52.7400,49.4103,5627361
2015-04-09,52.9900,54.7200,52.9900,54.5500,51.1061,4761434
2015-04-10,54.6500,54.9700,54.0600,54.4300,50.9937,3588984
2015-04-13,54.6900,54.7100,53.0310,53.1800,49.8226,4428543
2015-04-14,53.5900,54.5400,53.4800,54.3600,50.9281,4282680
2015-04-15,54.7500,56.6400,54.3400,56.0000,52.4645,7099363
2015-04-16,55.5900,56.4300,54.6100,55.3000,51.8087,4736701
2015-04-17,55.1700,55.1700,54.0700,54.5900,51.1435,4916702
2015-04-20,54.5400,55.4200,54.5200,55.0300,51.5558,4164012
2015-04-21,55.0300,55.1200,53.0400,53.1300,49.7757,4297194
2015-04-22,53.2000,54.4000,52.5500,53.9300,50.5252,5623358
2015-04-23,54.0800,56.0650,53.8900,55.7500,52.2303,6486680
2015-04-24,55.4400,55.5000,53.8300,54.2000,50.7782,7437130
2015-04-27,55.6100,55.6100,54.2600,54.6900,51.2372,5401002
2015-04-28,51.2200,52.1800,50.1800,51.9300,48.6515,14480159
2015-04-29,50.4800,53.1200,50.3800,52.9200,49.5790,9180983
2015-04-30,53.2300,54.7700,52.4900,54.4100,50.9749,7405918
2015-05-01,54.3500,55.0000,53.8500,54.7300,51.2747,4094534
2015-05-04,54.8600,55.1200,53.8700,54.7400,51.2841,3804170
2015-05-05,55.4700,56.0300,54.8200,55.4000,51.9024,4734298
2015-05-06,56.1300,56.1300,53.9900,54.5200,51.0780,6036528
2015-05-07,53.5900,53.5900,51.6700,51.9700,48.6890,6944648
2015-05-08,52.5000,53.3150,51.2800,53.2300,49.8694,4408174
2015-05-11,52.4000,52.5500,51.0950,51.3300,48.0894,6409111
2015-05-12,51.4900,52.0100,50.7600,51.4800,48.2299,4334190
2015-05-13,51.9900,52.4000,51.1600,51.8800,48.6046,5083727
2015-05-14,51.8100,52.4700,50.9300,51.2200,47.9863,4268770
2015-05-15,51.0200,51.6500,50.3100,51.2700,48.0332,7304593
2015-05-18,51.1100,51.2900,50.3300,51.1800,47.9488,3292481
2015-05-19,50.7300,50.8000,49.2675,49.9600,46.8059,5091283
2015-05-20,50.2800,50.3700,49.6200,50.1700,47.0026,3473463
2015-05-21,50.4400,51.9500,50.1800,51.4000,48.1549,5045327
2015-05-22,50.8400,51.5500,50.5100,50.7100,47.5085,3343546
2015-05-26,50.0300,50.6899,49.7200,49.9600,46.8059,3521505
2015-05-27,49.7900,50.7900,49.4242,50.3000,47.1244,3679350
2015-05-28,50.0200,50.1100,49.0750,49.8900,46.7403,3867170
2015-05-29,49.8800,50.3500,49.1800,49.1900,46.0845,4627908
2015-06-01,49.1600,49.3900,48.7100,49.0800,45.9814,3138841
2015-06-02,49.5500,50.6000,49.4500,50.2000,47.0307,3512937
2015-06-03,50.1600,50.7000,49.5000,49.6600,46.5248,2722138
2015-06-04,49.3000,49.4300,48.5900,48.6300,45.5598,3360857
2015-06-05,48.5000,49.7200,48.3500,48.8800,45.7940,3028293
2015-06-08,48.6900,49.5480,48.6000,48.9600,45.8690,2925321
2015-06-09,49.4400,49.6500,47.8900,47.9000,44.8759,5208565
2015-06-10,48.0200,49.3000,47.8400,49.2000,46.5248,4442360
2015-06-11,49.1200,49.2400,48.2600,48.5900,45.9480,2969011
2015-06-12,48.2700,48.7250,48.1100,48.3000,45.6737,2288960
2015-06-15,47.7800,48.4700,47.4700,48.3500,45.7210,4803944
2015-06-16,48.1400,48.8400,48.1400,48.7300,46.0804,2849659
2015-06-17,49.1100,49.4200,48.7000,48.8900,46.2317,4502679
2015-06-18,49.0200,49.5300,48.5800,49.0900,46.4208,5198432
2015-06-19,48.7200,49.7010,48.7100,49.2200,46.5437,7633468
2015-06-22,49.3300,49.4200,48.8400,49.1600,46.4870,3394815
2015-06-23,49.1800,49.2200,48.4300,49.0500,46.3830,6021102
2015-06-24,48.8100,49.8400,48.8000,49.2900,46.6099,3829945
2015-06-25,49.1300,49.4000,48.8800,48.9700,46.3073,3739330
2015-06-26,48.8100,49.4900,48.4000,49.4100,46.7234,8221445
2015-06-29,49.1400,49.4500,48.5500,48.5700,45.9291,6325789
2015-06-30,48.9300,48.9500,47.6100,48.2800,45.6548,4719545
2015-07-01,48.2600,48.4700,46.7300,46.9500,44.3971,7018936
2015-07-02,47.1200,47.8300,47.0000,47.4200,44.8416,4381544
2015-07-06,46.4500,46.7700,44.9100,45.0600,42.6099,8482930
2015-07-07,44.9200,45.5000,43.8500,45.1700,42.7139,7665383
2015-07-08,44.7100,45.3800,44.1500,44.1600,41.7588,4695916
2015-07-09,44.7500,44.9900,44.4300,44.5800,42.1560,7018989
2015-07-10,45.0000,45.4000,44.7500,44.9900,42.5437,4081395
2015-07-13,45.2100,46.0700,44.8300,45.7000,43.2151,4577531
2015-07-14,45.6300,46.5100,45.3500,45.5200,43.0449,4417132
2015-07-15,45.2400,45.4300,43.7000,43.7200,41.3428,5323870
2015-07-16,44.0700,44.2650,43.3800,43.4900,41.1253,4037997
2015-07-17,42.6000,43.2600,42.4300,43.0100,40.6714,7228716
2015-07-20,43.0600,43.3300,42.5000,43.1300,40.7848,5121648
2015-07-21,43.3500,44.3700,43.3000,43.4300,41.0685,3696830
2015-07-22,43.0500,43.1700,41.7500,41.9100,39.6312,7908945
2015-07-23,42.3800,43.1000,41.6300,42.9200,40.5863,5098381
2015-07-24,42.9700,43.2900,42.0590,42.2200,39.9243,4742515
2015-07-27,41.6400,42.4500,41.2300,41.6500,39.3853,6491168
2015-07-28,42.0500,42.9900,40.3000,42.9300,40.5957,6822380
2015-07-29,42.6500,44.0500,42.6300,43.8900,41.5035,5299636
2015-07-30,43.8700,44.1199,43.0600,43.3900,41.0307,3636468
2015-07-31,43.1100,43.4400,41.8500,42.1300,39.8392,4967459
2015-08-03,41.7400,42.2000,40.8700,40.9700,38.7423,5491033
2015-08-04,41.4600,41.6500,40.5100,40.6500,38.4397,6005812
2015-08-05,40.9500,41.3500,40.0600,40.3800,38.1844,6148949
2015-08-06,40.2500,40.9400,39.8500,40.6000,38.3924,10737740
2015-08-07,40.4600,40.7500,39.6050,39.7300,37.5697,7891371
2015-08-10,39.7300,41.0200,39.6820,40.9000,38.6761,9096171
2015-08-11,40.0700,40.5200,39.6600,40.4900,38.2884,6609320
2015-08-12,40.5000,41.2200,40.1050,40.9900,38.7612,5925357
2015-08-13,40.5300,40.6700,39.5400,39.8300,37.6643,7387461
2015-08-14,39.7100,40.2100,39.2500,39.5500,37.3995,5674909
2015-08-17,39.5000,39.8200,39.2000,39.5100,37.3617,5370238
2015-08-18,39.4400,40.0200,39.4200,39.7300,37.5697,4473485
2015-08-19,39.3300,39.7198,38.9900,39.0900,36.9645,6371005
2015-08-20,39.0000,39.5200,38.4090,38.4200,36.3309,6603384
2015-08-21,38.1600,38.8500,37.1900,37.2100,35.1867,7936473
2015-08-24,35.1200,38.4400,34.5400,37.2500,35.2246,13448463
2015-08-25,38.6400,38.8200,37.2700,37.3500,35.3191,8909994
2015-08-26,38.7900,39.8400,37.6100,39.0300,36.9078,11317375
2015-08-27,39.9600,41.4300,39.9600,41.3600,39.1111,8623747
2015-08-28,40.7500,42.5500,40.7400,41.6500,39.3853,5809686
2015-08-31,40.8500,42.5350,40.4700,42.3300,40.0283,6329418
2015-09-01,40.7700,42.4800,40.7100,41.3500,39.1016,6735782
2015-09-02,41.9000,42.0600,40.3700,40.8600,38.6383,6599710
2015-09-03,40.9400,41.7600,40.5000,40.9700,38.7423,5300309
2015-09-04,40.2500,40.5800,39.5400,40.4400,38.2411,5212778
2015-09-08,40.8100,40.9900,40.2700,40.6200,38.4113,5341216
2015-09-09,40.5200,40.7000,38.5200,38.8000,37.1253,6130957
2015-09-10,38.9200,39.9800,38.2400,39.2500,37.5559,6560100
2015-09-11,38.5000,38.7900,38.1000,38.6400,36.9722,5342766
2015-09-14,38.4600,38.7900,38.1600,38.5700,36.9052,4163997
2015-09-15,38.7200,39.2100,38.3800,38.6800,37.0105,3911214
2015-09-16,39.1600,40.5200,38.9500,40.0000,38.2735,4968452
2015-09-17,39.8900,40.2700,39.2902,39.5700,37.8620,4652528
2015-09-18,38.7900,39.0500,37.7900,38.0500,36.4076,6102528
2015-09-21,38.5400,38.5800,37.2700,37.3300,35.7187,4717996
2015-09-22,36.7500,37.6640,36.7100,37.4800,35.8623,7774027
2015-09-23,37.5200,37.7800,36.7900,37.0800,35.4795,5630616
2015-09-24,36.7600,37.3400,36.3200,36.9200,35.3264,6054533
2015-09-25,37.3100,37.5300,36.8000,37.4500,35.8335,4849786
2015-09-28,37.0900,37.1088,36.3900,36.7200,35.1351,8163463
2015-09-29,37.2600,37.7200,36.6400,37.0800,35.4795,5499343
2015-09-30,37.3500,37.7400,37.0400,37.6500,36.0249,6525731
2015-10-01,38.3000,38.7200,35.9800,36.0500,34.4940,8553761
2015-10-02,35.7500,38.0800,35.3900,38.0500,36.4076,6497574
2015-10-05,38.7600,40.1698,38.1900,39.9000,38.1778,6613966
2015-10-06,40.0000,40.8500,39.6000,40.6900,38.9337,7718738
2015-10-07,41.7200,42.6200,39.3700,40.4700,38.7232,7949743
2015-10-08,40.3900,40.9800,39.5500,40.7700,39.0102,6764353
2015-10-09,41.0600,41.2100,40.5850,40.8000,39.0389,3708637
2015-10-12,40.8000,40.9700,39.1700,39.2500,37.5559,4364117
2015-10-13,38.7900,39.4200,38.5800,38.6700,37.0009,4605987
2015-10-14,38.6200,39.4625,38.0500,39.4000,37.6994,4425362
2015-10-15,39.2600,39.9900,38.7700,39.6600,37.9482,6023617
2015-10-16,39.9700,39.9700,38.4399,39.4000,37.6994,5169920
2015-10-19,38.7800,39.3900,38.6300,38.9800,37.2975,4265731
2015-10-20,39.0000,39.7200,38.7800,39.4200,37.7185,3849102
2015-10-21,39.1300,39.8700,38.9300,39.2000,37.5080,3291689
2015-10-22,39.8300,40.0300,38.8750,38.9800,37.2975,6959818
2015-10-23,38.8300,39.7600,38.6500,38.8100,37.1348,3793180
2015-10-26,38.7900,39.0400,37.1350,37.5400,35.9197,4358000
2015-10-27,37.2400,37.3500,35.8800,35.9500,34.3983,8472600
2015-10-28,36.4200,37.2700,34.5600,36.7200,35.1351,9680975
2015-10-29,36.5000,36.6700,35.8500,36.4400,34.8671,6518407
2015-10-30,36.7200,38.4800,36.2500,37.6400,36.0153,9038657
2015-11-02,37.2800,38.9500,37.2700,38.8500,37.1731,5094123
2015-11-03,39.1000,40.2400,39.0400,39.9400,38.2161,5612148
2015-11-04,39.9000,40.2300,39.5000,39.8900,38.1682,4845755
2015-11-05,39.5000,40.1300,39.1100,39.5000,37.7951,4053947
2015-11-06,39.1000,40.0600,38.8400,39.7900,38.0725,3624792
2015-11-09,39.7000,40.0600,38.3300,38.9300,37.2497,4234333
2015-11-10,38.6000,39.2700,38.3800,38.8200,37.1444,2554592
2015-11-11,38.7700,38.9200,37.5400,37.7700,36.1397,4287534
2015-11-12,36.9500,38.3100,36.5800,37.4500,35.8335,4213158
2015-11-13,37.3200,37.7600,36.8400,37.3300,35.7187,2714487
2015-11-16,37.3000,38.1500,36.9700,37.7700,36.1397,3151676
2015-11-17,37.6900,37.6900,36.8000,37.0400,35.4412,2651142
2015-11-18,37.4600,38.3950,37.3300,38.3400,36.6851,3632918
2015-11-19,37.9800,38.4500,37.4600,37.6000,35.9771,2426506
2015-11-20,37.5500,37.8900,36.6450,37.2600,35.6517,3640242
2015-11-23,37.2100,37.7600,36.8300,37.3300,35.7187,3270166
2015-11-24,37.8100,38.7750,37.6300,38.6100,36.9435,3644530
2015-11-25,38.1600,38.8900,37.7060,38.0800,36.4364,3271182
2015-11-27,37.7200,38.0000,37.1700,37.3500,35.7379,1426805
2015-11-30,37.7800,38.0000,37.2500,37.3400,35.7283,5252804
2015-12-01,37.3900,38.0400,36.9800,37.7200,36.0919,4851915
2015-12-02,36.9000,37.9100,36.9000,37.0800,35.9197,5973439
2015-12-03,37.2300,37.7200,36.8600,37.0500,35.8906,7340358
2015-12-04,36.4950,37.5300,36.1600,36.5900,35.4450,9669592
2015-12-07,35.5600,35.5720,34.4000,34.6400,33.5560,9035392
2015-12-08,33.9700,34.4650,33.4400,33.5000,32.4517,8161175
2015-12-09,33.8200,35.2900,33.4700,33.8500,32.7907,7078304
2015-12-10,33.6300,34.4000,33.5100,33.8000,32.7423,4494795
2015-12-11,33.6200,33.7000,33.1000,33.2900,32.2483,5988905
2015-12-14,33.3100,33.6800,32.8900,33.5600,32.5098,6839183
2015-12-15,33.9900,35.2700,33.9300,34.6600,33.5754,7144308
2015-12-16,34.4100,35.0400,33.8500,34.3200,33.2460,5073489
2015-12-17,34.2300,34.4200,33.2900,33.6700,32.6164,5322043
2015-12-18,33.5400,33.7800,33.2200,33.2700,32.2289,9827840
2015-12-21,33.3000,34.0500,33.2230,33.9000,32.8392,5926040
2015-12-22,33.8900,34.5100,33.8100,34.3400,33.2654,3668951
2015-12-23,35.1400,35.4200,34.8700,35.3300,34.2244,5536673
2015-12-24,35.3400,35.3900,34.7700,34.8000,33.7110,2311725
2015-12-28,34.1500,34.5100,34.0000,34.1500,33.0813,4181644
2015-12-29,34.7100,34.7300,34.0100,34.2400,33.1685,4081496
2015-12-30,33.6700,34.4550,33.6300,33.7400,32.6842,3224817
2015-12-31,33.5500,33.9300,33.1750,33.4900,32.4420,4007072
2016-01-04,33.5100,34.6100,33.3600,34.6100,33.5270,6572881
2016-01-05,34.0100,34.2200,33.0900,33.6200,32.5679,5106165
2016-01-06,32.7800,32.7800,31.1400,31.3400,30.3593,6500248
2016-01-07,30.6800,31.4800,30.2600,30.7400,29.7781,7140187
2016-01-08,30.8500,30.9300,29.6850,29.9400,29.0031,8321213
2016-01-11,30.0100,30.1500,29.5500,29.9500,29.0128,7407099
2016-01-12,30.3900,30.6050,29.7500,30.4300,29.4778,7235002
2016-01-13,30.8200,31.0100,29.0100,29.0800,28.1700,8858373
2016-01-14,29.3500,30.6700,28.5100,30.5100,29.5553,8102043
2016-01-15,29.1300,29.9800,29.0400,29.9500,29.0128,8370118
2016-01-19,30.1800,30.2299,28.9100,29.5300,28.6059,5937829
2016-01-20,28.8000,30.2300,28.5400,29.7200,28.7900,8215883
2016-01-21,29.5400,31.2050,29.3600,30.6700,29.7102,5518961
2016-01-22,31.5800,31.9600,30.4400,31.2300,30.2527,6998379
2016-01-25,30.6200,30.9100,29.6600,29.6900,28.7609,5903320
2016-01-26,30.1200,30.8550,29.8800,30.4300,29.4778,5597315
2016-01-27,30.3600,31.9700,29.9600,31.1000,30.1268,8121668
2016-01-28,32.0400,32.6300,30.8500,31.0600,30.0880,8691015
2016-01-29,31.2600,32.6500,31.1400,32.5400,31.5217,6402485
2016-02-01,31.9300,32.3500,31.0700,31.9900,30.9889,5569288
2016-02-02,31.2100,31.3000,30.4000,30.6700,29.7102,6725848
2016-02-03,28.0900,28.1900,26.1000,28.0000,27.1238,29171873
2016-02-04,28.0400,28.8400,27.7500,28.5800,27.6856,13847662
2016-02-05,28.2700,28.9200,27.9600,28.4700,27.5791,10270500
2016-02-08,27.8300,28.5200,27.2200,28.4000,27.5113,6807236
2016-02-09,28.2400,28.2500,27.0200,27.5600,26.6976,8103190
2016-02-10,27.4100,28.1600,26.6500,26.6900,25.8548,6177089
2016-02-11,26.1700,26.7000,25.7400,26.3400,25.5157,8503655
2016-02-12,26.6900,27.7400,26.5550,27.5500,26.6879,5811216
2016-02-16,28.0500,28.2000,27.3400,28.0600,27.1819,5138435
2016-02-17,28.4100,29.1600,28.3350,29.1100,28.1991,7315153
2016-02-18,29.4200,29.4900,28.6700,29.3500,28.4316,5677003
2016-02-19,28.9600,29.3000,28.7100,29.3000,28.3831,3857735
2016-02-22,30.0200,30.1300,29.3700,29.4000,28.4800,5883253
2016-02-23,29.3500,29.8000,28.6200,28.6500,27.7535,4648961
2016-02-24,27.9400,28.3000,27.2700,28.2400,27.3563,5835781
2016-02-25,28.3500,28.4200,27.0600,27.6600,26.7944,5656689
2016-02-26,28.3700,29.3100,28.2900,28.8100,27.9085,5673168
2016-02-29,29.1000,29.6000,28.8700,29.2700,28.3541,5919683
2016-03-01,29.6400,30.0000,29.1400,29.5100,28.5865,7819603
2016-03-02,29.3700,30.6000,28.8700,30.5000,29.5456,7331579
2016-03-03,30.6200,31.9910,30.4700,31.7600,30.7661,10116120
2016-03-04,31.9800,32.6800,31.6600,32.5000,31.4830,11050932
2016-03-07,32.2800,35.2000,32.2100,34.9300,33.8369,17151480
2016-03-08,34.6100,34.7600,31.4800,31.5000,30.5143,8468040
2016-03-09,31.3700,32.1500,30.6000,31.3800,30.8436,6569924
2016-03-10,31.2000,31.5800,30.6600,31.5000,30.9616,4549691
2016-03-11,32.1700,33.5400,32.0400,33.3900,32.8193,5769921
2016-03-14,32.8800,33.8350,32.7000,33.4400,32.8684,6166338
2016-03-15,32.9500,33.1700,32.0500,33.1100,32.5441,4020306
2016-03-16,33.3300,33.6000,32.8300,33.0600,32.4949,6420362
2016-03-17,33.4200,34.5300,33.0800,33.9900,33.4090,7254390
2016-03-18,34.3200,34.3400,32.2100,32.5800,32.0231,16760568
2016-03-21,32.2200,32.6100,31.6600,32.5700,32.0133,5084323
2016-03-22,32.3800,32.7700,31.8700,32.0200,31.4727,5457376
2016-03-23,31.8900,32.3200,31.2150,31.3800,30.8436,5342985
2016-03-24,30.6200,31.1500,30.0100,31.1500,30.6176,4877841
2016-03-28,31.3400,31.6360,30.9150,31.4900,30.9518,4153375
2016-03-29,31.0700,31.3750,30.0300,31.3200,30.7847,5294117
2016-03-30,31.6900,31.8900,30.8100,31.1000,30.5684,3927126
2016-03-31,31.0700,31.5500,30.9900,31.1000,30.5684,5424991
2016-04-01,30.3600,30.5100,29.1300,29.5300,29.0253,6498286
2016-04-04,29.5900,29.9460,29.1800,29.5900,29.0842,3949853
2016-04-05,29.4200,29.5800,28.7000,29.0300,28.5338,4771974
2016-04-06,29.3700,29.8900,28.6900,29.2200,28.7206,3892487
2016-04-07,29.1100,29.3400,28.2150,28.5700,28.0817,5080244
2016-04-08,29.1800,29.5000,28.8800,29.1100,28.6124,3441939
2016-04-11,28.2500,28.4000,27.0800,27.3200,26.8530,12124358
2016-04-12,27.4800,28.0600,26.9200,27.8300,27.3543,11282647
2016-04-13,27.9900,29.2700,27.7700,29.2100,28.7107,9897279
2016-04-14,29.4100,29.4100,28.3700,28.8100,28.3176,6854221
2016-04-15,28.4200,28.4500,27.5000,27.6800,27.2069,8103096
2016-04-18,27.0600,28.6900,26.8600,28.2600,27.7770,7283292
2016-04-19,28.5300,29.4800,28.3100,29.2200,28.7206,7627435
2016-04-20,28.8200,28.9300,28.1600,28.7000,28.2094,6835274
2016-04-21,28.8500,29.0400,28.5300,28.5500,28.0620,4535902
2016-04-22,28.5400,29.7900,28.5400,29.2700,28.7697,5064379
2016-04-25,29.0600,29.7800,28.9600,29.3200,28.8188,6268455
2016-04-26,29.5000,29.6900,29.2100,29.3700,28.8680,7176705
2016-04-27,30.4700,32.2250,30.4600,31.7000,31.1582,10261952
2016-04-28,31.1200,33.9250,29.7700,33.1000,32.5342,16748154
2016-04-29,33.3300,36.4900,33.2800,36.0400,35.4240,13923952
2016-05-02,35.9500,36.2800,34.5600,34.7700,34.1757,13885552
2016-05-03,34.1900,34.9000,33.2900,34.8200,34.2248,7803450
2016-05-04,34.5700,35.3000,33.3100,33.4700,32.8979,7109967
2016-05-05,34.1000,34.2500,32.7900,33.2900,32.7210,5024958
2016-05-06,33.0400,34.3400,32.9200,33.4600,32.8881,4018054
2016-05-09,33.1000,33.2700,31.3900,31.4200,30.8830,7545154
2016-05-10,31.5900,32.0200,31.1500,31.7600,31.2171,5026732
2016-05-11,31.6500,32.6900,31.2000,32.3600,31.8069,5591171
2016-05-12,32.8600,33.1900,31.5600,31.9500,31.4039,4443879
2016-05-13,31.6300,32.0790,31.1100,31.1600,30.6274,3519156
2016-05-16,31.8100,32.5700,31.6200,32.2400,31.6889,4157006
2016-05-17,32.2400,33.1500,32.0700,32.8200,32.2590,6573358
2016-05-18,32.4500,32.9519,31.2450,31.4500,30.9124,5284185
2016-05-19,31.0600,31.6500,30.9100,31.0900,30.5586,6966343
2016-05-20,31.1200,31.9850,31.1200,31.8300,31.2859,4106924
2016-05-23,31.5300,31.8367,31.3400,31.5600,31.0206,3480728
2016-05-24,31.8900,31.9300,31.2000,31.4900,30.9518,2936398
2016-05-25,31.8200,32.7800,31.7300,32.6700,32.1116,3970946
2016-05-26,33.0000,33.3600,32.5500,32.5800,32.0231,3729421
2016-05-27,32.5800,32.6900,32.1800,32.6200,32.0624,2941973
2016-05-31,32.5800,33.2900,32.5100,32.9500,32.3868,4846776
2016-06-01,32.3300,32.5800,31.5200,32.1000,31.5513,4056442
2016-06-02,31.7700,32.0800,31.2500,32.0000,31.4530,3010620
2016-06-03,32.1100,32.5500,31.7450,32.0900,31.5415,2698397
2016-06-06,32.4900,35.1300,32.4900,34.8700,34.2740,6680554
2016-06-07,35.2100,36.5300,35.1700,36.2600,35.6402,5680108
2016-06-08,36.5700,37.4900,36.5700,36.9800,36.3971,4682158
2016-06-09,36.1400,36.5950,35.8500,36.3400,35.7672,4217385
2016-06-10,35.7500,36.0400,34.9800,35.0300,34.4778,3952957
2016-06-13,34.3200,35.1800,34.2400,34.5900,34.0447,3383765
2016-06-14,34.3500,34.9900,33.6100,34.1400,33.6018,3753565
2016-06-15,34.0800,34.9322,33.7800,33.8700,33.3361,3387884
2016-06-16,33.4300,33.9500,32.8200,33.8500,33.3164,4246219
2016-06-17,34.2100,35.3350,34.2100,35.1800,34.6254,10876650
2016-06-20,35.6700,35.9500,35.1100,35.1600,34.6058,3685563
2016-06-21,34.9500,35.6500,34.5781,35.6500,35.0880,4049993
2016-06-22,35.9600,36.1600,35.5200,35.5400,34.9798,4100323
2016-06-23,36.1300,36.6600,35.8800,36.5000,35.9246,3770650
2016-06-24,34.7900,35.4100,34.0400,34.0600,33.5231,5585826
2016-06-27,33.7000,33.7200,31.4650,31.6100,31.1117,6288579
2016-06-28,32.4000,32.6000,31.7650,31.9900,31.4857,4251690
2016-06-29,32.5700,33.2600,32.0300,32.9300,32.4109,5536945
2016-06-30,32.9200,33.6500,32.5000,33.6500,33.1196,3752337
2016-07-01,33.6500,34.5900,33.5300,34.4400,33.8971,3301767
2016-07-05,33.8300,34.0600,31.8750,32.1400,31.6334,5495587
2016-07-06,31.7900,31.8200,30.6700,31.4600,30.9641,5935852
2016-07-07,32.0000,32.7850,31.3100,31.6900,31.1905,4519368
2016-07-08,32.2900,32.8450,32.1200,32.5900,32.0763,3236066
2016-07-11,32.7600,33.3300,32.0800,32.1900,31.6826,3409746
2016-07-12,32.8200,34.3800,32.7800,34.0200,33.4837,3948195
2016-07-13,33.9500,34.3000,33.0200,33.3800,32.8538,2595835
2016-07-14,33.8300,34.0700,33.6100,33.7400,33.2081,2151703
2016-07-15,34.0000,34.0000,33.3900,33.7400,33.2081,2492456
2016-07-18,33.1200,33.3300,32.4600,33.2800,32.7554,2786267
2016-07-19,33.1600,33.4800,32.9000,33.0400,32.5192,2756663
2016-07-20,32.7600,33.4300,32.2500,32.9500,32.4306,4290642
2016-07-21,33.0000,33.8900,32.8050,32.8600,32.3420,5063748
2016-07-22,32.9300,33.0600,32.1700,32.2500,31.7416,3315803
2016-07-25,32.0000,32.0700,31.0600,31.2700,30.7771,4000468
2016-07-26,31.2100,31.9300,31.1900,31.8600,31.3578,4285974
2016-07-27,31.9600,32.3400,31.0600,31.2700,30.7771,6088582
2016-07-28,31.0000,33.1000,29.7900,32.0400,31.5349,7366920
2016-07-29,31.8100,32.4300,31.5900,32.3500,31.8400,5235358
2016-08-01,32.0000,32.1000,31.2700,31.4400,30.9444,5951490
2016-08-02,32.0100,32.4300,31.0000,31.9100,31.4070,5119141
2016-08-03,31.9300,32.8700,31.8200,32.6600,32.1452,3979100
2016-08-04,32.5100,32.9150,32.3400,32.5600,32.0467,2122434
2016-08-05,32.6200,33.5100,32.4600,33.3500,32.8243,4565909
2016-08-08,33.6900,34.5600,33.6200,34.4000,33.8577,4060987
2016-08-09,34.4700,34.7600,33.7500,34.1800,33.6412,3753371
2016-08-10,34.3200,34.6000,33.2900,33.3200,32.7948,4329273
2016-08-11,33.4100,33.9850,33.1000,33.6700,33.1392,4010451
2016-08-12,33.8400,34.1900,33.6900,33.8100,33.2770,3826494
2016-08-15,33.9100,35.2600,33.9100,34.8500,34.3006,3531036
2016-08-16,35.0100,35.4400,34.7900,34.9700,34.4187,4158399
2016-08-17,35.2200,35.4900,34.9500,35.0900,34.5369,3337766
2016-08-18,35.3100,36.2100,35.2800,36.0900,35.5211,4004093
2016-08-19,35.5900,35.8800,35.4150,35.7400,35.1766,2817650
2016-08-22,35.2700,35.4100,34.7500,35.1800,34.6254,2894643
2016-08-23,35.3000,35.7300,35.1800,35.3900,34.8321,2029105
2016-08-24,35.1500,35.6200,34.8400,35.0500,34.4975,3083998
2016-08-25,35.0700,35.3300,34.8200,35.2000,34.6451,2553405
2016-08-26,35.3100,35.6900,34.2400,34.5400,33.9955,2924856
2016-08-29,34.4400,34.6800,34.3700,34.4500,33.9069,1795453
2016-08-30,34.5800,34.6700,33.7700,33.8600,33.3262,2818431
2016-08-31,33.6500,33.9850,33.3300,33.5400,33.0113,2765298
2016-09-01,33.4000,33.4900,32.7000,33.0400,32.5192,2928137
2016-09-02,33.4100,33.8500,33.3000,33.4900,32.9621,2409273
2016-09-06,33.5800,34.4200,33.5800,34.2800,33.7396,3074448
2016-09-07,34.3100,34.7301,33.9000,34.0300,33.4936,3868043
2016-09-08,34.2800,35.4900,34.0400,35.1400,34.5861,4064809
2016-09-09,34.7100,34.9800,33.1500,33.1500,32.6274,4633340
2016-09-12,32.6600,34.2250,32.5000,34.0700,33.5329,3721007
2016-09-13,33.3900,33.6600,32.7800,33.0900,32.5684,4077278
2016-09-14,32.9500,33.3100,32.0800,32.3100,31.8499,4422466
2016-09-15,32.5400,33.0300,32.3200,32.8900,32.4216,2316422
2016-09-16,32.3600,32.9000,32.1300,32.8600,32.3921,3079964
2016-09-19,33.2000,33.4000,32.3500,32.3600,31.8992,2071932
2016-09-20,32.3500,32.4600,31.8900,31.9100,31.4556,3336419
2016-09-21,32.3000,33.7000,32.1500,33.6900,33.2102,4257669
2016-09-22,34.2700,34.6000,34.0300,34.3800,33.8904,3373042
2016-09-23,34.0500,35.0000,33.8800,33.8900,33.4074,5053509
2016-09-26,34.1700,34.3100,33.7300,33.8900,33.4074,4426741
2016-09-27,33.4400,33.6550,33.0400,33.4400,32.9638,4151990
2016-09-28,33.5600,36.3250,33.4500,36.2700,35.7535,7441149
2016-09-29,36.2400,38.5500,36.2400,36.8600,36.3351,10862267
2016-09-30,37.2200,37.3700,36.7000,36.7400,36.2168,5321942
2016-10-03,36.0100,36.4000,35.7600,36.1600,35.6451,5464055
2016-10-04,36.1400,36.4900,35.2700,35.6800,35.1719,4127515
2016-10-05,36.4200,37.3600,36.1300,36.8700,36.3450,4724174
2016-10-06,37.0300,37.5300,36.4600,37.0100,36.4830,4345682
2016-10-07,37.0800,37.3400,36.4700,36.8400,36.3154,3121546
2016-10-10,37.4000,37.8000,37.1800,37.6000,37.0646,4422635
2016-10-11,37.4000,37.7400,36.4900,36.9600,36.4337,4468222
2016-10-12,36.7500,36.8500,36.0200,36.0800,35.5662,3405492
2016-10-13,35.7400,36.4600,35.5300,36.2900,35.7732,3201789
2016-10-14,36.6000,36.7500,35.9600,36.1400,35.6253,2009626
2016-10-17,36.2400,36.5200,35.6400,36.1100,35.5958,1980868
2016-10-18,36.6200,36.9500,36.2600,36.6600,36.1379,2391464
2016-10-19,37.0700,37.3800,36.6600,36.9800,36.4534,4557888
2016-10-20,36.6600,37.6800,36.4600,37.1900,36.6604,3285836
2016-10-21,36.8500,37.0600,36.5000,36.9700,36.4435,2426387
2016-10-24,37.0000,37.0500,36.2750,36.7600,36.2365,2268012
2016-10-25,36.6600,37.2586,36.0700,36.1600,35.6451,3158473
2016-10-26,35.7600,36.7100,35.5600,36.5600,36.0394,5668818
2016-10-27,35.8800,36.0100,33.5900,33.7000,33.2201,12731538
2016-10-28,33.7200,33.8900,32.5700,32.9300,32.4611,6655163
2016-10-31,32.7800,32.9000,31.9600,32.1000,31.6429,5826242
2016-11-01,32.4300,32.5350,31.5050,31.9300,31.4753,4377404
2016-11-02,31.5000,31.8600,31.0250,31.4300,30.9824,5834759
2016-11-03,31.3900,32.5500,31.3900,32.3700,31.9090,5348530
2016-11-04,32.2200,32.2800,31.2600,31.8800,31.4260,3144718
2016-11-07,32.4800,32.5400,31.9800,32.2400,31.7809,3000965
2016-11-08,32.0600,32.1400,31.4100,31.9100,31.4556,3774107
2016-11-09,31.9600,33.4150,31.8710,32.9500,32.4808,4583992
2016-11-10,32.9600,33.9400,32.9100,33.5900,33.1117,4235461
2016-11-11,33.2900,33.6900,32.8150,33.3400,32.8652,3062901
2016-11-14,33.2300,34.9800,33.1200,34.9000,34.4030,4545776
2016-11-15,35.1500,36.2100,35.1000,36.0400,35.5268,4115580
2016-11-16,35.6400,35.9000,35.0400,35.2500,34.7480,2549427
2016-11-17,35.5500,36.1910,35.0500,35.3100,34.8072,3299950
2016-11-18,35.2300,35.5150,34.8400,35.2100,34.7086,2454466
2016-11-21,35.9400,36.6200,35.9300,36.4400,35.9211,3551518
2016-11-22,36.6000,36.6900,36.1600,36.3500,35.8324,2697320
2016-11-23,36.0000,36.5300,35.8500,36.3500,35.8324,1959322
2016-11-25,36.0700,36.1600,35.5200,35.9400,35.4282,1356692
2016-11-28,36.0400,36.0700,35.3350,35.5300,35.0240,2583023
2016-11-29,34.6200,34.8350,34.1100,34.6000,34.1073,3382826
2016-11-30,36.1400,37.9100,35.8500,37.3600,36.8773,8295303
2016-12-01,37.9800,38.9200,37.4150,37.5900,37.1043,5071398
2016-12-02,37.4900,38.0500,37.3200,37.8900,37.4004,2744612
2016-12-05,38.2500,39.5300,38.0200,38.8000,38.2987,4367931
2016-12-06,37.8400,39.4500,37.5500,39.3700,38.8613,3745333
2016-12-07,39.1700,39.8700,38.9000,39.3800,38.8712,3452095
2016-12-08,39.5100,39.9600,39.2500,39.8800,39.3647,2738193
2016-12-09,40.0000,40.4700,39.3450,39.7800,39.2660,4135152
2016-12-12,41.7200,43.6300,39.6950,40.0200,39.5029,7674809
2016-12-13,40.5300,40.5950,39.9040,40.3200,39.7990,3307630
2016-12-14,39.8300,40.6100,39.3100,39.4800,38.9699,3773554
2016-12-15,39.0300,40.3650,38.8900,39.7000,39.1870,3398143
2016-12-16,39.8600,40.0300,38.0000,38.7200,38.2197,9699236
2016-12-19,38.7900,39.0400,38.2850,38.4900,37.9927,2762036
2016-12-20,38.8200,39.1500,38.7000,38.8000,38.2987,2180499
2016-12-21,39.0200,39.3200,38.6200,38.8500,38.3480,2184996
2016-12-22,38.8000,39.3900,38.5400,38.9000,38.3974,2993475
2016-12-23,38.8700,39.2100,38.0800,38.3800,37.8841,1773714
2016-12-27,38.5700,39.1200,38.4000,38.9200,38.4171,1576395
2016-12-28,38.5900,38.9260,37.9300,37.9600,37.4695,2218328
2016-12-29,37.9200,38.1700,37.5600,37.8300,37.3412,1710058
2016-12-30,37.9200,38.3300,37.3200,37.4400,36.9562,2550360
2017-01-03,38.1200,38.7300,37.1900,37.8100,37.3214,4086276
2017-01-04,37.7700,38.8000,37.6800,38.5300,38.0321,3242043
2017-01-05,38.6600,38.9800,38.3200,38.6700,38.1703,2946145
2017-01-06,38.6700,39.2000,38.1200,38.9900,38.4862,2916247
2017-01-09,38.5700,39.1350,37.9500,38.0700,37.5781,3266864
2017-01-10,38.1500,38.1700,37.6250,37.7600,37.2721,2112551
2017-01-11,37.8400,38.9100,37.8100,38.5300,38.0321,2484313
2017-01-12,38.6700,38.7201,37.6400,38.1600,37.6669,3266472
2017-01-13,37.7300,38.2360,37.3600,37.4000,36.9167,2444606
2017-01-17,37.6600,37.8200,37.3100,37.6700,37.1833,2917742
2017-01-18,37.2900,37.5100,36.8200,37.4200,36.9365,3467047
2017-01-19,37.7500,38.3900,37.7100,37.9000,37.4103,3708402
2017-01-20,38.3300,39.2500,38.2900,39.0800,38.5750,3677403
2017-01-23,38.6500,38.7300,37.8700,38.4300,37.9334,4367511
2017-01-24,38.7400,39.2500,38.3500,39.0400,38.5356,1944033
2017-01-25,39.0700,39.7900,39.0700,39.7200,39.2068,2418770
2017-01-26,39.7900,39.9400,39.1650,39.2500,38.7428,2442943
2017-01-27,39.1500,39.5300,38.6900,38.8700,38.3678,1608918
2017-01-30,38.5100,38.6200,37.2000,37.5500,37.0648,3175634
2017-01-31,37.6000,37.8900,37.0500,37.8100,37.3214,3068650
2017-02-01,38.1900,39.6800,37.7000,38.5500,38.0519,14113242
2017-02-02,38.4500,38.6950,37.5400,37.8000,37.3116,3455952
2017-02-03,37.8300,38.7062,37.7400,38.5700,38.0716,2631616
2017-02-06,38.5800,38.7199,37.4000,37.4600,36.9760,4368199
2017-02-07,38.0200,40.7500,37.2600,39.2900,38.7823,12138626
2017-02-08,39.5900,39.5900,38.1000,39.2100,38.7034,5106861
2017-02-09,39.6500,39.8350,38.9410,38.9900,38.4862,3877680
2017-02-10,39.4900,39.9516,39.2200,39.4200,38.9106,3120540
2017-02-13,39.4000,39.9000,39.3200,39.6000,39.0883,1726784
2017-02-14,39.7500,40.7500,39.5100,40.6600,40.1346,3057478
2017-02-15,40.1900,40.6300,40.0050,40.4200,39.8977,3163523
2017-02-16,40.5600,40.8000,40.0600,40.2400,39.7201,2651375
2017-02-17,40.0300,40.1800,38.9300,39.3100,38.8021,3115540
2017-02-21,39.8400,40.3000,39.5300,39.5600,39.0488,2407491
2017-02-22,39.0600,39.4100,38.7700,38.8600,38.3579,3023949
2017-02-23,40.3900,40.6000,39.3800,39.7100,39.1969,4138181
2017-02-24,39.2200,39.9590,39.0600,39.7900,39.2759,3146631
2017-02-27,39.9100,41.5400,39.8400,41.1000,40.5689,4477636
2017-02-28,40.6300,41.0500,40.2800,40.4200,39.8977,3554317
2017-03-01,40.8900,41.8800,40.7300,41.7400,41.2007,3273287
2017-03-02,41.3000,41.8950,40.2500,40.2900,39.7694,4117412
2017-03-03,40.8300,41.0000,40.1400,40.3800,39.8582,2689161
2017-03-06,40.1100,40.2200,39.5000,39.8700,39.3548,2768258
2017-03-07,39.9100,40.0700,39.1400,39.3000,38.7922,3104623
2017-03-08,39.2000,39.6250,37.7600,37.9400,37.4498,7104713
2017-03-09,37.5400,38.1800,36.8100,37.6900,37.2030,6054988
2017-03-10,37.8300,38.0100,37.3200,37.8400,37.3511,2275096
2017-03-13,37.9200,38.1200,37.6300,38.1000,37.6077,3037317
2017-03-14,37.3900,37.9400,36.4350,37.7600,37.2721,5227956
2017-03-15,38.2000,39.2300,37.7300,39.1300,38.6737,4157484
2017-03-16,39.2900,39.7600,38.6300,39.1500,38.6935,3059778
2017-03-17,39.2600,40.2900,39.2300,39.3100,38.8516,5460444
2017-03-20,38.9100,39.3500,38.4000,39.2100,38.7528,2009005
2017-03-21,39.3000,39.5600,38.3200,38.9200,38.4662,3338683
2017-03-22,38.7200,39.1300,38.4401,38.7100,38.2586,3335730
2017-03-23,38.4800,38.8425,38.2600,38.4100,37.9621,2544472
2017-03-24,38.5400,38.8800,38.2900,38.4600,38.0116,2057269
2017-03-27,37.8500,38.5500,37.6250,38.4200,37.9720,2854806
2017-03-28,38.6200,39.4800,38.1400,39.3000,38.8418,2577620
2017-03-29,39.2000,40.3700,38.9600,40.3400,39.8696,2693119
2017-03-30,40.5300,40.9000,40.0300,40.0700,39.6028,4451405
2017-03-31,40.0000,40.4900,39.8300,40.0900,39.6226,3201928
2017-04-03,40.1800,40.3300,39.5300,39.6800,39.2173,3095775
2017-04-04,39.6500,39.6500,39.0000,39.5100,39.0493,4135867
2017-04-05,39.8900,40.2500,38.9550,39.0700,38.6144,3250424
2017-04-06,39.4300,39.5700,39.0946,39.4000,38.9406,2174519
2017-04-07,39.4000,39.4400,38.8700,38.8900,38.4365,1925090
2017-04-10,39.1700,39.3600,38.9700,39.1600,38.7034,2316956
2017-04-11,39.0900,39.1700,38.3550,38.7300,38.2784,3796185
2017-04-12,38.8400,38.9700,37.6300,37.7800,37.3395,6093296
2017-04-13,37.6600,37.9000,37.4600,37.7100,37.2703,4767929
2017-04-17,37.7100,37.7900,37.2800,37.5600,37.1221,2193788
2017-04-18,37.2200,37.5600,36.7900,36.9000,36.4697,3092218
2017-04-19,37.0800,37.1600,35.7450,35.8300,35.4122,4500365
2017-04-20,36.0600,36.1800,35.5410,35.6300,35.2146,3208029
2017-04-21,35.1300,35.2400,34.5100,34.6500,34.2460,6336709
2017-04-24,35.0500,35.6000,34.9300,35.4300,35.0169,3948249
2017-04-25,35.5700,35.9200,35.3000,35.8200,35.4023,3752313
2017-04-26,35.5700,36.5800,35.5700,36.1500,35.7285,3906455
2017-04-27,35.5000,35.7600,34.1300,34.9800,34.5721,5838957
2017-04-28,35.2500,35.2500,34.7000,34.9700,34.5623,2798936
2017-05-01,34.8700,35.0050,34.2600,34.2600,33.8605,3356668
2017-05-02,34.2600,34.3700,33.4750,33.6900,33.2972,4143844
2017-05-03,33.5500,33.9900,33.4500,33.8600,33.4652,2872470
2017-05-04,33.5300,33.7400,32.8200,33.2500,32.8623,3156190
2017-05-05,33.3000,34.3900,33.2300,34.3500,33.9495,3751082
2017-05-08,34.2500,34.3400,33.6300,34.0400,33.6431,2494040
2017-05-09,33.9700,33.9900,33.5665,33.7600,33.3664,2096786
2017-05-10,34.0800,34.4500,33.8600,34.0800,33.6826,3831313
2017-05-11,34.3400,34.3600,33.7300,33.8000,33.4059,2351802
2017-05-12,33.8100,33.9751,33.5000,33.7900,33.3960,2756593
2017-05-15,34.4500,34.5700,33.6500,33.9100,33.5146,3153124
2017-05-16,34.1600,34.2900,33.7450,34.0800,33.6826,2578416
2017-05-17,33.7600,33.9800,33.2800,33.3800,32.9908,3489738
2017-05-18,33.0500,34.2300,33.0000,34.0200,33.6233,3212201
2017-05-19,34.2900,35.1044,34.1700,34.8100,34.4041,3410646
2017-05-22,35.1600,35.3700,34.8200,34.9500,34.5425,2858856
2017-05-23,35.0600,35.2700,34.6800,35.0000,34.5919,2191038
2017-05-24,34.9400,35.1850,34.3400,34.4600,34.0582,2999688
2017-05-25,34.4400,34.7700,32.5700,32.6000,32.2199,4535936
2017-05-26,32.6300,32.9201,32.4900,32.7700,32.3879,2408687
2017-05-30,32.5800,32.9500,32.4000,32.6000,32.2199,2559023
2017-05-31,32.2100,33.1600,32.1100,32.6700,32.2891,4368306
2017-06-01,32.7900,33.0400,32.5050,32.6400,32.2594,4971342
2017-06-02,32.3800,32.9500,31.8100,32.8900,32.5065,3136346
2017-06-05,32.7200,33.3000,32.6800,32.9300,32.5460,2186180
2017-06-06,32.7300,33.2550,32.5100,33.1100,32.7239,1670694
2017-06-07,32.8900,32.9900,31.8200,32.5400,32.1606,3977274
2017-06-08,32.5000,32.9800,32.4100,32.5900,32.2100,3163229
2017-06-09,32.5800,34.5650,32.5600,34.2100,33.8111,4988084
2017-06-12,34.5800,34.8100,33.7000,34.3100,33.9099,3716449
2017-06-13,34.3500,34.7500,34.0800,34.5100,34.1076,2071042
2017-06-14,34.2200,34.2200,32.2600,32.7700,32.4373,5279745
2017-06-15,32.2900,32.9050,32.2100,32.8100,32.4769,3590925
2017-06-16,33.0400,33.6800,32.8350,33.6600,33.3183,3527507
2017-06-19,33.6800,33.8200,33.1100,33.5800,33.2391,2920372
2017-06-20,33.2400,33.2400,32.1800,33.1700,32.8333,4498534
2017-06-21,32.9600,32.9600,31.9300,32.1300,31.8038,3753777
2017-06-22,32.2300,32.3150,31.8200,31.8400,31.5168,5365606
2017-06-23,31.9200,32.0800,31.3850,31.6400,31.3188,3706107
2017-06-26,31.6500,32.0100,31.4350,31.7900,31.4673,2848765
2017-06-27,31.9500,32.2800,31.6700,31.7000,31.3782,2807043
2017-06-28,31.7800,32.2950,31.7100,31.7700,31.4475,2504517
2017-06-29,32.0000,32.6900,31.9610,32.4400,32.1107,3515522
2017-06-30,32.6600,33.2800,32.3600,32.9400,32.6056,3500787
2017-07-03,33.1700,34.0900,33.1400,33.9000,33.5558,1638596
2017-07-05,33.5800,33.7200,32.4500,32.7300,32.3977,2615058
2017-07-06,32.9700,33.1900,32.2400,32.2800,31.9523,2491999
2017-07-07,32.0500,32.1650,31.6100,32.0100,31.6850,3442027
2017-07-10,31.8200,32.8900,31.6900,32.6000,32.2690,2353563
2017-07-11,32.5300,33.4950,32.3800,33.1900,32.8531,2176111
2017-07-12,33.6700,33.6870,32.9200,33.1500,32.8135,1993982
2017-07-13,33.0700,33.4300,32.5500,33.4200,33.0807,2482670
2017-07-14,33.5200,33.9200,33.2800,33.7900,33.4470,2298718
2017-07-17,33.7100,34.4100,33.6300,33.9800,33.6350,2813083
2017-07-18,34.2400,34.3400,33.5000,33.8800,33.5361,1689535
2017-07-19,33.8100,35.2300,33.6800,35.1500,34.7932,4610974
2017-07-20,35.1500,35.2000,33.9500,34.0000,33.6548,2335195
2017-07-21,33.9000,34.1708,33.3350,33.4500,33.1104,3157796
2017-07-24,33.6500,33.7153,33.0850,33.1800,32.8432,2066315
2017-07-25,33.5500,34.1400,33.5300,33.5800,33.2391,2942917
2017-07-26,33.8700,33.9100,33.1900,33.3400,33.0015,2208722
2017-07-27,33.4500,33.7100,33.0900,33.7100,33.3678,3307260
2017-07-28,33.7000,35.3400,32.8400,33.1100,32.7739,4677386
2017-07-31,33.0700,33.2500,32.0900,32.7100,32.3779,3137834
2017-08-01,32.5300,32.5300,31.5200,31.8800,31.5564,3862121
2017-08-02,31.6500,32.8200,31.3600,32.6100,32.2789,3659619
2017-08-03,32.6000,32.9900,32.4200,32.6200,32.2888,2813948
2017-08-04,32.6500,33.2100,32.5600,33.1800,32.8432,2565402
2017-08-07,32.3000,32.7900,31.7700,31.7900,31.4673,3216855
2017-08-08,31.6000,31.7150,31.1900,31.2900,30.9723,2917592
2017-08-09,31.3700,31.5500,30.2900,30.8100,30.4972,4419135
2017-08-10,30.9700,30.9900,30.2950,30.3500,30.0419,3550503
2017-08-11,30.2200,30.6100,30.1400,30.2900,29.9825,3410286
2017-08-14,30.3800,30.8700,30.2600,30.6200,30.3091,2563594
2017-08-15,30.4900,30.5800,30.1400,30.3900,30.0815,3299595
2017-08-16,30.4400,30.5300,29.9000,29.9400,29.6361,3228882
2017-08-17,29.9100,30.5300,29.9000,30.0900,29.7845,4120492
2017-08-18,30.0100,30.5399,29.9000,30.3800,30.0716,3641448
2017-08-21,30.2200,30.4700,30.1700,30.2900,29.9825,3939693
2017-08-22,30.4100,30.5200,30.1200,30.2000,29.8934,2449987
2017-08-23,30.0700,30.6000,30.0100,30.3700,30.0617,3308071
2017-08-24,30.2600,30.3100,30.0550,30.0800,29.7746,2073399
2017-08-25,30.2100,30.7455,30.1900,30.5200,30.2102,2024203
2017-08-28,30.6000,30.6490,30.0600,30.3400,30.0320,3041769
2017-08-29,30.1400,30.4100,30.0450,30.3600,30.0518,1958211
2017-08-30,30.2800,30.4700,29.9300,30.4500,30.1409,2067949
2017-08-31,30.6500,30.8250,30.3300,30.6700,30.3586,2681891
2017-09-01,30.7000,30.7600,30.4900,30.6800,30.3685,1993032
2017-09-05,30.9200,31.5000,30.9200,31.3300,31.0119,3079852
2017-09-06,31.5200,32.1700,31.4200,31.8300,31.5069,4024610
2017-09-07,31.8800,32.0500,31.5650,31.8800,31.5564,3027861
2017-09-08,31.8500,31.8600,31.5400,31.7500,31.4277,2633192
2017-09-11,31.8400,32.3050,31.7200,32.2600,31.9325,2407958
2017-09-12,32.3800,33.5800,32.1300,33.3800,33.0411,4111227
2017-09-13,33.4400,34.3400,33.3200,33.8400,33.4965,4250905
2017-09-14,34.0000,34.3300,33.6900,33.9500,33.6548,2912503
2017-09-15,33.7200,34.4600,33.6600,34.4500,34.1505,4664055
2017-09-18,34.3700,35.0300,34.2400,34.7700,34.4677,2574078
2017-09-19,34.9300,35.2600,34.6618,35.1800,34.8741,2235690
2017-09-20,35.3300,35.9000,35.2700,35.5100,35.2013,4422211
2017-09-21,35.3300,35.4150,35.0507,35.2000,34.8940,2023847
2017-09-22,35.0000,35.6000,35.0000,35.5400,35.2310,2260276
2017-09-25,35.8300,36.2500,35.7550,35.8600,35.5482,4669829
2017-09-26,35.6000,36.4450,35.5800,36.3000,35.9844,2401306
2017-09-27,36.3800,36.4600,35.6500,36.1400,35.8258,3126425
2017-09-28,36.4000,36.4786,35.3850,35.5300,35.2211,3095242
2017-09-29,35.6300,35.8400,35.2600,35.7300,35.4194,3002079
2017-10-02,35.3400,35.5698,35.0900,35.3500,35.0427,2651523
2017-10-03,35.4500,35.5000,34.6333,35.1300,34.8246,2780482
2017-10-04,35.1300,35.3800,34.9700,35.2300,34.9237,3838487
2017-10-05,35.2400,36.2200,35.1700,36.0300,35.7168,3463300
2017-10-06,35.4800,35.7800,34.9500,35.0300,34.7254,2935767
2017-10-09,35.1800,35.4500,34.9850,35.2400,34.9336,1233700
2017-10-10,35.5100,35.6900,34.8800,34.9300,34.6263,1753698
2017-10-11,34.8500,35.0300,34.3750,34.9800,34.6759,2125370
2017-10-12,34.5700,34.6500,34.3100,34.3800,34.0811,2403562
2017-10-13,34.6900,34.8700,34.6000,34.6500,34.3487,1615024
2017-10-16,34.9000,35.1800,34.8100,34.9900,34.6858,2846481
2017-10-17,34.9400,34.9900,34.2900,34.9200,34.6164,3472038
2017-10-18,35.0000,35.1500,34.5100,34.5200,34.2199,2116601
2017-10-19,34.2000,34.5700,33.9500,34.0800,33.7837,2619346
2017-10-20,34.1200,34.1700,33.6100,34.0900,33.7936,2468877
2017-10-23,34.0500,34.1700,33.7200,33.8000,33.5061,2214831
2017-10-24,34.0400,34.2100,33.7800,33.8100,33.5161,2241924
2017-10-25,33.7500,33.9700,33.4600,33.6400,33.3475,2578333
2017-10-26,33.5700,34.1650,33.4100,33.8600,33.5656,4460905
2017-10-27,32.7000,33.9500,32.0100,33.2300,32.9411,7141958
2017-10-30,33.1900,34.3800,32.9600,34.2800,33.9820,4960903
2017-10-31,33.9100,34.6100,33.7200,34.1900,33.8927,3746944
2017-11-01,34.4900,34.9900,33.8600,34.0600,33.7639,4364271
2017-11-02,34.1400,34.2700,33.1900,33.3600,33.0700,3613459
2017-11-03,33.2600,33.5750,33.1700,33.4200,33.1294,2455648
2017-11-06,33.6100,35.5300,33.5200,35.5000,35.1914,4003690
2017-11-07,35.7000,35.8300,34.9900,35.1000,34.7948,2397753
2017-11-08,35.0000,35.6300,34.9100,35.0200,34.7155,4073273
2017-11-09,34.9300,35.0700,34.5100,34.5500,34.2496,2776524
2017-11-10,34.5600,34.6100,33.3300,33.5200,33.2286,4157819
2017-11-13,33.3500,33.3900,32.8700,33.0600,32.7726,3345731
2017-11-14,32.8700,32.9800,32.2100,32.2700,31.9894,2918093
2017-11-15,31.9200,32.4250,31.5699,31.9400,31.6623,2876308
2017-11-16,31.9100,31.9356,31.4700,31.5100,31.2360,3008984
2017-11-17,31.5700,32.1550,31.5108,32.0200,31.7416,2838565
2017-11-20,31.9100,32.0800,31.5800,31.7200,31.4442,2633088
2017-11-21,31.9100,32.1450,31.7600,31.8000,31.5235,2235914
2017-11-22,32.0100,32.2869,31.7700,31.9400,31.6623,2061391
2017-11-24,32.0900,32.1100,31.7350,31.8500,31.5731,659116
2017-11-27,31.6600,32.0400,31.5500,31.6300,31.3550,2665134
2017-11-28,31.5800,32.2050,31.4800,32.1300,31.8507,2118304
2017-11-29,32.5600,32.7600,32.1700,32.6100,32.3265,2660153
2017-11-30,32.8200,33.7450,32.7600,33.5500,33.2583,5645279
2017-12-01,33.8000,34.2850,33.5700,34.0900,33.7936,3768693
2017-12-04,33.8300,34.7550,33.7300,33.9800,33.6846,3917364
2017-12-05,34.0000,34.0400,33.1400,33.1700,32.8816,2306311
2017-12-06,33.0100,33.2300,32.5600,32.7100,32.4256,1894218
2017-12-07,32.5500,32.6600,31.9900,32.4000,32.1679,2720139
2017-12-08,32.7000,33.0600,32.4400,32.6200,32.3863,2847364
2017-12-11,32.6700,33.6200,32.6700,33.2900,33.0515,1985804
2017-12-12,33.4300,33.6500,33.1400,33.1400,32.9026,1859593
2017-12-13,33.2200,33.4100,32.3800,32.5900,32.3565,4280630
2017-12-14,32.5100,32.6800,32.2050,32.4300,32.1977,3934080
2017-12-15,32.6000,33.1200,32.5400,33.0600,32.8231,7265201
2017-12-18,33.0800,33.6350,33.0300,33.3400,33.1011,2451242
2017-12-19,33.4900,33.8450,33.3200,33.6200,33.3791,2508565
2017-12-20,33.6500,34.4200,33.5700,34.3200,34.0741,2614448
2017-12-21,34.3200,35.6500,34.3000,35.5500,35.2953,2967068
2017-12-22,35.4900,35.5800,35.2400,35.4400,35.1861,1888919
2017-12-26,35.5500,35.8200,35.3710,35.6200,35.3648,2661410
2017-12-27,35.5300,35.7500,35.2600,35.2800,35.0272,2615341
2017-12-28,35.2700,35.5200,35.1800,35.4900,35.2357,1894788
2017-12-29,35.5900,36.1300,35.1900,36.0200,35.7619,2426786
2018-01-02,36.1300,36.9000,35.7500,36.8000,36.5364,2482041
2018-01-03,36.9300,37.9800,36.5300,37.8500,37.5788,3400052
2018-01-04,37.8000,38.4700,37.6500,38.4300,38.1547,2371426
2018-01-05,38.3900,38.3900,37.8500,38.2200,37.9462,2202957
2018-01-08,38.0900,38.7700,37.7700,38.7100,38.4327,3125401
2018-01-09,38.8200,38.8700,38.1300,38.2400,37.9660,1717644
2018-01-10,38.3900,38.5200,37.7900,37.9300,37.6583,2859263
2018-01-11,38.1500,39.1600,37.9600,38.8400,38.5617,2610992
2018-01-12,38.9500,39.2250,38.5900,39.1400,38.8596,2530092
2018-01-16,39.1500,39.3000,38.4350,38.4700,38.1944,3224700
2018-01-17,38.7200,39.2150,38.4600,38.9200,38.6412,2280878
2018-01-18,38.7200,38.9000,37.8350,37.9100,37.6384,2939960
2018-01-19,37.5200,38.0000,37.0300,37.9800,37.7079,4587999
2018-01-22,38.0000,38.8600,37.8748,38.7400,38.4625,3202010
2018-01-23,38.8200,39.2600,38.1800,38.7300,38.4525,3655303
2018-01-24,38.6900,38.7900,37.9200,38.2900,38.0157,3145351
2018-01-25,38.6200,38.6400,37.5800,37.6000,37.3306,2261139
2018-01-26,37.8000,37.9500,37.4050,37.7100,37.4398,2061267
2018-01-29,37.3600,37.7600,36.6500,36.7300,36.4669,3063786
2018-01-30,36.3400,36.7500,35.8600,36.5900,36.3279,3456306
2018-01-31,36.5400,36.9500,36.2100,36.6800,36.4172,2844736
2018-02-01,36.8000,37.5300,36.6300,37.4300,37.1618,2517826
2018-02-02,36.9200,37.0600,35.6200,35.6900,35.4343,2655136
2018-02-05,35.4600,36.2900,33.7000,33.8500,33.6075,5363441
2018-02-06,33.3300,35.8000,33.0010,35.3900,35.1365,6466648
2018-02-07,35.2300,36.1000,33.9300,34.0500,33.8061,4981027
2018-02-08,34.1000,34.2300,32.6400,32.6400,32.4062,4959593
2018-02-09,32.9900,33.4000,31.7700,33.0900,32.8529,5517459
2018-02-12,33.4300,33.8200,32.5300,33.7100,33.4685,6050335
2018-02-13,33.3000,33.8000,33.1150,33.6600,33.4188,3267689
2018-02-14,33.2400,35.2900,33.0600,35.1400,34.8882,4610031
2018-02-15,35.3100,35.3100,34.1200,35.1300,34.8783,3511755
2018-02-16,34.9000,35.9800,34.8900,35.6100,35.3549,3184942
2018-02-20,35.6900,36.0300,35.1300,35.3800,35.1265,3801984
2018-02-21,35.1800,36.0700,34.9300,34.9600,34.7095,2843330
2018-02-22,35.4400,35.9900,34.9100,35.1000,34.8485,3453213
2018-02-23,35.3300,36.0750,35.0000,36.0700,35.8116,2311934
2018-02-26,36.1800,36.3700,35.7200,36.1800,35.9208,2268827
2018-02-27,36.1600,36.7800,35.8300,36.2600,36.0002,4690131
2018-02-28,36.5000,36.9300,35.0800,35.0900,34.8386,4931450
2018-03-01,34.9400,35.9000,34.7800,35.4100,35.1563,3145035
2018-03-02,35.1500,36.1400,34.8400,36.0800,35.8215,2944844
2018-03-05,35.7600,36.7700,35.5900,36.3700,36.1094,3450678
2018-03-06,36.6100,36.9700,36.2400,36.7000,36.4371,2606192
2018-03-07,36.2400,36.6600,35.8300,36.5100,36.2484,2354047
2018-03-08,36.5500,36.7000,36.0100,36.6400,36.3775,2234509
2018-03-09,36.9800,37.9700,36.8700,37.7200,37.4498,2950149
2018-03-12,37.7000,37.8900,37.2338,37.6000,37.3306,2538360
2018-03-13,37.7400,37.9000,37.0700,37.3100,37.0427,2288752
2018-03-14,37.4500,37.6750,37.2500,37.3900,37.1221,2647628
2018-03-15,37.4600,37.5000,36.0700,36.2600,36.0499,2564921
2018-03-16,36.3500,37.1300,36.1900,36.8900,36.6762,4367921
2018-03-19,36.7900,36.9200,36.0400,36.3700,36.1592,2790093
2018-03-20,36.6300,37.1400,36.5700,36.7900,36.5768,1863892
2018-03-21,37.0300,38.3267,36.8400,38.0400,37.8195,2561758
2018-03-22,37.5100,37.9300,37.1300,37.1800,36.9645,2518227
2018-03-23,37.4600,38.1200,37.1500,37.1800,36.9645,2803279
2018-03-26,37.6700,37.9600,36.8200,37.9000,37.6804,1804946
2018-03-27,37.9200,38.0700,36.6450,36.9200,36.7060,2627716
2018-03-28,36.9200,37.0300,35.8100,35.9300,35.7218,2440032
2018-03-29,36.1600,37.0700,36.1300,36.8100,36.5967,2826606
2018-04-02,36.6200,36.7800,35.1100,35.8800,35.6721,2625848
2018-04-03,36.1100,36.6800,35.5400,36.6600,36.4475,2028217
2018-04-04,35.9200,36.6600,35.4600,36.5600,36.3481,2027425
2018-04-05,36.6800,37.8700,36.6800,37.2300,37.0142,2926744
2018-04-06,36.8700,37.1900,36.5600,36.9900,36.7756,4675203
2018-04-09,37.1600,37.1700,36.2300,36.2500,36.0399,2968176
2018-04-10,36.9000,38.3500,36.9000,38.0800,37.8593,5426284
2018-04-11,38.0800,39.5550,37.9300,39.4300,39.2015,3687419
2018-04-12,39.6100,40.9200,39.5401,40.6400,40.4045,4988824
2018-04-13,40.8400,41.3800,40.6500,40.9200,40.6829,2803742
2018-04-16,38.7400,38.9999,37.8200,37.9800,37.7599,7960439
2018-04-17,37.7700,37.7700,36.8850,37.5900,37.3722,5744757
2018-04-18,38.0800,38.8850,38.0800,38.3200,38.0979,4984735
2018-04-19,38.0200,38.7300,37.3800,38.5800,38.3564,3896261
2018-04-20,38.5000,38.5000,37.5900,38.2500,38.0283,3671689
2018-04-23,38.0900,38.3800,37.7400,38.3800,38.1576,2063727
2018-04-24,38.5400,39.0500,37.6650,37.9700,37.7500,1995622
2018-04-25,37.8600,38.3500,37.5000,38.2800,38.0582,2017248
2018-04-26,38.4600,38.9700,38.1700,38.6300,38.4061,2139679
2018-04-27,38.3300,39.3800,37.5000,38.8600,38.6348,4523594
2018-04-30,38.5300,39.2500,38.5100,38.6700,38.4459,2846341
2018-05-01,38.4800,38.6600,38.0400,38.5100,38.2868,2329360
2018-05-02,38.2400,38.9000,38.2400,38.4200,38.1973,3309707
2018-05-03,38.4200,38.4600,37.6400,38.3800,38.1576,1879745
2018-05-04,38.1200,38.7300,38.0300,38.5000,38.2769,1714253
2018-05-07,38.6900,39.6700,38.4450,38.6000,38.3763,2504942
2018-05-08,38.7700,39.2300,38.1400,39.1200,38.8933,1812258
2018-05-09,39.5600,40.5700,39.5200,40.3700,40.1360,3164610
2018-05-10,40.5700,40.8500,40.3000,40.6100,40.3747,2885411
2018-05-11,40.7100,40.8700,40.3900,40.6500,40.4144,1954266
2018-05-14,40.8000,41.3400,40.8000,41.0600,40.8220,1523704
2018-05-15,41.0300,41.4200,40.3200,41.3900,41.1501,2111541
2018-05-16,41.4700,42.2500,41.2900,42.1700,41.9256,2885706
2018-05-17,42.3100,43.2900,42.1900,42.9300,42.6812,3307755
2018-05-18,42.8900,43.4300,42.5800,43.4200,43.1684,3333508
2018-05-21,43.5500,44.1900,43.3400,44.1100,43.8544,3085691
2018-05-22,44.0100,45.0800,43.5100,43.6900,43.4368,5023214
2018-05-23,43.0700,43.6100,42.5400,42.9000,42.6514,3778215
2018-05-24,42.3800,42.5850,42.0000,42.3100,42.0648,3372658
2018-05-25,41.5500,41.5700,40.5200,41.2600,41.0209,3810746
2018-05-29,40.5900,41.3800,40.4800,41.3100,41.0706,2038269
2018-05-30,41.6900,42.4000,41.5700,41.8700,41.6274,2237938
2018-05-31,41.5300,41.9000,41.0600,41.4200,41.1800,4195259
2018-06-01,41.7200,42.5300,41.5100,41.8500,41.6075,2364327
2018-06-04,41.9600,42.2900,41.5800,41.7700,41.5279,3910144
2018-06-05,41.5700,42.1400,41.4000,42.0500,41.8063,2414898
2018-06-06,42.2400,42.4900,41.9500,42.2500,42.0051,2294534
2018-06-07,42.6300,43.0000,42.4200,42.8700,42.6216,3124090
2018-06-08,42.8400,42.9300,42.1000,42.5800,42.3332,2481356
2018-06-11,42.4900,42.7400,42.1500,42.1600,41.9157,2024819
2018-06-12,42.1800,42.6900,41.9400,42.2700,42.0250,1860871
2018-06-13,42.1700,42.5600,41.7800,42.3000,42.0549,1732616
2018-06-14,42.5800,42.6200,41.8200,42.1600,41.9654,1993982
2018-06-15,41.6600,41.8250,41.1500,41.4800,41.2885,4906041
2018-06-18,41.3100,42.5600,41.2400,42.2200,42.0251,2746923
2018-06-19,41.7800,42.2700,41.3500,42.1900,41.9952,2550438
2018-06-20,42.4700,42.5500,42.0350,42.3500,42.1545,2406385
2018-06-21,42.1000,42.1400,41.5500,41.6900,41.4976,2166531
2018-06-22,43.1300,43.7000,42.4550,42.6000,42.4033,3991564
2018-06-25,42.4100,42.4100,41.1800,41.3300,41.1392,2526610
2018-06-26,41.3900,42.0500,41.2100,41.9200,41.7265,2010666
2018-06-27,42.4100,43.4700,42.3700,42.7900,42.5925,2426596
2018-06-28,42.9000,43.3100,42.5500,43.2000,43.0006,2433552
2018-06-29,42.9800,43.8300,42.8000,43.4000,43.1997,2978032
2018-07-02,42.9100,43.2400,42.0100,42.7500,42.5527,2456938
2018-07-03,43.3300,43.8800,43.0200,43.1500,42.9508,1431261
2018-07-05,43.4800,43.7400,43.1900,43.5800,43.3788,2095059
2018-07-06,43.1800,44.9700,43.0100,44.2600,44.0557,2083440
2018-07-09,44.5500,45.2500,44.5500,45.0000,44.7923,2104760
2018-07-10,45.4200,46.0000,44.9300,45.3300,45.1207,2207817
2018-07-11,44.7600,45.2800,44.4100,44.4900,44.2846,3364928
2018-07-12,44.6400,44.6900,43.9150,44.2400,44.0358,2441050
2018-07-13,44.2800,44.8150,44.0200,44.2400,44.0358,2362770
2018-07-16,43.6500,44.0200,43.5000,43.8500,43.6476,2646377
2018-07-17,43.8300,43.9700,43.4900,43.7000,43.4983,3181259
2018-07-18,43.5900,43.6550,42.8000,43.2500,43.0503,3026340
2018-07-19,42.7800,43.4500,42.6900,43.1900,42.9906,2256901
2018-07-20,43.2200,43.5000,43.0201,43.1000,42.9010,1742316
2018-07-23,43.1000,43.1000,42.3000,42.5300,42.3337,2454215
2018-07-24,42.6100,42.9300,42.1400,42.3000,42.1047,2116279
2018-07-25,42.2900,42.5300,41.9800,42.3200,42.1246,2273763
2018-07-26,42.5200,42.7600,42.1700,42.5200,42.3237,3493678
2018-07-27,42.9200,46.9400,42.7700,46.9100,46.6935,8492241
2018-07-30,47.4100,48.4900,47.3400,48.1000,47.8780,9241242
2018-07-31,48.6600,49.0800,48.2500,48.6200,48.3956,6177894
2018-08-01,48.1600,48.8200,47.1200,47.4200,47.2011,5912229
2018-08-02,46.8300,47.6650,46.6200,47.3800,47.1613,3630510
2018-08-03,47.3200,47.4800,46.8700,47.0300,46.8129,3000822
2018-08-06,47.1900,47.3000,46.4800,46.5000,46.2853,3709633
2018-08-07,46.9500,47.1800,46.6100,46.6300,46.4147,3393808
2018-08-08,46.3900,46.6800,46.0400,46.4100,46.1958,2271811
2018-08-09,46.5000,46.5400,45.2700,45.6500,45.4393,2640880
2018-08-10,45.6800,46.1500,45.2500,45.8400,45.6284,2926705
2018-08-13,45.7600,45.9500,44.9600,45.0000,44.7923,2334887
2018-08-14,45.3200,45.5100,44.9900,45.2000,44.9913,2230962
2018-08-15,44.8700,45.0200,43.3600,43.7200,43.5182,3244484
2018-08-16,43.9800,44.1400,43.5500,43.7500,43.5480,1611203
2018-08-17,43.8400,43.9600,43.6400,43.8400,43.6376,1802492
2018-08-20,43.9000,44.2700,43.9000,44.1700,43.9661,1385816
2018-08-21,44.8800,45.3850,44.5650,44.6300,44.4240,2847083
2018-08-22,45.0800,45.4700,44.6700,45.1900,44.9814,2912858
2018-08-23,45.0100,45.2650,44.6100,44.7400,44.5335,1130191
2018-08-24,45.0600,45.3100,44.5500,44.7800,44.5733,1738300
2018-08-27,44.9400,46.1000,44.9400,45.9400,45.7279,2501615
2018-08-28,46.1500,46.9800,46.1500,46.4100,46.1958,3809933
2018-08-29,46.5400,47.4600,46.5400,47.1600,46.9423,4303374
2018-08-30,47.0700,47.2550,46.7400,47.1800,46.9622,2361268
2018-08-31,47.0600,47.1900,46.6700,47.0700,46.8527,2540725
2018-09-04,47.0400,47.1200,46.2000,46.4300,46.2157,2228681
2018-09-05,46.0100,46.4800,45.2750,46.2600,46.0465,3573186
2018-09-06,46.1100,46.1800,44.9500,45.0600,44.8520,3305901
2018-09-07,44.6300,44.6950,43.8900,44.2400,44.0358,3831936
2018-09-10,44.3800,44.4300,43.5450,43.6500,43.4485,4032661
2018-09-11,43.7500,44.6200,43.5000,44.3800,44.1751,2786368
2018-09-12,44.9000,45.4000,44.7050,44.7500,44.5434,2184015
2018-09-13,44.5100,44.8500,44.1484,44.2600,44.1055,2244911
2018-09-14,44.0900,44.4550,43.7600,44.3000,44.1453,2838584
2018-09-17,44.3900,44.4700,43.8400,44.1100,43.9560,1670687
2018-09-18,44.5500,44.9500,44.3900,44.5500,44.3944,2438332
2018-09-19,44.4700,44.8100,44.2800,44.4500,44.2948,2797577
2018-09-20,44.6600,44.7100,42.8300,42.9000,42.7502,3484515
2018-09-21,42.9400,43.5700,42.7100,43.1500,42.9993,3947273
2018-09-24,43.4700,43.6900,43.0500,43.5000,43.3481,3162172
2018-09-25,43.8700,44.0800,43.4200,43.4400,43.2883,2585410
2018-09-26,43.1100,43.5000,42.9700,42.9800,42.8299,2457880
2018-09-27,43.0500,43.4500,42.6400,43.0400,42.8897,2476995
2018-09-28,42.9100,43.6500,42.8900,43.0800,42.9296,3141008
2018-10-01,43.3800,44.4700,43.2100,43.9800,43.8264,4542495
2018-10-02,44.6500,44.6500,43.8200,44.4000,44.2450,4692591
2018-10-03,44.4100,44.7600,44.2500,44.6100,44.4542,3693797
2018-10-04,44.5900,46.6400,44.5000,45.2800,45.1219,7307704
2018-10-05,45.0700,45.7300,44.1000,44.6200,44.4642,4559567
2018-10-08,44.2100,44.5200,43.5700,44.3400,44.1852,2301599
2018-10-09,44.3700,46.1700,44.1700,45.4500,45.2913,5410271
2018-10-10,45.3900,45.6700,42.8300,42.8700,42.7203,3835141
2018-10-11,42.4600,42.8300,41.5800,41.9000,41.7537,5044019
2018-10-12,42.4800,42.5700,41.1300,41.9100,41.7637,3202955
2018-10-15,42.0500,42.6000,41.5600,42.1800,42.0327,2363375
2018-10-16,42.4800,42.8700,42.3000,42.6500,42.5011,2182822
2018-10-17,42.3700,42.3900,39.8500,41.8700,41.7238,2337756
2018-10-18,41.3300,41.4900,40.5600,40.7500,40.6077,3078943
2018-10-19,40.9300,41.7600,40.3500,40.4000,40.2589,2427256
2018-10-22,40.3000,40.4000,39.3900,40.2700,40.1294,2099573
2018-10-23,39.3300,39.3800,38.3600,38.8200,38.6845,3552314
2018-10-24,39.0300,39.1600,36.8200,36.8500,36.7213,3490442
2018-10-25,37.4600,37.9400,36.7700,37.0100,36.8808,4479227
2018-10-26,32.9900,36.7999,32.6600,35.8900,35.7647,6581557
2018-10-29,36.1200,36.4400,34.7300,35.1100,34.9874,3999775
2018-10-30,35.0900,37.2200,34.5300,37.1300,37.0004,4406990
2018-10-31,37.5800,38.0500,36.7900,36.8000,36.6715,5605498
2018-11-01,37.0000,37.2000,35.7800,36.5100,36.3825,4424148
2018-11-02,36.7900,37.1300,35.8950,36.1100,35.9839,3470174
2018-11-05,36.6800,36.8200,36.1400,36.5300,36.4024,4886856
2018-11-06,36.5900,36.8700,35.7800,36.8700,36.7413,3603922
2018-11-07,37.3400,37.6300,35.5350,36.2100,36.0836,4096714
2018-11-08,36.0400,36.2000,35.5000,35.6800,35.5554,3486299
2018-11-09,35.1500,35.6200,34.8800,35.2600,35.1369,3822683
2018-11-12,35.4800,35.6000,34.1250,34.1400,34.0208,2850213
2018-11-13,34.0000,34.1450,32.8700,32.9100,32.7951,5055671
2018-11-14,33.3600,33.5700,32.0200,32.6600,32.5460,6024135
2018-11-15,32.5400,33.6900,32.4300,33.5000,33.3830,4254739
2018-11-16,33.7000,33.9700,33.1700,33.6500,33.5325,2797317
2018-11-19,33.2500,33.5300,32.3800,32.8100,32.6954,4697974
2018-11-20,32.1700,32.4900,31.6072,31.8200,31.7089,3367327
2018-11-21,32.2000,32.8500,32.1300,32.5500,32.4363,2520466
2018-11-23,31.5200,32.1000,31.3000,31.6200,31.5096,2677111
2018-11-26,31.9900,32.6300,31.9100,32.1900,32.0776,3976245
2018-11-27,32.1300,32.6300,31.8900,31.9800,31.8683,2885426
2018-11-28,32.0200,32.6200,31.6300,32.5900,32.4762,3772854
2018-11-29,32.4600,33.1400,32.4600,32.7300,32.6157,3083152
2018-11-30,32.4300,32.7800,32.0600,32.1100,31.9979,3708644
2018-12-03,33.0000,33.3700,32.4200,32.8800,32.7652,4094080
2018-12-04,32.7800,33.0200,31.5250,31.6800,31.5694,3595340
2018-12-06,30.5900,30.7500,29.7346,30.2700,30.2141,4745154
2018-12-07,31.0000,31.4600,29.8000,29.8100,29.7550,4284468
2018-12-10,29.0600,29.5850,28.5500,29.1600,29.1062,4428785
2018-12-11,29.5700,29.6900,27.9900,28.0700,28.0182,5212215
2018-12-12,28.5300,29.1100,28.3600,28.3600,28.3077,3017676
2018-12-13,28.2200,28.2400,27.3000,27.5000,27.4492,3836046
2018-12-14,27.2100,27.3900,26.5300,26.6800,26.6308,4533294
2018-12-17,26.6400,27.4000,26.2600,26.3500,26.3014,6797189
2018-12-18,26.4400,26.7400,26.2400,26.4500,26.4012,6114792
2018-12-19,26.5100,27.1500,25.8800,26.2100,26.1616,5610510
2018-12-20,25.7300,26.3000,25.1000,25.6500,25.6027,7841431
2018-12-21,25.5800,26.3400,25.0000,25.2400,25.1934,11422750
2018-12-24,25.0500,25.4100,24.4300,24.4300,24.3849,2891742
2018-12-26,24.5000,26.0400,24.2700,26.0400,25.9919,5718063
2018-12-27,25.5900,26.0900,24.9950,26.0900,26.0418,5787751
2018-12-28,26.2400,26.6900,25.6000,25.7700,25.7224,3567706
2018-12-31,25.9000,26.0000,25.0300,25.7000,25.6526,3667713
2019-01-02,25.2700,26.3600,25.1100,25.8600,25.8123,3692938
2019-01-03,26.0000,26.2200,25.2200,25.7000,25.6526,3601703
2019-01-04,26.2500,26.7800,25.9000,26.7300,26.6807,4021937
2019-01-07,26.7600,27.9300,26.5200,27.7300,27.6788,4659349
2019-01-08,28.1900,28.2200,27.5200,27.9600,27.9084,3140726
2019-01-09,28.4400,28.7000,28.0800,28.3700,28.3176,2806199
2019-01-10,28.1100,28.8500,27.8900,28.7600,28.7069,3389217
2019-01-11,28.3900,29.2600,28.3000,29.1100,29.0563,4132371
2019-01-14,28.6100,29.7000,28.5100,29.2500,29.1960,5887993
2019-01-15,29.4900,29.7700,28.9200,29.3100,29.2559,3659596
2019-01-16,29.2800,29.6600,29.0900,29.3600,29.3058,3520212
2019-01-17,29.0800,29.9350,28.8800,29.7900,29.7350,2234544
2019-01-18,30.2700,30.5700,29.6500,30.4500,30.3938,3995071
2019-01-22,30.0200,30.0200,29.4300,29.5400,29.4855,4249766
2019-01-23,29.6800,29.7500,28.6100,28.7400,28.6870,3061027
2019-01-24,28.6700,29.7700,28.6700,29.3800,29.3258,3074336
2019-01-25,29.7000,30.4700,29.7000,30.4400,30.3838,3506602
2019-01-28,29.8600,30.2500,29.6000,29.9500,29.8947,3356632
2019-01-29,30.2400,30.2700,29.7350,29.7800,29.7250,2589087
2019-01-30,30.0000,30.0339,29.2400,29.8900,29.8348,4163321
2019-01-31,30.0800,30.0800,29.1750,29.4800,29.4256,3482717
2019-02-01,29.6600,30.6500,29.5100,29.9100,29.8548,8433804
2019-02-04,29.7500,30.2850,29.5100,30.1500,30.0944,2979001
2019-02-05,30.0700,30.3900,29.9133,30.2000,30.1443,2627794
2019-02-06,30.0200,30.6300,29.9000,30.5800,30.5236,3255868
2019-02-07,32.5600,32.6300,28.3700,28.6400,28.5871,9381200
2019-02-08,28.4000,28.5000,27.7350,28.3500,28.2977,6342907
2019-02-11,28.0600,28.8900,28.0300,28.8300,28.7768,2968593
2019-02-12,29.1600,29.5400,28.7900,28.8100,28.7568,3062899
2019-02-13,28.9000,30.0900,28.8400,29.5100,29.4555,4732670
2019-02-14,29.2600,29.4300,29.0300,29.0300,28.9764,3088531
2019-02-15,29.4700,29.9050,29.3000,29.8100,29.7550,3358396
2019-02-19,29.5600,29.6400,29.0900,29.2300,29.1761,3404655
2019-02-20,29.2200,29.9800,29.2000,29.8100,29.7550,2601703
2019-02-21,29.5600,29.6100,28.5600,28.7600,28.7069,3329980
2019-02-22,29.0400,29.1850,28.4250,28.4800,28.4274,2648446
2019-02-25,28.4000,28.9150,28.4000,28.5500,28.4973,2787697
2019-02-26,28.6200,28.9500,28.4900,28.4900,28.4374,2070103
2019-02-27,28.6200,29.3100,28.4300,28.7200,28.6670,3422809
2019-02-28,28.7600,28.7600,27.5800,28.1400,28.0881,4652953
2019-03-01,28.2500,29.0000,28.2500,28.7900,28.7369,3381015
2019-03-04,29.0500,29.1600,28.1550,28.3600,28.3077,3246103
2019-03-05,28.4100,28.5000,27.7500,28.1800,28.1280,3234754
2019-03-06,28.0300,28.0500,27.2100,27.3100,27.2596,4223507
2019-03-07,27.3100,27.3500,26.4350,26.5800,26.5309,4615603
2019-03-08,26.0400,26.1800,25.6200,25.8700,25.8223,3193028
2019-03-11,26.0200,26.6100,25.9500,26.5000,26.4511,3694824
2019-03-12,26.6600,26.9750,26.5500,26.9300,26.8803,2374738
2019-03-13,27.1800,27.6100,26.7400,27.1000,27.0500,4145203
2019-03-14,27.2200,27.4500,26.9200,27.0400,27.0400,2425704
2019-03-15,26.7500,27.1350,26.4200,26.4800,26.4800,9443803
2019-03-18,26.6600,28.3900,26.6600,28.1200,28.1200,4638263
2019-03-19,28.3800,28.6100,28.0700,28.1600,28.1600,5114965
2019-03-20,28.1200,28.5800,27.8110,28.3700,28.3700,6155449
2019-03-21,28.2600,28.3300,27.6850,27.9000,27.9000,2904009
2019-03-22,27.5500,27.7800,26.6100,26.6300,26.6300,2679208
2019-03-25,26.4400,26.6500,26.0900,26.6300,26.6300,1880215
2019-03-26,27.0000,27.2500,26.5400,26.7800,26.7800,2017868
2019-03-27,26.7200,26.9400,26.2150,26.3100,26.3100,2185610
2019-03-28,26.1600,26.6000,26.0000,26.5000,26.5000,2136763
2019-03-29,26.8900,27.0200,26.3200,26.6400,26.6400,2788391
2019-04-01,26.8000,27.2600,26.6950,27.2400,27.2400,2856149
2019-04-02,27.3000,27.6250,27.0100,27.1600,27.1600,2501624
2019-04-03,27.3500,27.5600,27.0800,27.1750,27.1750,1740846
